Rua,Bairro,Path_Coordinates
Rua do Catete,Catete,"[[-43.177547, -22.932472], [-43.177559, -22.932286], [-43.177591, -22.931846], [-43.177595, -22.931801], [-43.177614, -22.931545], [-43.177619, -22.931481], [-43.177648, -22.931183], [-43.177654, -22.930963], [-43.177659, -22.93085], [-43.177662, -22.930777], [-43.177658, -22.930652], [-43.177662, -22.930572], [-43.17765, -22.930322], [-43.177593, -22.929914], [-43.17754, -22.929772], [-43.177275, -22.929052], [-43.177241, -22.928938], [-43.17722, -22.928869], [-43.177082, -22.92838], [-43.177051, -22.928288], [-43.177029, -22.928215], [-43.176952, -22.928006], [-43.176942, -22.927981], [-43.176867, -22.927752], [-43.176848, -22.927705], [-43.176841, -22.927684], [-43.176794, -22.927569], [-43.176726, -22.927398], [-43.176697, -22.927328], [-43.176615, -22.927021], [-43.176581, -22.926775], [-43.176572, -22.926567], [-43.176563, -22.92636], [-43.17658, -22.926171], [-43.176581, -22.926143], [-43.176586, -22.926029], [-43.176586, -22.925927], [-43.176586, -22.925856], [-43.176591, -22.92573], [-43.176594, -22.925625], [-43.176604, -22.925315], [-43.176642, -22.925155], [-43.176646, -22.925146], [-43.176681, -22.925043], [-43.176751, -22.924871], [-43.176804, -22.924733], [-43.176818, -22.924685], [-43.176869, -22.924536], [-43.17692, -22.924319], [-43.176956, -22.924166], [-43.177023, -22.92378]]"
Rua Voluntários da Pátria,Botafogo,"[[-43.198316, -22.956473], [-43.198151, -22.956327], [-43.198012, -22.95624], [-43.19794, -22.956207], [-43.197372, -22.956006], [-43.197324, -22.955989], [-43.197227, -22.955956], [-43.19695, -22.955856], [-43.196759, -22.955787], [-43.196705, -22.955769], [-43.196606, -22.955734], [-43.196389, -22.955658], [-43.196228, -22.955601], [-43.195785, -22.955446], [-43.19567, -22.955406], [-43.195402, -22.95531], [-43.195354, -22.955295], [-43.195259, -22.955263], [-43.195033, -22.955183], [-43.194997, -22.955169], [-43.194627, -22.955038], [-43.194344, -22.954939], [-43.194047, -22.954834], [-43.193315, -22.954575], [-43.193032, -22.954475], [-43.192981, -22.954457], [-43.192888, -22.954423], [-43.192791, -22.954393], [-43.192738, -22.954375], [-43.192269, -22.954207], [-43.192119, -22.954154], [-43.191618, -22.953975], [-43.191445, -22.953913], [-43.191262, -22.953851], [-43.191087, -22.953791], [-43.191041, -22.953777], [-43.190936, -22.953741], [-43.190672, -22.953647], [-43.190255, -22.953501], [-43.189964, -22.953399], [-43.18992, -22.953384], [-43.189808, -22.953345], [-43.188718, -22.952964], [-43.188611, -22.952931], [-43.188186, -22.952781], [-43.187733, -22.952622], [-43.187528, -22.952556], [-43.187477, -22.952539], [-43.187445, -22.952527], [-43.187375, -22.9525], [-43.187143, -22.952413], [-43.187057, -22.952382], [-43.186693, -22.952254], [-43.186599, -22.95222], [-43.186425, -22.952156], [-43.186132, -22.952049], [-43.185916, -22.951969], [-43.185845, -22.951943], [-43.185765, -22.951913], [-43.185721, -22.951897], [-43.185596, -22.951851], [-43.185536, -22.951829], [-43.18547, -22.951805], [-43.185456, -22.9518], [-43.185272, -22.951732], [-43.184802, -22.951559], [-43.184645, -22.951502], [-43.184541, -22.951463], [-43.184467, -22.951436], [-43.184421, -22.951421], [-43.184371, -22.951399], [-43.184271, -22.951363], [-43.184136, -22.951316], [-43.184106, -22.951302], [-43.183948, -22.951245], [-43.183771, -22.951186], [-43.183331, -22.95104], [-43.182929, -22.950909], [-43.182779, -22.950863], [-43.182582, -22.950803], [-43.182552, -22.950794], [-43.182262, -22.950689], [-43.181857, -22.950542], [-43.181802, -22.950524], [-43.181755, -22.950505], [-43.181669, -22.95047]]"
Rua das Laranjeiras,Laranjeiras,"[[-43.193036, -22.938576], [-43.192867, -22.938558], [-43.192662, -22.938537], [-43.192489, -22.938515], [-43.19224, -22.938489], [-43.191704, -22.938432], [-43.191566, -22.938415], [-43.191317, -22.938392], [-43.191171, -22.938372], [-43.191135, -22.938365], [-43.19104, -22.938334], [-43.190922, -22.938285], [-43.190863, -22.938254], [-43.190723, -22.938176], [-43.190635, -22.938096], [-43.190536, -22.93798], [-43.190485, -22.937912], [-43.19044, -22.937846], [-43.190416, -22.937681], [-43.190375, -22.937499], [-43.190343, -22.937361], [-43.190231, -22.936872], [-43.190219, -22.936818], [-43.190174, -22.936606], [-43.190123, -22.936484], [-43.190086, -22.936427], [-43.190072, -22.936399], [-43.190018, -22.936312], [-43.19, -22.936278], [-43.189927, -22.936183], [-43.189567, -22.935763], [-43.189404, -22.935596], [-43.189357, -22.935561], [-43.189014, -22.935361], [-43.188964, -22.93533], [-43.188932, -22.935312], [-43.188828, -22.935257], [-43.188709, -22.935193], [-43.188667, -22.935173], [-43.188606, -22.935141], [-43.188577, -22.935126], [-43.188443, -22.935057], [-43.188424, -22.93505], [-43.188366, -22.935019], [-43.188334, -22.935002], [-43.188055, -22.934837], [-43.187849, -22.934716], [-43.187625, -22.93457], [-43.18761, -22.934561], [-43.18751, -22.934494], [-43.187431, -22.934443]]"
Rua Visconde de Pirajá,Ipanema,"[[-43.213463, -22.983792], [-43.21326, -22.983801], [-43.211469, -22.983882], [-43.211327, -22.983889], [-43.21118, -22.983896], [-43.210421, -22.983932], [-43.209356, -22.984003], [-43.209218, -22.984011], [-43.209078, -22.98402], [-43.207232, -22.984119], [-43.207085, -22.984127], [-43.206956, -22.984123], [-43.206014, -22.98419], [-43.205105, -22.984228], [-43.20497, -22.984236], [-43.204822, -22.984245], [-43.204048, -22.984294], [-43.20302, -22.984341], [-43.202965, -22.984344], [-43.202855, -22.98435], [-43.202722, -22.98436], [-43.201281, -22.984432], [-43.200919, -22.98445], [-43.200733, -22.984452], [-43.20065, -22.984457], [-43.200609, -22.984459], [-43.200375, -22.984474], [-43.199728, -22.984516], [-43.19884, -22.984578], [-43.19879, -22.984581], [-43.19862, -22.984588], [-43.198513, -22.984594], [-43.198446, -22.984596], [-43.197779, -22.984631], [-43.197257, -22.984658], [-43.19711, -22.984665], [-43.197055, -22.984669], [-43.196868, -22.984677], [-43.196755, -22.984681], [-43.195407, -22.984756], [-43.195328, -22.984758], [-43.19527, -22.984751], [-43.195231, -22.984743]]"
Rua Barata Ribeiro,Copacabana,"[[-43.175851, -22.962165], [-43.175884, -22.962213], [-43.175911, -22.962238], [-43.17596, -22.96227], [-43.176052, -22.962325], [-43.176624, -22.962679], [-43.176776, -22.962768], [-43.177259, -22.963101], [-43.177712, -22.963382], [-43.177819, -22.96345], [-43.177887, -22.963496], [-43.177913, -22.963516], [-43.178251, -22.963741], [-43.178677, -22.964024], [-43.178747, -22.96407], [-43.179595, -22.964623], [-43.179655, -22.964663], [-43.179825, -22.964783], [-43.18, -22.964891], [-43.180212, -22.965027], [-43.180772, -22.965386], [-43.180849, -22.965436], [-43.181146, -22.965638], [-43.181612, -22.965954], [-43.181674, -22.965996], [-43.182528, -22.966552], [-43.182628, -22.966618], [-43.183479, -22.967173], [-43.183575, -22.967235], [-43.18429, -22.967702], [-43.184379, -22.967759], [-43.184825, -22.968051], [-43.185164, -22.968272], [-43.185244, -22.968324], [-43.185361, -22.968396], [-43.186029, -22.968817], [-43.186678, -22.969226], [-43.186791, -22.969295], [-43.186838, -22.969326], [-43.186923, -22.969382], [-43.187331, -22.969652], [-43.187521, -22.969775], [-43.188231, -22.970255], [-43.188287, -22.970298], [-43.188617, -22.970634], [-43.189211, -22.971239], [-43.189272, -22.971302], [-43.189946, -22.971995], [-43.190029, -22.97208], [-43.19067, -22.972757], [-43.190759, -22.972848], [-43.190822, -22.972914], [-43.190902, -22.973046], [-43.191051, -22.973344], [-43.19117, -22.973583], [-43.191515, -22.974243], [-43.191542, -22.974295], [-43.192244, -22.975631], [-43.192282, -22.975704], [-43.192467, -22.976332], [-43.192497, -22.976436], [-43.192741, -22.977345], [-43.192773, -22.977453], [-43.192834, -22.977677], [-43.192862, -22.977777], [-43.192905, -22.977933]]"
Avenida Nossa Senhora de Copacabana,Copacabana,"[[-43.189798, -22.986673], [-43.189802, -22.986627], [-43.189836, -22.98651], [-43.189961, -22.986086], [-43.190037, -22.985835], [-43.190081, -22.985685], [-43.19012, -22.985556], [-43.190261, -22.985084], [-43.190293, -22.984981], [-43.190343, -22.984812], [-43.190383, -22.984679], [-43.190557, -22.984101], [-43.190602, -22.983951], [-43.190657, -22.983782], [-43.190853, -22.983117], [-43.190896, -22.982971], [-43.190938, -22.982831], [-43.190976, -22.982674], [-43.191054, -22.982276], [-43.191105, -22.981963], [-43.191132, -22.981782], [-43.191137, -22.981654], [-43.1911, -22.980984], [-43.191091, -22.980819], [-43.191083, -22.980656], [-43.191048, -22.97992], [-43.191026, -22.979674], [-43.190979, -22.979429], [-43.190944, -22.979272], [-43.190878, -22.978992], [-43.190837, -22.978839], [-43.190805, -22.978716], [-43.190642, -22.978096], [-43.190603, -22.977949], [-43.19036, -22.977075], [-43.190318, -22.976927], [-43.190284, -22.976799], [-43.19009, -22.976085], [-43.190029, -22.975883], [-43.189948, -22.97572], [-43.189575, -22.975053], [-43.189492, -22.974913], [-43.189461, -22.974863], [-43.189416, -22.974793], [-43.189005, -22.974162], [-43.188909, -22.974017], [-43.188846, -22.973925], [-43.188476, -22.973329], [-43.188427, -22.97325], [-43.187956, -22.97252], [-43.187576, -22.971939], [-43.187481, -22.971798], [-43.187418, -22.971711], [-43.187351, -22.97163], [-43.187233, -22.9715], [-43.187117, -22.971376], [-43.187024, -22.971275], [-43.186902, -22.971154], [-43.186828, -22.971081], [-43.186445, -22.970703], [-43.186116, -22.970392], [-43.186029, -22.970295], [-43.185985, -22.970249], [-43.18589, -22.970173], [-43.184768, -22.969255], [-43.184711, -22.969208], [-43.184619, -22.969133], [-43.184485, -22.969047], [-43.184006, -22.96874], [-43.183851, -22.96864], [-43.183772, -22.968586], [-43.183641, -22.968505], [-43.183061, -22.968133], [-43.182908, -22.968034], [-43.182766, -22.967944], [-43.182102, -22.967517], [-43.181959, -22.967425], [-43.181818, -22.967334], [-43.181672, -22.967241], [-43.181568, -22.967203], [-43.181456, -22.967183], [-43.180576, -22.967157], [-43.180443, -22.967133], [-43.18032, -22.967088], [-43.178958, -22.966339], [-43.178809, -22.966257], [-43.17868, -22.966186], [-43.177961, -22.96579], [-43.177797, -22.965699], [-43.177691, -22.965643], [-43.176988, -22.965235], [-43.176947, -22.965213], [-43.176821, -22.965152], [-43.176736, -22.965111], [-43.176694, -22.965091], [-43.17595, -22.964759], [-43.175913, -22.964744], [-43.175784, -22.964691], [-43.175687, -22.964646], [-43.175659, -22.964633], [-43.174956, -22.964321], [-43.174906, -22.964301], [-43.174823, -22.964266], [-43.174389, -22.964081], [-43.174324, -22.964054], [-43.17422, -22.964009], [-43.174087, -22.963956], [-43.173909, -22.963872], [-43.173744, -22.963801], [-43.173221, -22.963583], [-43.173139, -22.963547], [-43.173043, -22.963507]]"
Praia de Botafogo,Botafogo,"[[-43.182113, -22.948528], [-43.182172, -22.948338], [-43.182233, -22.948086], [-43.182293, -22.947767], [-43.182294, -22.947725], [-43.18229, -22.94755], [-43.182312, -22.94691], [-43.182301, -22.946614], [-43.18227, -22.946148], [-43.182268, -22.946094], [-43.182264, -22.946008], [-43.182248, -22.945859], [-43.182155, -22.945345], [-43.181903, -22.94468], [-43.181773, -22.944358], [-43.181536, -22.943927], [-43.181422, -22.943735], [-43.181159, -22.94334], [-43.181046, -22.943239], [-43.180843, -22.942997], [-43.180636, -22.942781], [-43.180515, -22.94265], [-43.180315, -22.942462], [-43.180043, -22.942238], [-43.179978, -22.942182], [-43.179706, -22.94201], [-43.179662, -22.941988], [-43.179547, -22.941932], [-43.179522, -22.941922], [-43.179399, -22.941873], [-43.17931, -22.941842], [-43.179126, -22.941796], [-43.178942, -22.941761], [-43.178815, -22.941735], [-43.178706, -22.94172], [-43.178529, -22.941722], [-43.178268, -22.941752], [-43.177994, -22.941804], [-43.177908, -22.941809], [-43.177808, -22.941803], [-43.177726, -22.941783], [-43.177666, -22.941761], [-43.177587, -22.941717], [-43.177525, -22.941665], [-43.177483, -22.941601], [-43.177455, -22.941529], [-43.177454, -22.941443], [-43.177506, -22.941195], [-43.177516, -22.941141], [-43.177543, -22.94097]]"
Avenida Atlântica,Copacabana,"[[-43.188811, -22.986296], [-43.188784, -22.986203], [-43.188775, -22.98613], [-43.188786, -22.98603], [-43.188883, -22.985723], [-43.188921, -22.985592], [-43.189006, -22.985341], [-43.189227, -22.984649], [-43.189265, -22.984536], [-43.189292, -22.984449], [-43.189307, -22.984392], [-43.189446, -22.983931], [-43.189527, -22.983636], [-43.189579, -22.983376], [-43.189603, -22.983233], [-43.189646, -22.982892], [-43.189661, -22.982701], [-43.189674, -22.982489], [-43.189676, -22.982306], [-43.189673, -22.982117], [-43.18967, -22.981894], [-43.189659, -22.981799], [-43.189622, -22.981422], [-43.189595, -22.981237], [-43.189531, -22.980899], [-43.189483, -22.980674], [-43.189369, -22.980185], [-43.189285, -22.979866], [-43.189143, -22.979348], [-43.188864, -22.978535], [-43.188793, -22.978332], [-43.188618, -22.977894], [-43.188558, -22.977736], [-43.188477, -22.977557], [-43.188357, -22.977288], [-43.188315, -22.97719], [-43.187943, -22.976453], [-43.187703, -22.976037], [-43.18723, -22.975229], [-43.187203, -22.975192], [-43.187108, -22.975041], [-43.186889, -22.974717], [-43.186428, -22.974076], [-43.185761, -22.973247], [-43.185663, -22.973134], [-43.18536, -22.972789], [-43.1849, -22.972301], [-43.18454, -22.971962], [-43.184493, -22.971915], [-43.184412, -22.971834], [-43.184383, -22.971807], [-43.184004, -22.971462], [-43.183599, -22.971117], [-43.18342, -22.970971], [-43.183371, -22.970936], [-43.183198, -22.97081], [-43.183034, -22.970675], [-43.182403, -22.970197], [-43.181413, -22.969524], [-43.180593, -22.968992], [-43.180502, -22.968935], [-43.180465, -22.968909], [-43.179881, -22.968551], [-43.179301, -22.968205], [-43.178704, -22.967856], [-43.178276, -22.967613], [-43.178222, -22.967584], [-43.177958, -22.967441], [-43.176519, -22.966673], [-43.175882, -22.966351], [-43.174391, -22.965659], [-43.174344, -22.965639], [-43.174043, -22.9655], [-43.173564, -22.965278], [-43.173426, -22.965228], [-43.173336, -22.965189], [-43.173237, -22.965139], [-43.173046, -22.96506], [-43.173033, -22.965055], [-43.172999, -22.965041], [-43.172235, -22.964704], [-43.17164, -22.964455], [-43.171228, -22.964282], [-43.169733, -22.963665], [-43.169452, -22.963564], [-43.168264, -22.963098], [-43.167726, -22.962895], [-43.16737, -22.962779], [-43.167209, -22.962733], [-43.166772, -22.962635], [-43.166696, -22.962617], [-43.166624, -22.962601], [-43.166491, -22.962572], [-43.166461, -22.962566], [-43.165936, -22.962493], [-43.16543, -22.962455], [-43.165381, -22.962443], [-43.165346, -22.962423], [-43.165324, -22.962394], [-43.165312, -22.962339], [-43.165323, -22.962225], [-43.165523, -22.962237], [-43.165973, -22.962271], [-43.166407, -22.962333], [-43.166484, -22.962343], [-43.166741, -22.962382], [-43.166935, -22.962419], [-43.167361, -22.962534], [-43.167613, -22.962608], [-43.168123, -22.962795], [-43.169564, -22.963362], [-43.169782, -22.963444], [-43.170819, -22.963874], [-43.171086, -22.963986], [-43.171426, -22.964129], [-43.171675, -22.964236], [-43.171767, -22.964275], [-43.171889, -22.964328], [-43.172275, -22.964486], [-43.172545, -22.964604]]"
Rua Marquês de Abrantes,Botafogo,"[[-43.17759, -22.932904], [-43.177535, -22.932993], [-43.177459, -22.933104], [-43.177411, -22.933204], [-43.17738, -22.933269], [-43.177372, -22.933307], [-43.177363, -22.933353], [-43.17734, -22.933575], [-43.1773, -22.933936], [-43.177261, -22.934276], [-43.177248, -22.934403], [-43.177235, -22.934503], [-43.177208, -22.934964], [-43.1772, -22.935093], [-43.177191, -22.93526], [-43.177186, -22.935307], [-43.177182, -22.935472], [-43.177184, -22.935582], [-43.177196, -22.935753], [-43.177266, -22.936126], [-43.177436, -22.936751], [-43.177443, -22.936778], [-43.177594, -22.937394], [-43.177605, -22.937434], [-43.177765, -22.937913], [-43.177909, -22.938428], [-43.177985, -22.938655], [-43.178174, -22.939222], [-43.178459, -22.940171], [-43.178684, -22.940891], [-43.178699, -22.940932], [-43.178763, -22.941124]]"
Rua Marquês de Abrantes,Flamengo,"[[-43.17759, -22.932904], [-43.177535, -22.932993], [-43.177459, -22.933104], [-43.177411, -22.933204], [-43.17738, -22.933269], [-43.177372, -22.933307], [-43.177363, -22.933353], [-43.17734, -22.933575], [-43.1773, -22.933936], [-43.177261, -22.934276], [-43.177248, -22.934403], [-43.177235, -22.934503], [-43.177208, -22.934964], [-43.1772, -22.935093], [-43.177191, -22.93526], [-43.177186, -22.935307], [-43.177182, -22.935472], [-43.177184, -22.935582], [-43.177196, -22.935753], [-43.177266, -22.936126], [-43.177436, -22.936751], [-43.177443, -22.936778], [-43.177594, -22.937394], [-43.177605, -22.937434], [-43.177765, -22.937913], [-43.177909, -22.938428], [-43.177985, -22.938655], [-43.178174, -22.939222], [-43.178459, -22.940171], [-43.178684, -22.940891], [-43.178699, -22.940932], [-43.178763, -22.941124]]"
Rua Humaitá,Humaitá,"[[-43.19642, -22.952657], [-43.196513, -22.952812], [-43.196873, -22.953514], [-43.19692, -22.953605], [-43.196973, -22.953715], [-43.197116, -22.953994], [-43.197344, -22.954456], [-43.197442, -22.954604], [-43.197521, -22.954712], [-43.197765, -22.955058], [-43.197878, -22.955227], [-43.198018, -22.955447], [-43.198135, -22.955688], [-43.198185, -22.955846], [-43.198271, -22.956016], [-43.198448, -22.956361], [-43.198562, -22.956565], [-43.198636, -22.956715], [-43.198679, -22.956803], [-43.198724, -22.956866], [-43.198999, -22.957251], [-43.199121, -22.957425], [-43.199206, -22.957545], [-43.199343, -22.957731], [-43.19965, -22.958172], [-43.200049, -22.95872], [-43.200118, -22.958771], [-43.200207, -22.958831], [-43.200261, -22.958867], [-43.200594, -22.95903], [-43.200642, -22.959053], [-43.200843, -22.95915], [-43.20234, -22.959881], [-43.202591, -22.959991], [-43.202672, -22.960027], [-43.202844, -22.960079], [-43.203014, -22.96012], [-43.203351, -22.960187]]"
Rua Senador Vergueiro,Flamengo,"[[-43.177543, -22.94097], [-43.177487, -22.940867], [-43.177408, -22.940728], [-43.177387, -22.940697], [-43.176985, -22.940074], [-43.176891, -22.939823], [-43.176691, -22.939331], [-43.176603, -22.939052], [-43.176529, -22.938764], [-43.176453, -22.93855], [-43.176428, -22.93847], [-43.176398, -22.938408], [-43.176374, -22.938353], [-43.175728, -22.936873], [-43.175708, -22.936827], [-43.175616, -22.936606], [-43.175318, -22.935768], [-43.175213, -22.935473], [-43.175199, -22.935433], [-43.175196, -22.935423], [-43.175171, -22.935339], [-43.175105, -22.935107], [-43.175083, -22.935029], [-43.175115, -22.934952], [-43.175177, -22.934852], [-43.175374, -22.934691], [-43.175851, -22.9343], [-43.176077, -22.934087], [-43.176126, -22.93404], [-43.176175, -22.933992], [-43.1765, -22.933691], [-43.176745, -22.933463], [-43.17694, -22.933283], [-43.176962, -22.933262], [-43.177011, -22.933216], [-43.177043, -22.933185], [-43.17706, -22.933169], [-43.177213, -22.933024], [-43.177301, -22.932935]]"
Largo do Machado,Catete,"[[-43.17765, -22.930322], [-43.177716, -22.930323], [-43.177928, -22.930325], [-43.178058, -22.930351], [-43.178587, -22.930502], [-43.178811, -22.930566], [-43.179077, -22.930645], [-43.179173, -22.93068], [-43.179397, -22.930771], [-43.179426, -22.930785], [-43.179463, -22.930797], [-43.179497, -22.930808], [-43.17947, -22.930896], [-43.179361, -22.931185], [-43.179351, -22.931216], [-43.179345, -22.931254], [-43.179343, -22.93128], [-43.179341, -22.931303], [-43.179344, -22.931342], [-43.179351, -22.931404], [-43.179224, -22.931355], [-43.179171, -22.931339], [-43.17911, -22.931321], [-43.178912, -22.931258], [-43.178718, -22.931189], [-43.178623, -22.931159], [-43.178577, -22.931141], [-43.178359, -22.931068], [-43.178227, -22.931028], [-43.177968, -22.930948], [-43.177886, -22.930956], [-43.177808, -22.930993], [-43.177648, -22.931183]]"
Avenida Prado Júnior,Copacabana,"[[-43.175231, -22.963417], [-43.174905, -22.964103], [-43.174823, -22.964266], [-43.174746, -22.964425], [-43.174437, -22.965037], [-43.17435, -22.965218], [-43.174268, -22.965353], [-43.174206, -22.965421], [-43.174138, -22.965462], [-43.174043, -22.9655]]"
Rua Siqueira Campos,Copacabana,"[[-43.186545, -22.966752], [-43.186478, -22.966799], [-43.186454, -22.966819], [-43.18644, -22.966834], [-43.186423, -22.966853], [-43.18628, -22.967034], [-43.186256, -22.967062], [-43.186195, -22.967138], [-43.186028, -22.967345], [-43.18581, -22.967615], [-43.185491, -22.968021], [-43.185328, -22.968217], [-43.185244, -22.968324], [-43.185137, -22.968462], [-43.185096, -22.968515], [-43.184975, -22.968672], [-43.184729, -22.968991], [-43.184619, -22.969133], [-43.18452, -22.969258], [-43.184297, -22.969535], [-43.184128, -22.969746], [-43.183994, -22.96992], [-43.183479, -22.970546], [-43.183393, -22.970646], [-43.183302, -22.970751], [-43.183263, -22.970787], [-43.183226, -22.970803], [-43.183198, -22.97081]]"
Avenida Ataulfo de Paiva,Leblon,"[[-43.22951, -22.986614], [-43.229302, -22.986524], [-43.229273, -22.986511], [-43.229104, -22.986434], [-43.228859, -22.986321], [-43.228743, -22.986268], [-43.228265, -22.986057], [-43.228134, -22.985999], [-43.228039, -22.985957], [-43.227386, -22.985675], [-43.227291, -22.985634], [-43.227222, -22.985606], [-43.226641, -22.985374], [-43.22655, -22.985338], [-43.226482, -22.985316], [-43.226071, -22.985184], [-43.225878, -22.985122], [-43.225786, -22.985092], [-43.225717, -22.985069], [-43.225131, -22.984874], [-43.225026, -22.984839], [-43.22495, -22.984818], [-43.224719, -22.984754], [-43.224386, -22.984662], [-43.224161, -22.984607], [-43.224063, -22.984582], [-43.223995, -22.984567], [-43.223611, -22.984482], [-43.223492, -22.984455], [-43.22328, -22.984414], [-43.223121, -22.984383], [-43.223014, -22.984359], [-43.222386, -22.984222], [-43.222303, -22.984203], [-43.222217, -22.984187], [-43.221605, -22.984069], [-43.221526, -22.984054], [-43.221439, -22.98404], [-43.221022, -22.983973], [-43.220802, -22.983937], [-43.220712, -22.983923], [-43.22064, -22.983915], [-43.220407, -22.983889], [-43.220001, -22.983856], [-43.219917, -22.98385], [-43.219838, -22.983842], [-43.218935, -22.983751], [-43.218851, -22.983743], [-43.218765, -22.983738], [-43.217977, -22.983697], [-43.217791, -22.98369], [-43.217589, -22.983686], [-43.217028, -22.983674], [-43.21692, -22.983673], [-43.216844, -22.983673], [-43.216544, -22.983678], [-43.216318, -22.983679], [-43.216127, -22.98368], [-43.215872, -22.983682], [-43.215709, -22.983684]]"
Rua Pacheco Leão,Jardim Botânico,"[[-43.231403, -22.966791], [-43.231783, -22.966724], [-43.232107, -22.966682], [-43.232522, -22.966607], [-43.233041, -22.966474], [-43.233154, -22.966461], [-43.23323, -22.96647], [-43.233314, -22.966502], [-43.233573, -22.966589], [-43.233716, -22.966613], [-43.233958, -22.966624], [-43.234111, -22.966618], [-43.235033, -22.966571], [-43.235357, -22.966567], [-43.23547, -22.966565], [-43.235601, -22.966637], [-43.235657, -22.966668], [-43.235785, -22.966738], [-43.236105, -22.966933], [-43.236313, -22.96705], [-43.236524, -22.967161], [-43.236667, -22.967219], [-43.236774, -22.967248], [-43.236872, -22.967263], [-43.237014, -22.967263], [-43.237482, -22.967238], [-43.237702, -22.967231], [-43.237949, -22.967223], [-43.238084, -22.967226], [-43.238336, -22.967261], [-43.238453, -22.967295], [-43.238561, -22.967333], [-43.238786, -22.967412], [-43.239174, -22.967552]]"
Rua Jardim Botânico,Jardim Botânico,"[[-43.204512, -22.960324], [-43.204945, -22.960395], [-43.205039, -22.960401], [-43.205667, -22.96046], [-43.206043, -22.9605], [-43.206179, -22.96052], [-43.206387, -22.960549], [-43.206487, -22.960563], [-43.206987, -22.960627], [-43.207059, -22.960636], [-43.20732, -22.960667], [-43.207825, -22.960726], [-43.207927, -22.960738], [-43.208077, -22.960756], [-43.20834, -22.960787], [-43.208535, -22.96081], [-43.208586, -22.960816], [-43.20874, -22.960835], [-43.208771, -22.960839], [-43.209446, -22.960919], [-43.210104, -22.960997], [-43.210955, -22.961094], [-43.211523, -22.961152], [-43.212571, -22.961251], [-43.212696, -22.961262], [-43.212725, -22.961265], [-43.213096, -22.961303], [-43.213614, -22.961352], [-43.213874, -22.961388], [-43.214218, -22.961468], [-43.214443, -22.961556], [-43.214849, -22.961721], [-43.215137, -22.961902], [-43.215392, -22.962082], [-43.215695, -22.962358], [-43.21573, -22.962392], [-43.215791, -22.962452], [-43.215878, -22.962545], [-43.215939, -22.962612], [-43.216336, -22.96303], [-43.216656, -22.963373], [-43.216714, -22.963431], [-43.216903, -22.963615], [-43.216942, -22.963654], [-43.216981, -22.96369], [-43.21701, -22.963717], [-43.217416, -22.964147], [-43.217431, -22.964162], [-43.217494, -22.964225], [-43.217523, -22.964252], [-43.217782, -22.964531], [-43.217829, -22.964582], [-43.217904, -22.964658], [-43.218012, -22.964778], [-43.218324, -22.965126], [-43.218367, -22.965176], [-43.218411, -22.965228], [-43.218445, -22.965265], [-43.218536, -22.965369], [-43.218565, -22.965409], [-43.21863, -22.965487], [-43.218661, -22.965525], [-43.219159, -22.966143], [-43.219258, -22.966267], [-43.219276, -22.966291], [-43.21929, -22.96631], [-43.219414, -22.966464], [-43.21947, -22.966539], [-43.219507, -22.966583], [-43.219561, -22.966648], [-43.221827, -22.969322], [-43.222611, -22.970269], [-43.22274, -22.970425], [-43.222837, -22.970543], [-43.223075, -22.970829], [-43.223162, -22.970926], [-43.223847, -22.97172], [-43.224027, -22.971916], [-43.224281, -22.97222], [-43.224478, -22.97243], [-43.224567, -22.972521]]"
Rua Teixeira de Melo,Ipanema,"[[-43.198721, -22.986785], [-43.198743, -22.986724], [-43.198754, -22.986663], [-43.198752, -22.986618], [-43.198686, -22.985791], [-43.198677, -22.985665], [-43.198663, -22.985502], [-43.198633, -22.98494], [-43.198626, -22.984784], [-43.198625, -22.984738], [-43.19862, -22.984588], [-43.198607, -22.984476], [-43.198605, -22.984442], [-43.198542, -22.983609], [-43.198539, -22.983567], [-43.198535, -22.983493]]"
Ciclofaixa Rua das Laranjeiras,Laranjeiras,"[[-43.190057, -22.936539], [-43.18995, -22.936328], [-43.18964, -22.935959], [-43.189334, -22.935636], [-43.189216, -22.935561], [-43.188993, -22.935451], [-43.188955, -22.93544], [-43.188904, -22.935462], [-43.18886, -22.935487], [-43.188796, -22.935483], [-43.188676, -22.935424], [-43.188644, -22.935397], [-43.188609, -22.935363], [-43.188582, -22.935336], [-43.18859, -22.935308], [-43.188581, -22.935289]]"
Rua São Clemente,Botafogo,"[[-43.18249, -22.949096], [-43.18253, -22.94911], [-43.182576, -22.949119], [-43.182656, -22.949129], [-43.182739, -22.949136], [-43.183202, -22.949189], [-43.18342, -22.949214], [-43.183595, -22.949233], [-43.183608, -22.949234], [-43.183759, -22.94925], [-43.183825, -22.949257], [-43.18405, -22.949281], [-43.184104, -22.949285], [-43.184241, -22.9493], [-43.184727, -22.949358], [-43.184761, -22.949361], [-43.184886, -22.949367], [-43.184918, -22.949369], [-43.185116, -22.949381], [-43.185137, -22.949382], [-43.185417, -22.949405], [-43.185564, -22.949417], [-43.185635, -22.949423], [-43.185641, -22.949423], [-43.185692, -22.949425], [-43.185781, -22.949429], [-43.186076, -22.949447], [-43.186157, -22.949453], [-43.18619, -22.949455], [-43.186367, -22.949462], [-43.186397, -22.949464], [-43.186623, -22.949477], [-43.186671, -22.949479], [-43.186765, -22.949482], [-43.186971, -22.949489], [-43.187119, -22.9495], [-43.187248, -22.949509], [-43.1873, -22.949509], [-43.187377, -22.949509], [-43.187395, -22.949509], [-43.187665, -22.949513], [-43.187774, -22.949515], [-43.187927, -22.949515], [-43.188252, -22.949524], [-43.188689, -22.949536], [-43.188766, -22.949541], [-43.188854, -22.949551], [-43.189195, -22.949624], [-43.189279, -22.949642], [-43.189515, -22.949692], [-43.189761, -22.949745], [-43.189793, -22.949752], [-43.189843, -22.949764], [-43.189904, -22.94978], [-43.189981, -22.949799], [-43.190111, -22.949831], [-43.190232, -22.949861], [-43.19028, -22.949873], [-43.190388, -22.949899], [-43.190564, -22.949937], [-43.19063, -22.949951], [-43.190727, -22.949972], [-43.190885, -22.950006], [-43.190968, -22.950027], [-43.191063, -22.950051], [-43.191923, -22.950278], [-43.191997, -22.950298], [-43.192035, -22.950308], [-43.192262, -22.950365], [-43.19254, -22.950447], [-43.192641, -22.950473], [-43.192684, -22.950481], [-43.192806, -22.950505], [-43.19287, -22.950525], [-43.192949, -22.950551], [-43.193329, -22.950737], [-43.193525, -22.950834], [-43.193568, -22.950854], [-43.193621, -22.95088], [-43.193782, -22.950955], [-43.194055, -22.951095], [-43.194222, -22.951182], [-43.194467, -22.951306], [-43.194498, -22.951321], [-43.194665, -22.951405], [-43.19477, -22.951462], [-43.194825, -22.951491], [-43.194914, -22.951539], [-43.194949, -22.951558], [-43.194995, -22.951582], [-43.195045, -22.951612], [-43.195258, -22.951746], [-43.19531, -22.951778], [-43.195377, -22.951821], [-43.195412, -22.951845], [-43.195499, -22.951906], [-43.195548, -22.951941], [-43.195583, -22.95197], [-43.195741, -22.952077], [-43.195844, -22.952156], [-43.196019, -22.95229], [-43.196225, -22.952448], [-43.196269, -22.952482], [-43.196313, -22.952516], [-43.196371, -22.952576], [-43.196408, -22.952624], [-43.19642, -22.952657]]"
Avenida Vieira Souto,Ipanema,"[[-43.215042, -22.986232], [-43.21428, -22.98614], [-43.214065, -22.986123], [-43.213817, -22.986118], [-43.213487, -22.986129], [-43.211659, -22.986221], [-43.211399, -22.986235], [-43.211195, -22.986247], [-43.209433, -22.986342], [-43.209298, -22.986348], [-43.207309, -22.98645], [-43.207161, -22.986459], [-43.205712, -22.986531], [-43.205061, -22.986572], [-43.2036, -22.986653], [-43.202934, -22.986685], [-43.20078, -22.986798], [-43.200608, -22.986808], [-43.199186, -22.986882], [-43.198844, -22.986896], [-43.197974, -22.986947], [-43.197873, -22.986961], [-43.197802, -22.986978], [-43.196177, -22.987474], [-43.196013, -22.987523], [-43.195867, -22.987564], [-43.1949, -22.987852], [-43.194803, -22.987867], [-43.194718, -22.987869], [-43.194586, -22.987863], [-43.194611, -22.987834], [-43.194638, -22.987812], [-43.194659, -22.987803], [-43.19484, -22.987744], [-43.195873, -22.987435], [-43.195919, -22.987421], [-43.195979, -22.9874], [-43.196171, -22.987345], [-43.196384, -22.98728], [-43.197464, -22.986951], [-43.197696, -22.986882], [-43.197776, -22.986859], [-43.197873, -22.986839], [-43.197948, -22.986826], [-43.197971, -22.986825], [-43.198495, -22.986798], [-43.19865, -22.98679], [-43.198721, -22.986785], [-43.198837, -22.986779], [-43.198998, -22.98677], [-43.199532, -22.98674], [-43.199692, -22.986731], [-43.200049, -22.986716], [-43.20013, -22.986713], [-43.200178, -22.98671], [-43.200776, -22.986676], [-43.200876, -22.986671], [-43.201066, -22.986662], [-43.201331, -22.986649], [-43.201673, -22.986632], [-43.201921, -22.986619], [-43.202926, -22.986562], [-43.20305, -22.986556], [-43.204192, -22.986496], [-43.204513, -22.986478], [-43.205056, -22.986449], [-43.205154, -22.986445], [-43.206206, -22.986389], [-43.206431, -22.986377], [-43.207087, -22.986343], [-43.207223, -22.986336], [-43.207303, -22.986331], [-43.209179, -22.986233], [-43.20934, -22.986224], [-43.209426, -22.98622], [-43.210143, -22.986179], [-43.210478, -22.98616], [-43.210655, -22.98615], [-43.210964, -22.986134], [-43.211392, -22.986112], [-43.211466, -22.986109], [-43.211653, -22.986101], [-43.211887, -22.986089], [-43.211915, -22.986087], [-43.212291, -22.986067], [-43.213478, -22.986005], [-43.213576, -22.985999], [-43.213822, -22.985996], [-43.213959, -22.986], [-43.214125, -22.986004], [-43.214348, -22.986028], [-43.215052, -22.986107], [-43.215168, -22.986117]]"
Rua Prudente de Morais,Ipanema,"[[-43.197451, -22.985733], [-43.198484, -22.985681], [-43.198548, -22.985677], [-43.198677, -22.985665], [-43.198822, -22.985655], [-43.199462, -22.985628], [-43.199581, -22.985622], [-43.199701, -22.985615], [-43.200694, -22.985564], [-43.200807, -22.985559], [-43.202832, -22.985425], [-43.202918, -22.985423], [-43.203328, -22.985404], [-43.203457, -22.985398], [-43.20353, -22.985395], [-43.20365, -22.985388], [-43.204103, -22.985367], [-43.20416, -22.985364], [-43.204233, -22.985361], [-43.204399, -22.985353], [-43.204454, -22.98535], [-43.204588, -22.985344], [-43.204749, -22.985336], [-43.20494, -22.985328], [-43.205036, -22.985321], [-43.206361, -22.98525], [-43.207059, -22.985215], [-43.207163, -22.98521], [-43.208277, -22.985151], [-43.209178, -22.985101], [-43.209282, -22.985094], [-43.211321, -22.984977], [-43.211394, -22.984973], [-43.212092, -22.984936], [-43.212269, -22.984926], [-43.212416, -22.984918], [-43.212935, -22.984891], [-43.213317, -22.98487], [-43.2134, -22.984866], [-43.213538, -22.984863], [-43.214282, -22.984831], [-43.214775, -22.984796], [-43.214895, -22.984788], [-43.215046, -22.984777]]"
Rua Dois de Dezembro,Catete,"[[-43.179383, -22.929156], [-43.179325, -22.929196], [-43.17834, -22.929531], [-43.177734, -22.929737], [-43.17754, -22.929772], [-43.177321, -22.929803], [-43.176649, -22.9299], [-43.176229, -22.929961], [-43.175805, -22.930022], [-43.175098, -22.930104], [-43.175052, -22.930109], [-43.17457, -22.930165], [-43.174417, -22.930183], [-43.174232, -22.930205], [-43.174107, -22.930219]]"
Rua Senador Vergueiro,Botafogo,"[[-43.177543, -22.94097], [-43.177487, -22.940867], [-43.177408, -22.940728], [-43.177387, -22.940697], [-43.176985, -22.940074], [-43.176891, -22.939823], [-43.176691, -22.939331], [-43.176603, -22.939052], [-43.176529, -22.938764], [-43.176453, -22.93855], [-43.176428, -22.93847], [-43.176398, -22.938408], [-43.176374, -22.938353], [-43.175728, -22.936873], [-43.175708, -22.936827], [-43.175616, -22.936606], [-43.175318, -22.935768], [-43.175213, -22.935473], [-43.175199, -22.935433], [-43.175196, -22.935423], [-43.175171, -22.935339], [-43.175105, -22.935107], [-43.175083, -22.935029], [-43.175115, -22.934952], [-43.175177, -22.934852], [-43.175374, -22.934691], [-43.175851, -22.9343], [-43.176077, -22.934087], [-43.176126, -22.93404], [-43.176175, -22.933992], [-43.1765, -22.933691], [-43.176745, -22.933463], [-43.17694, -22.933283], [-43.176962, -22.933262], [-43.177011, -22.933216], [-43.177043, -22.933185], [-43.17706, -22.933169], [-43.177213, -22.933024], [-43.177301, -22.932935]]"
Rua General Glicério,Laranjeiras,"[[-43.19164, -22.941022], [-43.191644, -22.941378], [-43.191651, -22.941621], [-43.191652, -22.941692], [-43.191658, -22.94199], [-43.191658, -22.942024], [-43.191673, -22.942333], [-43.191674, -22.942357], [-43.191682, -22.942662], [-43.191682, -22.942695], [-43.191688, -22.942893], [-43.191687, -22.942974], [-43.191673, -22.943003], [-43.191632, -22.943024]]"
Rua Sorocaba,Botafogo,"[[-43.188112, -22.957006], [-43.188131, -22.956961], [-43.188877, -22.955403], [-43.188905, -22.955343], [-43.189155, -22.954814], [-43.189195, -22.954731], [-43.189582, -22.953886], [-43.189708, -22.953609], [-43.189766, -22.953488], [-43.189782, -22.953447], [-43.189805, -22.953391], [-43.189808, -22.953345], [-43.189832, -22.953239], [-43.190013, -22.952802], [-43.190096, -22.952585], [-43.190146, -22.952455], [-43.190518, -22.951476], [-43.190827, -22.950681], [-43.191019, -22.950158], [-43.19104, -22.950109], [-43.191063, -22.950051]]"
Rua Professor Álvaro Rodrigues,Botafogo,"[[-43.180934, -22.94951], [-43.181108, -22.949907], [-43.181354, -22.950441], [-43.181421, -22.95055], [-43.181476, -22.950621], [-43.181543, -22.950708], [-43.181577, -22.950759], [-43.181666, -22.950843], [-43.181867, -22.951031], [-43.181986, -22.951121], [-43.182105, -22.951209], [-43.182232, -22.951302], [-43.182312, -22.951355], [-43.182359, -22.951387], [-43.182578, -22.951527], [-43.18281, -22.951648], [-43.1831, -22.951787], [-43.183776, -22.952072], [-43.18386, -22.952111], [-43.183952, -22.952153], [-43.184035, -22.952189], [-43.184109, -22.952224], [-43.184166, -22.952258], [-43.184269, -22.95232], [-43.184346, -22.95238], [-43.184466, -22.95249], [-43.184554, -22.95257], [-43.184586, -22.9526], [-43.184752, -22.95274], [-43.185222, -22.953163], [-43.185325, -22.953244], [-43.18535, -22.953263], [-43.185387, -22.953292], [-43.185944, -22.953822], [-43.186527, -22.95427], [-43.186785, -22.954381]]"
Rua Nelson Mandela,Botafogo,"[[-43.184241, -22.9493], [-43.184212, -22.949865], [-43.184165, -22.950791], [-43.184147, -22.951123], [-43.18414, -22.951247], [-43.184136, -22.951316], [-43.184158, -22.951445], [-43.184111, -22.951616], [-43.184044, -22.951863], [-43.184003, -22.952003], [-43.183994, -22.952051], [-43.184003, -22.952101], [-43.184014, -22.952145], [-43.184035, -22.952189]]"
Rua Pedro Américo,Catete,"[[-43.184525, -22.925142], [-43.184558, -22.925017], [-43.184575, -22.92495], [-43.18458, -22.924906], [-43.184568, -22.924876], [-43.18454, -22.924841], [-43.184091, -22.924689], [-43.184034, -22.924674], [-43.18273, -22.924297], [-43.1825, -22.924229], [-43.182307, -22.924174], [-43.182113, -22.924141], [-43.181524, -22.924068], [-43.181523, -22.924147], [-43.181521, -22.924186], [-43.181524, -22.924228], [-43.181551, -22.924263], [-43.181594, -22.924291], [-43.181651, -22.924312], [-43.18207, -22.924375], [-43.182164, -22.924404], [-43.182221, -22.924433], [-43.182272, -22.92447], [-43.182408, -22.924596], [-43.182608, -22.924829], [-43.182712, -22.924919], [-43.182757, -22.924979], [-43.182763, -22.925012], [-43.182754, -22.925057], [-43.182724, -22.925099], [-43.182699, -22.92512], [-43.182669, -22.925131], [-43.18262, -22.925132], [-43.182581, -22.92513], [-43.182542, -22.925117], [-43.182509, -22.925098], [-43.182462, -22.925057], [-43.182439, -22.925037], [-43.18242, -22.925029], [-43.182399, -22.925027], [-43.181837, -22.925051], [-43.18164, -22.92506], [-43.181584, -22.925062], [-43.181468, -22.925072], [-43.181384, -22.925093], [-43.181296, -22.925127], [-43.181061, -22.925175], [-43.18092, -22.925195], [-43.180848, -22.925202], [-43.180573, -22.925243], [-43.180459, -22.925272], [-43.180404, -22.925286], [-43.180338, -22.925289], [-43.180259, -22.925264], [-43.180181, -22.925232], [-43.180132, -22.925205], [-43.179839, -22.925041], [-43.179602, -22.924909], [-43.179539, -22.924871], [-43.179154, -22.924659], [-43.178743, -22.924421], [-43.178668, -22.924381], [-43.178086, -22.924037], [-43.17805, -22.924016], [-43.17771, -22.923823], [-43.177568, -22.923746]]"
Rua Vinícius de Moraes,Ipanema,"[[-43.20305, -22.986556], [-43.203025, -22.986531], [-43.202989, -22.986469], [-43.202975, -22.986402], [-43.202922, -22.985566], [-43.202918, -22.985423], [-43.202859, -22.984475], [-43.202855, -22.98435], [-43.202845, -22.984221], [-43.202789, -22.983397], [-43.202782, -22.983287], [-43.202709, -22.982206], [-43.202673, -22.981665], [-43.202642, -22.981209], [-43.202639, -22.98116], [-43.202592, -22.98045], [-43.202568, -22.979699], [-43.202562, -22.979658], [-43.202534, -22.97957]]"
Avenida Princesa Isabel,Copacabana,"[[-43.173564, -22.965278], [-43.173475, -22.965226], [-43.173443, -22.9652], [-43.17341, -22.965158], [-43.173383, -22.965115], [-43.173365, -22.965068], [-43.173358, -22.965022], [-43.173367, -22.964954], [-43.173381, -22.964921], [-43.173423, -22.964835], [-43.173444, -22.964791], [-43.173456, -22.964767], [-43.173495, -22.964695], [-43.173668, -22.964349], [-43.173834, -22.964024], [-43.173909, -22.963872], [-43.173995, -22.963702], [-43.174345, -22.963109], [-43.174384, -22.963041], [-43.174469, -22.962896], [-43.174614, -22.962665], [-43.175006, -22.961915], [-43.175087, -22.961776], [-43.17517, -22.96162], [-43.17529, -22.961397], [-43.175604, -22.960779]]"
Rua Machado de Assis,Flamengo,"[[-43.174508, -22.930929], [-43.17541, -22.931079], [-43.175964, -22.931158], [-43.176646, -22.931225], [-43.17744, -22.931327], [-43.177511, -22.931336], [-43.177557, -22.93131], [-43.177648, -22.931183]]"
Rua do Catete,Flamengo,"[[-43.177547, -22.932472], [-43.177559, -22.932286], [-43.177591, -22.931846], [-43.177595, -22.931801], [-43.177614, -22.931545], [-43.177619, -22.931481], [-43.177648, -22.931183], [-43.177654, -22.930963], [-43.177659, -22.93085], [-43.177662, -22.930777], [-43.177658, -22.930652], [-43.177662, -22.930572], [-43.17765, -22.930322], [-43.177593, -22.929914], [-43.17754, -22.929772], [-43.177275, -22.929052], [-43.177241, -22.928938], [-43.17722, -22.928869], [-43.177082, -22.92838], [-43.177051, -22.928288], [-43.177029, -22.928215], [-43.176952, -22.928006], [-43.176942, -22.927981], [-43.176867, -22.927752], [-43.176848, -22.927705], [-43.176841, -22.927684], [-43.176794, -22.927569], [-43.176726, -22.927398], [-43.176697, -22.927328], [-43.176615, -22.927021], [-43.176581, -22.926775], [-43.176572, -22.926567], [-43.176563, -22.92636], [-43.17658, -22.926171], [-43.176581, -22.926143], [-43.176586, -22.926029], [-43.176586, -22.925927], [-43.176586, -22.925856], [-43.176591, -22.92573], [-43.176594, -22.925625], [-43.176604, -22.925315], [-43.176642, -22.925155], [-43.176646, -22.925146], [-43.176681, -22.925043], [-43.176751, -22.924871], [-43.176804, -22.924733], [-43.176818, -22.924685], [-43.176869, -22.924536], [-43.17692, -22.924319], [-43.176956, -22.924166], [-43.177023, -22.92378]]"
Rua Bento Lisboa,Catete,"[[-43.179602, -22.924909], [-43.179541, -22.925173], [-43.179354, -22.926], [-43.179342, -22.926209], [-43.179341, -22.926413], [-43.179341, -22.926684], [-43.17934, -22.926737], [-43.179338, -22.926838], [-43.179354, -22.927192], [-43.179341, -22.927529], [-43.17934, -22.927625], [-43.17934, -22.927682], [-43.179336, -22.928153], [-43.179339, -22.928279], [-43.179345, -22.9286], [-43.179347, -22.928715], [-43.179347, -22.928766], [-43.17935, -22.9289], [-43.179359, -22.928974], [-43.179383, -22.929156], [-43.179441, -22.929437], [-43.179483, -22.929647], [-43.179484, -22.929749], [-43.179485, -22.929845], [-43.179434, -22.930025], [-43.179408, -22.930107], [-43.179229, -22.930535], [-43.179198, -22.930613], [-43.179173, -22.93068]]"
Avenida Pasteur,Urca,"[[-43.175354, -22.951132], [-43.17532, -22.951229], [-43.175299, -22.951279], [-43.17528, -22.951335], [-43.175274, -22.951412], [-43.17526, -22.951633], [-43.17515, -22.95152], [-43.175085, -22.951467], [-43.175039, -22.951441], [-43.174985, -22.951436], [-43.174924, -22.951451], [-43.174861, -22.95148], [-43.174217, -22.951892], [-43.174165, -22.951924], [-43.173427, -22.952372], [-43.173181, -22.95253], [-43.17295, -22.952679], [-43.172897, -22.952711], [-43.172843, -22.952742], [-43.1728, -22.952767], [-43.172725, -22.95281], [-43.172665, -22.952844], [-43.172615, -22.952867], [-43.172175, -22.953045], [-43.171371, -22.953353], [-43.171309, -22.953375], [-43.171109, -22.953445], [-43.171028, -22.953474], [-43.17088, -22.953517], [-43.170682, -22.953575], [-43.170474, -22.953644], [-43.170025, -22.953775], [-43.169794, -22.953843], [-43.169262, -22.953999], [-43.168989, -22.954079], [-43.168409, -22.954248], [-43.16773, -22.954447], [-43.16761, -22.954482], [-43.167521, -22.954504], [-43.167158, -22.954622], [-43.16694, -22.954682]]"
Praia do Flamengo,Flamengo,"[[-43.173103, -22.925427], [-43.173141, -22.925557], [-43.173451, -22.926628], [-43.173741, -22.927636], [-43.173783, -22.927771], [-43.173858, -22.927986], [-43.173981, -22.928384], [-43.17402, -22.928529], [-43.174122, -22.92878], [-43.174144, -22.928845], [-43.174374, -22.929546], [-43.174386, -22.929707], [-43.174376, -22.929803], [-43.174406, -22.93009], [-43.174417, -22.930183], [-43.174493, -22.930807], [-43.174508, -22.930929], [-43.174525, -22.931289], [-43.174537, -22.931556], [-43.174563, -22.932126], [-43.174634, -22.9327], [-43.174647, -22.932992], [-43.17465, -22.933014], [-43.17466, -22.933194], [-43.174662, -22.933274], [-43.174409, -22.934972], [-43.17436, -22.93528], [-43.174138, -22.936725], [-43.174143, -22.936935], [-43.174004, -22.937668], [-43.173933, -22.937925], [-43.173882, -22.938024], [-43.173739, -22.938197], [-43.173885, -22.937375], [-43.174237, -22.935184], [-43.174247, -22.935138], [-43.174471, -22.933704], [-43.174522, -22.93319], [-43.174521, -22.933021], [-43.174519, -22.933001], [-43.174232, -22.930205], [-43.174227, -22.930152], [-43.174222, -22.930061], [-43.174198, -22.929841], [-43.174172, -22.929581], [-43.174118, -22.929377], [-43.173873, -22.928573], [-43.173625, -22.927718], [-43.173609, -22.927672], [-43.173296, -22.926714], [-43.173237, -22.926551], [-43.172961, -22.925602], [-43.172911, -22.925429]]"
Rua da Passagem,Botafogo,"[[-43.182243, -22.952033], [-43.182277, -22.95211], [-43.182316, -22.952164], [-43.182366, -22.952217], [-43.182455, -22.952295], [-43.182369, -22.952301], [-43.182295, -22.952316], [-43.18222, -22.952353], [-43.182174, -22.952402], [-43.182156, -22.952453], [-43.182126, -22.952537], [-43.182036, -22.952645], [-43.181821, -22.953039], [-43.181546, -22.95354], [-43.181467, -22.953681], [-43.181201, -22.954248], [-43.181179, -22.954295], [-43.181141, -22.954385], [-43.181082, -22.954501], [-43.181029, -22.954596], [-43.180979, -22.954685], [-43.180737, -22.955123], [-43.180681, -22.955226], [-43.180487, -22.955586], [-43.180429, -22.955694], [-43.180403, -22.955746], [-43.180354, -22.95582], [-43.180303, -22.955851]]"
Rua Domingos Ferreira,Copacabana,"[[-43.183994, -22.96992], [-43.185315, -22.971048], [-43.185342, -22.971079], [-43.185612, -22.971314], [-43.186585, -22.972196], [-43.187968, -22.974487], [-43.188003, -22.974544], [-43.188449, -22.975214], [-43.188956, -22.975964]]"
Rua Belfort Roxo,Copacabana,"[[-43.176776, -22.962768], [-43.176704, -22.962902], [-43.17621, -22.963864], [-43.17618, -22.963925], [-43.175784, -22.964691], [-43.175416, -22.965464], [-43.175303, -22.965692]]"
Rua Figueiredo de Magalhães,Copacabana,"[[-43.18454, -22.971962], [-43.184557, -22.971944], [-43.184571, -22.971931], [-43.184581, -22.97192], [-43.184602, -22.971893], [-43.184699, -22.971785], [-43.184892, -22.971559], [-43.18491, -22.971536], [-43.185315, -22.971048], [-43.185497, -22.970829], [-43.185862, -22.970396], [-43.185985, -22.970249], [-43.186092, -22.970118], [-43.186703, -22.969398], [-43.186791, -22.969295], [-43.18687, -22.969209], [-43.187026, -22.969034], [-43.187372, -22.968633], [-43.187843, -22.968097], [-43.1879, -22.968034], [-43.187984, -22.967938], [-43.18808, -22.967825], [-43.188195, -22.96768], [-43.188299, -22.967546], [-43.188437, -22.967361], [-43.188461, -22.96733], [-43.188497, -22.967282], [-43.188518, -22.967257], [-43.188533, -22.967236], [-43.188967, -22.966711], [-43.189329, -22.966286], [-43.189365, -22.966251], [-43.1896, -22.965973], [-43.189706, -22.965857], [-43.190571, -22.964883], [-43.190686, -22.964744]]"
Rua Maria Quitéria,Ipanema,"[[-43.206572, -22.980499], [-43.206635, -22.980564], [-43.206693, -22.980616], [-43.206737, -22.980664], [-43.206788, -22.980732], [-43.206859, -22.980949], [-43.206925, -22.98147], [-43.206959, -22.981916], [-43.206963, -22.981997], [-43.206991, -22.982527], [-43.20702, -22.98296], [-43.207026, -22.983056], [-43.207032, -22.983154], [-43.207078, -22.984041], [-43.207085, -22.984127], [-43.207093, -22.984258], [-43.207156, -22.985115], [-43.207163, -22.98521], [-43.207223, -22.986206], [-43.207225, -22.986239], [-43.207223, -22.986336], [-43.207207, -22.98639], [-43.20719, -22.98643], [-43.207161, -22.986459]]"
Avenida Bartolomeu Mitre,Leblon,"[[-43.223879, -22.981488], [-43.223871, -22.981273], [-43.22386, -22.98118], [-43.223827, -22.981033], [-43.223811, -22.980943], [-43.223793, -22.980854], [-43.223778, -22.980776], [-43.223765, -22.980701], [-43.223761, -22.980636], [-43.22376, -22.980555], [-43.223778, -22.980261], [-43.223786, -22.98005], [-43.223802, -22.979944], [-43.223833, -22.979823], [-43.223974, -22.979515], [-43.224092, -22.979245], [-43.224168, -22.979073], [-43.224192, -22.979024], [-43.224221, -22.978966], [-43.224421, -22.97871], [-43.224489, -22.978612], [-43.224534, -22.978545], [-43.224567, -22.978492], [-43.224576, -22.978473], [-43.224604, -22.978415], [-43.224651, -22.978318], [-43.224686, -22.978208], [-43.224716, -22.978086], [-43.224795, -22.977771], [-43.224805, -22.977729], [-43.224925, -22.977287], [-43.225017, -22.976856], [-43.225025, -22.976814], [-43.225077, -22.976678], [-43.225144, -22.976444], [-43.22519, -22.976311], [-43.225359, -22.975977], [-43.22541, -22.975881], [-43.225468, -22.975771], [-43.225703, -22.975338], [-43.225787, -22.975167], [-43.225811, -22.975121]]"
Praça Demétrio Ribeiro,Copacabana,"[[-43.175617, -22.961424], [-43.175667, -22.961592], [-43.175701, -22.961698], [-43.175727, -22.961783], [-43.175779, -22.961937], [-43.175851, -22.962165], [-43.175894, -22.96203], [-43.176099, -22.96162], [-43.175721, -22.96144], [-43.175634, -22.961396]]"
Rua Real Grandeza,Botafogo,"[[-43.194222, -22.951182], [-43.194179, -22.951245], [-43.194148, -22.951299], [-43.194001, -22.951656], [-43.193886, -22.951938], [-43.193766, -22.95222], [-43.193666, -22.952466], [-43.193459, -22.95298], [-43.193377, -22.953193], [-43.193342, -22.953285], [-43.19328, -22.953439], [-43.193259, -22.953495], [-43.19317, -22.953715], [-43.193056, -22.954], [-43.192954, -22.954258], [-43.192929, -22.954318], [-43.192888, -22.954423], [-43.192837, -22.954554], [-43.192702, -22.954874], [-43.192633, -22.955046], [-43.192458, -22.955475], [-43.192308, -22.955841], [-43.192291, -22.955887], [-43.192256, -22.95598], [-43.192107, -22.956349], [-43.192037, -22.95651], [-43.192032, -22.956521], [-43.192016, -22.956559], [-43.191973, -22.956663], [-43.191949, -22.956715], [-43.191752, -22.957211], [-43.191711, -22.957315], [-43.19165, -22.957467], [-43.191457, -22.957972], [-43.191455, -22.957982], [-43.191444, -22.958034], [-43.191434, -22.958095], [-43.191429, -22.958172], [-43.191419, -22.958253], [-43.191409, -22.95831], [-43.191402, -22.95834], [-43.191357, -22.958468], [-43.191213, -22.95884], [-43.191126, -22.959044], [-43.191013, -22.959347], [-43.190745, -22.960061], [-43.190717, -22.960136], [-43.190671, -22.960266], [-43.190654, -22.960362], [-43.190661, -22.960471], [-43.190686, -22.960559]]"
Rua Dias Ferreira,Leblon,"[[-43.223812, -22.981834], [-43.223936, -22.981772], [-43.223996, -22.981772], [-43.224053, -22.981785], [-43.224105, -22.981803], [-43.224777, -22.982172], [-43.224919, -22.982254], [-43.225775, -22.982724], [-43.226504, -22.983247], [-43.226616, -22.983356], [-43.227097, -22.983827], [-43.227186, -22.983913], [-43.227487, -22.984284], [-43.227731, -22.984634], [-43.228223, -22.985263], [-43.228342, -22.985486], [-43.228532, -22.98585], [-43.228671, -22.986133], [-43.228743, -22.986268]]"
Rua Mena Barreto,Botafogo,"[[-43.186785, -22.954381], [-43.186889, -22.954429], [-43.187159, -22.954553], [-43.187812, -22.954852], [-43.187877, -22.954881], [-43.188216, -22.955034], [-43.188808, -22.955299], [-43.188905, -22.955343], [-43.189434, -22.955574], [-43.189692, -22.955686], [-43.189892, -22.955773], [-43.189975, -22.95581], [-43.189988, -22.955816], [-43.190131, -22.955883], [-43.190827, -22.956199], [-43.191366, -22.956444], [-43.191834, -22.956657], [-43.191884, -22.95668], [-43.191949, -22.956715]]"
Rua Dois de Dezembro,Flamengo,"[[-43.179383, -22.929156], [-43.179325, -22.929196], [-43.17834, -22.929531], [-43.177734, -22.929737], [-43.17754, -22.929772], [-43.177321, -22.929803], [-43.176649, -22.9299], [-43.176229, -22.929961], [-43.175805, -22.930022], [-43.175098, -22.930104], [-43.175052, -22.930109], [-43.17457, -22.930165], [-43.174417, -22.930183], [-43.174232, -22.930205], [-43.174107, -22.930219]]"
Rua Silveira Martins,Flamengo,"[[-43.179354, -22.926], [-43.178487, -22.925924], [-43.177759, -22.925834], [-43.177194, -22.925773], [-43.176819, -22.925736], [-43.176755, -22.925733], [-43.176591, -22.92573], [-43.176445, -22.925718], [-43.175661, -22.92565], [-43.173188, -22.925436], [-43.173103, -22.925427], [-43.172911, -22.925429], [-43.172779, -22.925463]]"
Rua Paissandu,Laranjeiras,"[[-43.183549, -22.93737], [-43.181315, -22.936349], [-43.180786, -22.936102], [-43.18068, -22.936057], [-43.180387, -22.935902], [-43.179734, -22.93559], [-43.179618, -22.93554], [-43.179438, -22.935462], [-43.17929, -22.935398], [-43.179022, -22.935282], [-43.178801, -22.935186], [-43.178427, -22.935025], [-43.178242, -22.93494], [-43.178233, -22.934936], [-43.177986, -22.93482], [-43.177359, -22.934556], [-43.177235, -22.934503], [-43.177166, -22.934472], [-43.176285, -22.93405], [-43.176253, -22.934031], [-43.176219, -22.934015], [-43.176175, -22.933992], [-43.176061, -22.933948], [-43.174662, -22.933274]]"
Rua Silveira Martins,Catete,"[[-43.179354, -22.926], [-43.178487, -22.925924], [-43.177759, -22.925834], [-43.177194, -22.925773], [-43.176819, -22.925736], [-43.176755, -22.925733], [-43.176591, -22.92573], [-43.176445, -22.925718], [-43.175661, -22.92565], [-43.173188, -22.925436], [-43.173103, -22.925427], [-43.172911, -22.925429], [-43.172779, -22.925463]]"
Rua General Polidoro,Botafogo,"[[-43.191434, -22.958095], [-43.191371, -22.958088], [-43.191175, -22.958045], [-43.190892, -22.957953], [-43.190865, -22.957944], [-43.190466, -22.957811], [-43.189246, -22.957406], [-43.189067, -22.957343], [-43.18903, -22.95733], [-43.188726, -22.957224], [-43.188671, -22.957205], [-43.188473, -22.957134], [-43.188112, -22.957006], [-43.187772, -22.95689], [-43.187692, -22.956862], [-43.187307, -22.956729], [-43.187225, -22.956703], [-43.186746, -22.956539], [-43.186733, -22.956534], [-43.186688, -22.956519], [-43.186543, -22.956469], [-43.186508, -22.956457], [-43.186327, -22.956394], [-43.186029, -22.956291], [-43.185255, -22.956058], [-43.185137, -22.955964], [-43.1851, -22.955934], [-43.185036, -22.955883], [-43.184803, -22.955617], [-43.184384, -22.954772], [-43.184061, -22.954121], [-43.183619, -22.953253], [-43.183577, -22.953168], [-43.183528, -22.95311], [-43.183518, -22.953097], [-43.183362, -22.952956], [-43.182784, -22.952534], [-43.182484, -22.952315], [-43.182455, -22.952295]]"
Rua Farme de Amoedo,Ipanema,"[[-43.200488, -22.980948], [-43.200507, -22.981267], [-43.200598, -22.982313], [-43.200657, -22.983282], [-43.200664, -22.983381], [-43.200697, -22.983891], [-43.200726, -22.984334], [-43.200733, -22.984452], [-43.200741, -22.984608], [-43.200799, -22.985429], [-43.200807, -22.985559], [-43.200866, -22.98654], [-43.200876, -22.986671]]"
Praça Santos Dumont,Gávea,"[[-43.226938, -22.974407], [-43.226985, -22.974266], [-43.226992, -22.974227], [-43.226991, -22.974004], [-43.226976, -22.973734], [-43.226928, -22.973514], [-43.226789, -22.973443], [-43.225801, -22.973018]]"
Rua Voluntários da Pátria,Humaitá,"[[-43.198316, -22.956473], [-43.198151, -22.956327], [-43.198012, -22.95624], [-43.19794, -22.956207], [-43.197372, -22.956006], [-43.197324, -22.955989], [-43.197227, -22.955956], [-43.19695, -22.955856], [-43.196759, -22.955787], [-43.196705, -22.955769], [-43.196606, -22.955734], [-43.196389, -22.955658], [-43.196228, -22.955601], [-43.195785, -22.955446], [-43.19567, -22.955406], [-43.195402, -22.95531], [-43.195354, -22.955295], [-43.195259, -22.955263], [-43.195033, -22.955183], [-43.194997, -22.955169], [-43.194627, -22.955038], [-43.194344, -22.954939], [-43.194047, -22.954834], [-43.193315, -22.954575], [-43.193032, -22.954475], [-43.192981, -22.954457], [-43.192888, -22.954423], [-43.192791, -22.954393], [-43.192738, -22.954375], [-43.192269, -22.954207], [-43.192119, -22.954154], [-43.191618, -22.953975], [-43.191445, -22.953913], [-43.191262, -22.953851], [-43.191087, -22.953791], [-43.191041, -22.953777], [-43.190936, -22.953741], [-43.190672, -22.953647], [-43.190255, -22.953501], [-43.189964, -22.953399], [-43.18992, -22.953384], [-43.189808, -22.953345], [-43.188718, -22.952964], [-43.188611, -22.952931], [-43.188186, -22.952781], [-43.187733, -22.952622], [-43.187528, -22.952556], [-43.187477, -22.952539], [-43.187445, -22.952527], [-43.187375, -22.9525], [-43.187143, -22.952413], [-43.187057, -22.952382], [-43.186693, -22.952254], [-43.186599, -22.95222], [-43.186425, -22.952156], [-43.186132, -22.952049], [-43.185916, -22.951969], [-43.185845, -22.951943], [-43.185765, -22.951913], [-43.185721, -22.951897], [-43.185596, -22.951851], [-43.185536, -22.951829], [-43.18547, -22.951805], [-43.185456, -22.9518], [-43.185272, -22.951732], [-43.184802, -22.951559], [-43.184645, -22.951502], [-43.184541, -22.951463], [-43.184467, -22.951436], [-43.184421, -22.951421], [-43.184371, -22.951399], [-43.184271, -22.951363], [-43.184136, -22.951316], [-43.184106, -22.951302], [-43.183948, -22.951245], [-43.183771, -22.951186], [-43.183331, -22.95104], [-43.182929, -22.950909], [-43.182779, -22.950863], [-43.182582, -22.950803], [-43.182552, -22.950794], [-43.182262, -22.950689], [-43.181857, -22.950542], [-43.181802, -22.950524], [-43.181755, -22.950505], [-43.181669, -22.95047]]"
Avenida Pasteur,Botafogo,"[[-43.175354, -22.951132], [-43.17532, -22.951229], [-43.175299, -22.951279], [-43.17528, -22.951335], [-43.175274, -22.951412], [-43.17526, -22.951633], [-43.17515, -22.95152], [-43.175085, -22.951467], [-43.175039, -22.951441], [-43.174985, -22.951436], [-43.174924, -22.951451], [-43.174861, -22.95148], [-43.174217, -22.951892], [-43.174165, -22.951924], [-43.173427, -22.952372], [-43.173181, -22.95253], [-43.17295, -22.952679], [-43.172897, -22.952711], [-43.172843, -22.952742], [-43.1728, -22.952767], [-43.172725, -22.95281], [-43.172665, -22.952844], [-43.172615, -22.952867], [-43.172175, -22.953045], [-43.171371, -22.953353], [-43.171309, -22.953375], [-43.171109, -22.953445], [-43.171028, -22.953474], [-43.17088, -22.953517], [-43.170682, -22.953575], [-43.170474, -22.953644], [-43.170025, -22.953775], [-43.169794, -22.953843], [-43.169262, -22.953999], [-43.168989, -22.954079], [-43.168409, -22.954248], [-43.16773, -22.954447], [-43.16761, -22.954482], [-43.167521, -22.954504], [-43.167158, -22.954622], [-43.16694, -22.954682]]"
Rua Constante Ramos,Copacabana,"[[-43.192499, -22.971965], [-43.191975, -22.972229], [-43.191854, -22.972288], [-43.191555, -22.972477], [-43.190936, -22.972845], [-43.190822, -22.972914], [-43.189893, -22.973456], [-43.189022, -22.973951], [-43.188909, -22.974017], [-43.188824, -22.974065], [-43.188003, -22.974544], [-43.187449, -22.974849], [-43.18732, -22.974924], [-43.187151, -22.975017], [-43.187108, -22.975041]]"
Rua São Salvador,Laranjeiras,"[[-43.17734, -22.933575], [-43.177422, -22.933582], [-43.178113, -22.933665], [-43.178615, -22.933718], [-43.178772, -22.933738], [-43.178984, -22.933761], [-43.179159, -22.933791], [-43.179404, -22.933831], [-43.179808, -22.933935], [-43.180208, -22.934126], [-43.180457, -22.934245], [-43.180612, -22.934321], [-43.180695, -22.934391], [-43.180819, -22.934519], [-43.180915, -22.934617], [-43.181063, -22.934776], [-43.181463, -22.935122], [-43.181528, -22.935174]]"
Rua Ministro Viveiros de Castro,Copacabana,"[[-43.174384, -22.963041], [-43.174593, -22.963152], [-43.174661, -22.963184], [-43.174988, -22.963329], [-43.175084, -22.963367], [-43.175103, -22.963373], [-43.175231, -22.963417], [-43.17612, -22.963824], [-43.17621, -22.963864], [-43.177271, -22.964292], [-43.178234, -22.964717], [-43.178342, -22.964765], [-43.179319, -22.96521], [-43.179425, -22.965258]]"
Rua Corrêa Dutra,Catete,"[[-43.173981, -22.928384], [-43.174111, -22.928345], [-43.174447, -22.928251], [-43.174843, -22.928143], [-43.176614, -22.927623], [-43.176719, -22.92759], [-43.176794, -22.927569], [-43.176919, -22.927522], [-43.177692, -22.927306], [-43.177887, -22.927248], [-43.1782, -22.927157], [-43.179152, -22.926882], [-43.179232, -22.926859], [-43.179338, -22.926838]]"
Rua Visconde de Ouro Preto,Botafogo,"[[-43.185633, -22.946112], [-43.184426, -22.946076], [-43.184364, -22.946076], [-43.184192, -22.946074], [-43.184111, -22.946063], [-43.183948, -22.946062], [-43.183679, -22.946052], [-43.182737, -22.946019], [-43.182554, -22.946013], [-43.182264, -22.946008], [-43.182123, -22.946013]]"
Rua Barão da Torre,Ipanema,"[[-43.196762, -22.98374], [-43.196783, -22.983624], [-43.196824, -22.983598], [-43.196882, -22.983569], [-43.197062, -22.983557], [-43.197257, -22.983549], [-43.197339, -22.983545], [-43.197428, -22.983541], [-43.19764, -22.983532], [-43.198329, -22.983502], [-43.19839, -22.983499], [-43.198535, -22.983493], [-43.199331, -22.983451], [-43.200538, -22.983388], [-43.200586, -22.983385], [-43.200664, -22.983381], [-43.200735, -22.983379], [-43.200896, -22.983371], [-43.201456, -22.983346], [-43.201669, -22.983336], [-43.202693, -22.983287], [-43.202782, -22.983287], [-43.204086, -22.983219], [-43.204751, -22.983178], [-43.204894, -22.98317], [-43.205016, -22.983164], [-43.205549, -22.983135], [-43.205989, -22.983111], [-43.206917, -22.983062], [-43.207026, -22.983056], [-43.207146, -22.983049], [-43.208184, -22.982991], [-43.209045, -22.982942], [-43.209151, -22.982936], [-43.210275, -22.982882], [-43.211167, -22.982838], [-43.211261, -22.982833], [-43.212436, -22.982776], [-43.2134, -22.982718], [-43.213638, -22.982707], [-43.213963, -22.982658], [-43.214087, -22.982636]]"
Rua Arnaldo Quintela,Botafogo,"[[-43.185255, -22.956058], [-43.185115, -22.956054], [-43.185065, -22.956055], [-43.184965, -22.956058], [-43.184925, -22.956048], [-43.184217, -22.955739], [-43.184067, -22.955674], [-43.183515, -22.955444], [-43.18315, -22.955292], [-43.183125, -22.95528], [-43.18237, -22.954956], [-43.181751, -22.954688], [-43.181278, -22.954478], [-43.18123, -22.954456], [-43.181141, -22.954385]]"
Rua Ronald de Carvalho,Copacabana,"[[-43.177712, -22.963382], [-43.177602, -22.96363], [-43.17758, -22.963673], [-43.177271, -22.964292], [-43.176884, -22.965029], [-43.176821, -22.965152], [-43.176745, -22.9653], [-43.176422, -22.965943], [-43.176307, -22.966183]]"
Rua Tonelero,Copacabana,"[[-43.180815, -22.964448], [-43.180904, -22.964492], [-43.181076, -22.964579], [-43.181341, -22.964705], [-43.181349, -22.964709], [-43.181911, -22.96499], [-43.182264, -22.965165], [-43.182379, -22.965222], [-43.18329, -22.965685], [-43.183409, -22.965746], [-43.184108, -22.966099], [-43.184385, -22.96624], [-43.185225, -22.966643], [-43.185266, -22.966664], [-43.185739, -22.966893], [-43.186085, -22.967084], [-43.186108, -22.967096], [-43.186195, -22.967138], [-43.186335, -22.967218], [-43.187194, -22.967669], [-43.187743, -22.967947], [-43.1879, -22.968034], [-43.187942, -22.968057], [-43.188588, -22.968473], [-43.189354, -22.968969], [-43.189432, -22.969021], [-43.18982, -22.969276]]"
Rua Conde de Irajá,Botafogo,"[[-43.19412, -22.958426], [-43.194138, -22.958378], [-43.194288, -22.95797], [-43.194394, -22.957686], [-43.194406, -22.957651], [-43.19442, -22.957606], [-43.194527, -22.957312], [-43.194729, -22.956756], [-43.194961, -22.956104], [-43.195024, -22.955925], [-43.195193, -22.955451], [-43.195207, -22.955411], [-43.195259, -22.955263], [-43.195302, -22.955165], [-43.19558, -22.954431], [-43.195608, -22.954369], [-43.19598, -22.953342], [-43.196167, -22.952871]]"
Rua Fernandes Guimarães,Botafogo,"[[-43.181549, -22.95641], [-43.181734, -22.956038], [-43.181946, -22.955678], [-43.18211, -22.955398], [-43.182172, -22.955293], [-43.182216, -22.955217], [-43.182302, -22.955064], [-43.182347, -22.954982], [-43.18237, -22.954956], [-43.182397, -22.954906], [-43.182765, -22.954244], [-43.182796, -22.954189], [-43.183017, -22.953809], [-43.183024, -22.953791], [-43.183023, -22.953772], [-43.183016, -22.953754], [-43.183003, -22.953739], [-43.183201, -22.95347], [-43.183284, -22.953293], [-43.183495, -22.953136]]"
Rua Paulo Barreto,Botafogo,"[[-43.186029, -22.956291], [-43.186043, -22.956257], [-43.186288, -22.955642], [-43.186345, -22.955494], [-43.18653, -22.955034], [-43.186785, -22.954381], [-43.186815, -22.954302], [-43.187477, -22.952539]]"
Rua Hilário de Gouveia,Copacabana,"[[-43.185225, -22.966643], [-43.185214, -22.966669], [-43.185203, -22.966694], [-43.185191, -22.966721], [-43.185183, -22.966736], [-43.184786, -22.967222], [-43.184458, -22.967659], [-43.184379, -22.967759], [-43.184222, -22.967963], [-43.183845, -22.968466], [-43.183772, -22.968586], [-43.183713, -22.968673], [-43.183605, -22.968815], [-43.18342, -22.969058], [-43.183299, -22.969217], [-43.182711, -22.96999], [-43.182636, -22.970078]]"
Rua Buarque de Macedo,Flamengo,"[[-43.174376, -22.929803], [-43.174774, -22.929578], [-43.17698, -22.92833], [-43.177051, -22.928288]]"
Rua Buarque de Macedo,Catete,"[[-43.174376, -22.929803], [-43.174774, -22.929578], [-43.17698, -22.92833], [-43.177051, -22.928288]]"
Rua Capitão Salomão,Humaitá,"[[-43.196606, -22.955734], [-43.196573, -22.955836], [-43.196554, -22.955896], [-43.196207, -22.957137], [-43.196192, -22.95719], [-43.196134, -22.957414], [-43.195964, -22.958075]]"
Rua Humberto de Campos,Leblon,"[[-43.226504, -22.983247], [-43.226408, -22.98321], [-43.226243, -22.983152], [-43.225959, -22.98306], [-43.225744, -22.982994], [-43.225676, -22.982973], [-43.225616, -22.982956], [-43.224851, -22.982733], [-43.224703, -22.98269], [-43.224644, -22.982672], [-43.224299, -22.982587], [-43.224067, -22.982534], [-43.223824, -22.982471], [-43.223765, -22.982456], [-43.223643, -22.982432], [-43.223114, -22.98233], [-43.222797, -22.982278], [-43.222744, -22.982269], [-43.222279, -22.982185], [-43.222006, -22.982132], [-43.221906, -22.982114], [-43.221134, -22.981988], [-43.221007, -22.981965], [-43.220771, -22.98193], [-43.220411, -22.981887], [-43.220154, -22.981856], [-43.219757, -22.981798], [-43.219156, -22.981727], [-43.219088, -22.981719], [-43.218343, -22.981599], [-43.218067, -22.981546], [-43.217896, -22.981516], [-43.217765, -22.981501], [-43.217602, -22.981485], [-43.217452, -22.981473], [-43.217299, -22.981465], [-43.21714, -22.981459], [-43.216906, -22.981461], [-43.216821, -22.981465], [-43.21669, -22.981471], [-43.216576, -22.981482], [-43.216509, -22.981488], [-43.216451, -22.981497], [-43.216298, -22.981519], [-43.216251, -22.981527], [-43.216076, -22.981558], [-43.216032, -22.981569], [-43.215979, -22.98158], [-43.21586, -22.981612], [-43.215806, -22.981623], [-43.215688, -22.981657], [-43.215659, -22.981664], [-43.215542, -22.981698], [-43.215371, -22.981748], [-43.215198, -22.981799], [-43.215133, -22.981816], [-43.214977, -22.981861], [-43.214922, -22.981877], [-43.214898, -22.981885], [-43.214831, -22.981898], [-43.214533, -22.981962], [-43.214276, -22.98201], [-43.214153, -22.982033], [-43.214098, -22.982046], [-43.214061, -22.982056], [-43.213997, -22.982078], [-43.21393, -22.982102], [-43.213867, -22.982122]]"
Rua Garcia d'Ávila,Ipanema,"[[-43.208864, -22.98055], [-43.20892, -22.980581], [-43.208949, -22.980615], [-43.208963, -22.980649], [-43.208971, -22.980739], [-43.20903, -22.98135], [-43.209058, -22.9818], [-43.209065, -22.981876], [-43.209106, -22.982416], [-43.209143, -22.982837], [-43.209151, -22.982936], [-43.209211, -22.983898], [-43.209218, -22.984011], [-43.209225, -22.984131], [-43.209274, -22.984989], [-43.209282, -22.985094], [-43.20931, -22.985585], [-43.209339, -22.986101], [-43.20934, -22.986224], [-43.209298, -22.986348]]"
Rua Rodolfo Dantas,Copacabana,"[[-43.179825, -22.964783], [-43.179748, -22.964849], [-43.179425, -22.965258], [-43.17914, -22.965729], [-43.178895, -22.96612], [-43.178809, -22.966257], [-43.178747, -22.966365], [-43.178268, -22.967189], [-43.178196, -22.967309], [-43.17814, -22.967386], [-43.178111, -22.967413], [-43.178078, -22.967429], [-43.177958, -22.967441]]"
Rua São João Batista,Botafogo,"[[-43.189246, -22.957406], [-43.18925, -22.95738], [-43.189261, -22.957353], [-43.189265, -22.957343], [-43.189938, -22.955891], [-43.189971, -22.95582], [-43.189975, -22.95581], [-43.190042, -22.955663], [-43.190055, -22.955635], [-43.190096, -22.955542], [-43.190444, -22.954765], [-43.190493, -22.954656], [-43.19069, -22.954227], [-43.190722, -22.954157], [-43.190768, -22.954056], [-43.190804, -22.953987], [-43.190863, -22.953889], [-43.190884, -22.953847], [-43.190936, -22.953741]]"
Rua Marquês de São Vicente,Gávea,"[[-43.230772, -22.977222], [-43.230836, -22.977232], [-43.230991, -22.977262], [-43.231068, -22.977272], [-43.231169, -22.977276], [-43.231288, -22.977275], [-43.23149, -22.97727], [-43.231647, -22.977268], [-43.231757, -22.97728], [-43.232338, -22.97739], [-43.232523, -22.977437], [-43.232569, -22.977463], [-43.232647, -22.977522], [-43.232683, -22.977548], [-43.232945, -22.977749], [-43.233134, -22.977895], [-43.233189, -22.97794], [-43.233295, -22.978017], [-43.233329, -22.978045], [-43.233432, -22.978124], [-43.23349, -22.978175], [-43.233519, -22.978195], [-43.233559, -22.978224], [-43.233592, -22.978246], [-43.233788, -22.978398], [-43.233834, -22.978437], [-43.234347, -22.978814], [-43.234459, -22.978911], [-43.234494, -22.978959], [-43.234508, -22.979001], [-43.234587, -22.979573], [-43.234604, -22.979719], [-43.234635, -22.979893], [-43.234648, -22.979953], [-43.234677, -22.980004], [-43.234711, -22.980054], [-43.234999, -22.980317], [-43.235068, -22.980378], [-43.235382, -22.980678], [-43.235441, -22.980731], [-43.235475, -22.980761], [-43.23575, -22.981001], [-43.236081, -22.981222], [-43.236261, -22.981334], [-43.236808, -22.981669], [-43.237082, -22.981816], [-43.237416, -22.981956], [-43.237494, -22.981985]]"
Rua Paissandu,Flamengo,"[[-43.183549, -22.93737], [-43.181315, -22.936349], [-43.180786, -22.936102], [-43.18068, -22.936057], [-43.180387, -22.935902], [-43.179734, -22.93559], [-43.179618, -22.93554], [-43.179438, -22.935462], [-43.17929, -22.935398], [-43.179022, -22.935282], [-43.178801, -22.935186], [-43.178427, -22.935025], [-43.178242, -22.93494], [-43.178233, -22.934936], [-43.177986, -22.93482], [-43.177359, -22.934556], [-43.177235, -22.934503], [-43.177166, -22.934472], [-43.176285, -22.93405], [-43.176253, -22.934031], [-43.176219, -22.934015], [-43.176175, -22.933992], [-43.176061, -22.933948], [-43.174662, -22.933274]]"
Rua Machado de Assis,Catete,"[[-43.174508, -22.930929], [-43.17541, -22.931079], [-43.175964, -22.931158], [-43.176646, -22.931225], [-43.17744, -22.931327], [-43.177511, -22.931336], [-43.177557, -22.93131], [-43.177648, -22.931183]]"
Rua Santa Clara,Copacabana,"[[-43.192462, -22.963585], [-43.192412, -22.963544], [-43.192368, -22.963514], [-43.192336, -22.963497], [-43.1923, -22.963494], [-43.192267, -22.963505], [-43.192247, -22.963532], [-43.192241, -22.963556], [-43.192245, -22.96358], [-43.192278, -22.963614], [-43.193324, -22.964387], [-43.193386, -22.964433], [-43.193413, -22.964462], [-43.193432, -22.964492], [-43.193441, -22.964533], [-43.193432, -22.964597], [-43.193403, -22.964655], [-43.19332, -22.964757], [-43.193176, -22.96492], [-43.193026, -22.965086], [-43.192996, -22.96511], [-43.192968, -22.965151], [-43.190841, -22.967501], [-43.190418, -22.967989], [-43.189523, -22.968926], [-43.189432, -22.969021], [-43.18882, -22.96971], [-43.188323, -22.970258], [-43.188287, -22.970298], [-43.187351, -22.971373], [-43.187233, -22.9715], [-43.187115, -22.971627], [-43.186585, -22.972196], [-43.185952, -22.972888], [-43.185845, -22.972995], [-43.185773, -22.97306], [-43.185724, -22.973095], [-43.185663, -22.973134]]"
Lagoa/Botafogo,Botafogo,"[[-43.188905, -22.955343], [-43.189896, -22.955821], [-43.189971, -22.95582], [-43.189988, -22.955816], [-43.190085, -22.955773], [-43.19081, -22.956067], [-43.191786, -22.956462], [-43.191867, -22.956562], [-43.191907, -22.956613], [-43.191973, -22.956663], [-43.192057, -22.956724], [-43.193066, -22.957107], [-43.194358, -22.957537], [-43.194344, -22.957578], [-43.194329, -22.957626], [-43.194406, -22.957651], [-43.194465, -22.957671], [-43.195196, -22.957909], [-43.195842, -22.958093], [-43.196721, -22.958272], [-43.196872, -22.958313], [-43.196943, -22.958373], [-43.197057, -22.958383], [-43.197143, -22.95842], [-43.197205, -22.958427], [-43.197235, -22.958435], [-43.197336, -22.958425], [-43.197459, -22.958441], [-43.19764, -22.958492], [-43.19855, -22.958711], [-43.198606, -22.958726], [-43.199147, -22.958866], [-43.200198, -22.959157], [-43.200304, -22.959134], [-43.200347, -22.959068], [-43.20035, -22.959063], [-43.200771, -22.959251], [-43.20253, -22.960067], [-43.202532, -22.960082], [-43.202545, -22.960166], [-43.202559, -22.960244], [-43.202783, -22.960357], [-43.202854, -22.960463], [-43.202899, -22.960543], [-43.202956, -22.960596], [-43.20298, -22.960676], [-43.203097, -22.960742], [-43.203175, -22.960733], [-43.203248, -22.960694], [-43.203251, -22.960663], [-43.203259, -22.960632], [-43.203273, -22.960604], [-43.203295, -22.960576], [-43.203322, -22.960553], [-43.203353, -22.960534], [-43.203453, -22.960516], [-43.203603, -22.960547], [-43.203774, -22.960647], [-43.203859, -22.960816], [-43.203763, -22.961908], [-43.20373, -22.961977], [-43.203716, -22.962047], [-43.203719, -22.96212], [-43.203744, -22.962173], [-43.203725, -22.962477], [-43.203736, -22.962537], [-43.20385, -22.962602], [-43.203963, -22.962667], [-43.204014, -22.962701], [-43.204031, -22.962726], [-43.204045, -22.962756], [-43.204229, -22.963095], [-43.204339, -22.963154], [-43.204478, -22.96315], [-43.204742, -22.963159]]"
Pacheco Leão/General Garzon,Jardim Botânico,"[[-43.228108, -22.965433], [-43.228048, -22.96546], [-43.227866, -22.965385], [-43.227838, -22.965377], [-43.227371, -22.965427], [-43.225942, -22.965578], [-43.223691, -22.965816], [-43.223644, -22.965811], [-43.222227, -22.965362], [-43.222162, -22.965349], [-43.222099, -22.965337], [-43.222027, -22.965365], [-43.22184, -22.965456], [-43.220857, -22.965884], [-43.220613, -22.965995], [-43.220365, -22.966113], [-43.220271, -22.966158], [-43.219938, -22.966271], [-43.21968, -22.966337], [-43.219451, -22.966397], [-43.219477, -22.966429], [-43.219573, -22.966537], [-43.219507, -22.966583], [-43.219454, -22.966612], [-43.219435, -22.966613], [-43.219419, -22.966608], [-43.21939, -22.966612], [-43.219356, -22.966632], [-43.218943, -22.966861], [-43.218336, -22.967215], [-43.21803, -22.967391], [-43.217512, -22.967696]]"
Lagoa/Botafogo,Humaitá,"[[-43.188905, -22.955343], [-43.189896, -22.955821], [-43.189971, -22.95582], [-43.189988, -22.955816], [-43.190085, -22.955773], [-43.19081, -22.956067], [-43.191786, -22.956462], [-43.191867, -22.956562], [-43.191907, -22.956613], [-43.191973, -22.956663], [-43.192057, -22.956724], [-43.193066, -22.957107], [-43.194358, -22.957537], [-43.194344, -22.957578], [-43.194329, -22.957626], [-43.194406, -22.957651], [-43.194465, -22.957671], [-43.195196, -22.957909], [-43.195842, -22.958093], [-43.196721, -22.958272], [-43.196872, -22.958313], [-43.196943, -22.958373], [-43.197057, -22.958383], [-43.197143, -22.95842], [-43.197205, -22.958427], [-43.197235, -22.958435], [-43.197336, -22.958425], [-43.197459, -22.958441], [-43.19764, -22.958492], [-43.19855, -22.958711], [-43.198606, -22.958726], [-43.199147, -22.958866], [-43.200198, -22.959157], [-43.200304, -22.959134], [-43.200347, -22.959068], [-43.20035, -22.959063], [-43.200771, -22.959251], [-43.20253, -22.960067], [-43.202532, -22.960082], [-43.202545, -22.960166], [-43.202559, -22.960244], [-43.202783, -22.960357], [-43.202854, -22.960463], [-43.202899, -22.960543], [-43.202956, -22.960596], [-43.20298, -22.960676], [-43.203097, -22.960742], [-43.203175, -22.960733], [-43.203248, -22.960694], [-43.203251, -22.960663], [-43.203259, -22.960632], [-43.203273, -22.960604], [-43.203295, -22.960576], [-43.203322, -22.960553], [-43.203353, -22.960534], [-43.203453, -22.960516], [-43.203603, -22.960547], [-43.203774, -22.960647], [-43.203859, -22.960816], [-43.203763, -22.961908], [-43.20373, -22.961977], [-43.203716, -22.962047], [-43.203719, -22.96212], [-43.203744, -22.962173], [-43.203725, -22.962477], [-43.203736, -22.962537], [-43.20385, -22.962602], [-43.203963, -22.962667], [-43.204014, -22.962701], [-43.204031, -22.962726], [-43.204045, -22.962756], [-43.204229, -22.963095], [-43.204339, -22.963154], [-43.204478, -22.96315], [-43.204742, -22.963159]]"
Rua Bolívar,Copacabana,"[[-43.188009, -22.976052], [-43.18807, -22.976038], [-43.188159, -22.976023], [-43.188956, -22.975964], [-43.189138, -22.97595], [-43.189849, -22.975897], [-43.190029, -22.975883], [-43.190232, -22.975868], [-43.19123, -22.975793], [-43.192188, -22.975712], [-43.192282, -22.975704], [-43.193405, -22.975595], [-43.193556, -22.975579]]"
Rua República do Peru,Copacabana,"[[-43.180593, -22.968992], [-43.180732, -22.968808], [-43.180825, -22.968696], [-43.181852, -22.967554], [-43.181959, -22.967425], [-43.182047, -22.967316], [-43.182545, -22.966719], [-43.182628, -22.966618], [-43.183329, -22.965835], [-43.183409, -22.965746], [-43.183484, -22.965662], [-43.183738, -22.965375], [-43.183869, -22.965222], [-43.183911, -22.965169]]"
Rua General Venâncio Flores,Leblon,"[[-43.226173, -22.981456], [-43.22617, -22.981479], [-43.226207, -22.98174], [-43.226214, -22.981786], [-43.226217, -22.981832], [-43.226212, -22.981853], [-43.226196, -22.981896], [-43.226041, -22.98218], [-43.225962, -22.982329], [-43.225859, -22.982539], [-43.225775, -22.982724], [-43.225676, -22.982973], [-43.22546, -22.98359], [-43.225259, -22.984171], [-43.225055, -22.984756], [-43.225026, -22.984839], [-43.224987, -22.984955], [-43.224697, -22.985815], [-43.224668, -22.985898], [-43.22422, -22.987197], [-43.224165, -22.987307], [-43.224142, -22.98734], [-43.224119, -22.987368], [-43.224078, -22.987397], [-43.224037, -22.987409]]"
Rua General Severiano,Botafogo,"[[-43.177272, -22.953135], [-43.177127, -22.953038], [-43.176614, -22.952699], [-43.176549, -22.952655], [-43.175881, -22.952171], [-43.175826, -22.952119], [-43.175785, -22.952071], [-43.175408, -22.951562], [-43.175373, -22.951499], [-43.175363, -22.951416], [-43.175374, -22.951351], [-43.175415, -22.951246], [-43.175474, -22.951146], [-43.175618, -22.950974]]"
Rua Arno Konder,Flamengo,"[[-43.176794, -22.930464], [-43.176767, -22.930495], [-43.176754, -22.93055], [-43.176723, -22.930744], [-43.176707, -22.930843], [-43.176657, -22.931153], [-43.176646, -22.931225]]"
Rua Visconde de Caravelas,Humaitá,"[[-43.192256, -22.95598], [-43.193343, -22.956328], [-43.193745, -22.956452], [-43.193996, -22.956529], [-43.194041, -22.956543], [-43.194673, -22.956732], [-43.194729, -22.956756], [-43.19573, -22.957053], [-43.196143, -22.957176], [-43.196192, -22.95719], [-43.196256, -22.957229], [-43.196832, -22.957406], [-43.196904, -22.95743], [-43.197879, -22.957696]]"
Rua Bambina,Botafogo,"[[-43.185781, -22.949429], [-43.185791, -22.949312], [-43.185923, -22.947999], [-43.185913, -22.947937], [-43.185761, -22.946949], [-43.185753, -22.946902], [-43.185708, -22.94658], [-43.185697, -22.946527], [-43.185691, -22.946481], [-43.18568, -22.946407], [-43.185633, -22.946112], [-43.185534, -22.945492], [-43.185492, -22.945227], [-43.185442, -22.944911], [-43.185404, -22.944667], [-43.185383, -22.94452], [-43.185275, -22.943774], [-43.185268, -22.943734], [-43.185251, -22.943632]]"
Rua Andrade Pertence,Catete,"[[-43.176869, -22.924536], [-43.17853, -22.925323]]"
Rua Farani,Botafogo,"[[-43.180315, -22.942462], [-43.180493, -22.942294], [-43.180585, -22.942213], [-43.180668, -22.942151], [-43.180688, -22.942136], [-43.181484, -22.941585], [-43.181707, -22.941424], [-43.181939, -22.941257], [-43.18223, -22.94105], [-43.182586, -22.94081], [-43.182638, -22.940775]]"
Rua Xavier da Silveira,Copacabana,"[[-43.193778, -22.976039], [-43.193741, -22.976081], [-43.19372, -22.976102], [-43.19369, -22.976128], [-43.193668, -22.976139], [-43.193611, -22.976155], [-43.193508, -22.976186], [-43.193331, -22.976237], [-43.192898, -22.976347], [-43.192819, -22.976374], [-43.192631, -22.976418], [-43.192497, -22.976436], [-43.191438, -22.976678], [-43.190489, -22.976891], [-43.190318, -22.976927], [-43.190191, -22.976958], [-43.18944, -22.977144], [-43.188779, -22.977291], [-43.188707, -22.977308], [-43.188639, -22.977335]]"
Travessa dos Tamoios,Flamengo,"[[-43.175851, -22.9343], [-43.175906, -22.934327], [-43.177109, -22.934915], [-43.177149, -22.934935], [-43.177208, -22.934964]]"
Rua Visconde de Caravelas,Botafogo,"[[-43.192256, -22.95598], [-43.193343, -22.956328], [-43.193745, -22.956452], [-43.193996, -22.956529], [-43.194041, -22.956543], [-43.194673, -22.956732], [-43.194729, -22.956756], [-43.19573, -22.957053], [-43.196143, -22.957176], [-43.196192, -22.95719], [-43.196256, -22.957229], [-43.196832, -22.957406], [-43.196904, -22.95743], [-43.197879, -22.957696]]"
Rodolfo Dantas,Copacabana,"[[-43.179825, -22.964783], [-43.179748, -22.964849], [-43.179425, -22.965258], [-43.17914, -22.965729], [-43.178895, -22.96612], [-43.178809, -22.966257], [-43.178747, -22.966365], [-43.178268, -22.967189], [-43.178196, -22.967309], [-43.17814, -22.967386], [-43.178111, -22.967413], [-43.178078, -22.967429], [-43.177958, -22.967441]]"
Avenida Delfim Moreira,Leblon,"[[-43.227777, -22.98865], [-43.227674, -22.988595], [-43.227601, -22.988558], [-43.227552, -22.988535], [-43.227459, -22.988492], [-43.226379, -22.988034], [-43.225572, -22.987728], [-43.225269, -22.987637], [-43.225021, -22.987577], [-43.224789, -22.987536], [-43.224277, -22.987449], [-43.224037, -22.987409], [-43.223034, -22.987241], [-43.222417, -22.987137], [-43.222306, -22.987119], [-43.221535, -22.986992], [-43.22114, -22.986927], [-43.220785, -22.986876], [-43.220055, -22.986792], [-43.217545, -22.98651], [-43.217386, -22.986494], [-43.217238, -22.986475], [-43.216127, -22.986349], [-43.21587, -22.986321], [-43.215777, -22.98631]]"
Rua Raul Pompéia,Copacabana,"[[-43.192548, -22.981194], [-43.192522, -22.981278], [-43.192308, -22.981986], [-43.192274, -22.982098], [-43.192025, -22.982938], [-43.191979, -22.983095], [-43.191937, -22.983237], [-43.191789, -22.983731], [-43.19171, -22.983995], [-43.191682, -22.984089], [-43.191642, -22.984221], [-43.191423, -22.984956], [-43.191385, -22.985086], [-43.191155, -22.985825], [-43.191116, -22.985952], [-43.190888, -22.98669], [-43.190846, -22.986823], [-43.190826, -22.986891], [-43.190795, -22.986932]]"
Rua Miguel Lemos,Copacabana,"[[-43.193806, -22.976987], [-43.192901, -22.977397], [-43.192773, -22.977453], [-43.191696, -22.97772], [-43.191269, -22.977824], [-43.190795, -22.977913], [-43.190603, -22.977949], [-43.190406, -22.977994], [-43.189707, -22.978151], [-43.189179, -22.978264], [-43.189043, -22.978296], [-43.188907, -22.978334], [-43.18886, -22.978341], [-43.188793, -22.978332]]"
Rua Jangadeiros,Ipanema,"[[-43.196762, -22.98374], [-43.196838, -22.984491], [-43.196842, -22.984551], [-43.196868, -22.984677], [-43.19689, -22.984769], [-43.196896, -22.984805], [-43.196956, -22.985508], [-43.196901, -22.985642], [-43.196886, -22.985673], [-43.196862, -22.985704], [-43.196833, -22.985729], [-43.196791, -22.985742], [-43.196737, -22.98575], [-43.196504, -22.985724]]"
Rua Artur Bernardes,Catete,"[[-43.17722, -22.928869], [-43.177309, -22.928801], [-43.177893, -22.928651], [-43.179161, -22.928327], [-43.179339, -22.928279]]"
Rua Duvivier,Copacabana,"[[-43.177173, -22.966756], [-43.17725, -22.966639], [-43.177568, -22.966093], [-43.177711, -22.965847], [-43.177797, -22.965699], [-43.177863, -22.965587], [-43.178078, -22.965217], [-43.178308, -22.964824], [-43.178342, -22.964765], [-43.178681, -22.964184], [-43.178747, -22.96407]]"
Avenida General San Martin,Leblon,"[[-43.215857, -22.984743], [-43.216046, -22.984717], [-43.216559, -22.984721], [-43.216819, -22.984729], [-43.217115, -22.984742], [-43.217467, -22.984758], [-43.217659, -22.984771], [-43.218172, -22.984797], [-43.218643, -22.984831], [-43.218733, -22.984838], [-43.219104, -22.984866], [-43.2197, -22.98491], [-43.219777, -22.984918], [-43.220412, -22.985005], [-43.22053, -22.985021], [-43.221234, -22.985117], [-43.221324, -22.985129], [-43.221985, -22.985248], [-43.222061, -22.985262], [-43.22249, -22.985355], [-43.222757, -22.985415], [-43.222854, -22.985437], [-43.223011, -22.985474], [-43.223191, -22.985516], [-43.223397, -22.985564], [-43.223475, -22.985582], [-43.223587, -22.985608], [-43.223636, -22.985619], [-43.223745, -22.985642], [-43.224019, -22.98572], [-43.224294, -22.985795], [-43.224601, -22.98588], [-43.224668, -22.985898], [-43.225294, -22.986099], [-43.225395, -22.986132], [-43.225776, -22.98626], [-43.226034, -22.986346], [-43.226122, -22.986376], [-43.226722, -22.986598], [-43.226831, -22.986639], [-43.227457, -22.9869], [-43.227541, -22.986935], [-43.228235, -22.98723], [-43.228569, -22.987365], [-43.228626, -22.987386], [-43.228648, -22.987397], [-43.228667, -22.987407]]"
Rua Senador Corrêa,Laranjeiras,"[[-43.179734, -22.93559], [-43.180457, -22.934245]]"
Avenida Henrique Dumont,Ipanema,"[[-43.213245, -22.980782], [-43.213251, -22.980833], [-43.213262, -22.980891], [-43.213303, -22.981134], [-43.213314, -22.981541], [-43.213318, -22.981654], [-43.213334, -22.981745], [-43.21336, -22.982104], [-43.213361, -22.982195], [-43.213367, -22.982311], [-43.2134, -22.982718], [-43.213434, -22.983196], [-43.213454, -22.98359], [-43.213463, -22.983792], [-43.213474, -22.983988], [-43.213491, -22.984374], [-43.213526, -22.984745], [-43.213538, -22.984863], [-43.213599, -22.985854], [-43.213576, -22.985999], [-43.213487, -22.986129]]"
Rua Aires Saldanha,Copacabana,"[[-43.189138, -22.97595], [-43.18944, -22.977144], [-43.189707, -22.978151], [-43.189927, -22.979042], [-43.19016, -22.97995]]"
Rua Antônio Mendes Campos,Catete,"[[-43.177023, -22.92378], [-43.177051, -22.92357], [-43.177081, -22.923161], [-43.177084, -22.923114], [-43.177077, -22.922875], [-43.177052, -22.922635], [-43.17701, -22.922377], [-43.176953, -22.922124], [-43.176941, -22.922071]]"
Praça Cardeal Arcoverde,Copacabana,"[[-43.179825, -22.964783], [-43.180183, -22.964618], [-43.180239, -22.964595], [-43.180286, -22.964572], [-43.180325, -22.964553], [-43.18033, -22.964551], [-43.180428, -22.964511], [-43.180514, -22.964483], [-43.180604, -22.964456], [-43.180696, -22.964447], [-43.180815, -22.964448]]"
Rua General Cristóvão Barcelos,Laranjeiras,"[[-43.191506, -22.943036], [-43.191371, -22.943025], [-43.191284, -22.943018], [-43.191273, -22.943017], [-43.191253, -22.943013], [-43.191215, -22.943003], [-43.191173, -22.942981], [-43.191127, -22.942938], [-43.191094, -22.942889], [-43.191047, -22.942773], [-43.191027, -22.942542], [-43.191015, -22.942183], [-43.19101, -22.942053], [-43.191013, -22.941908], [-43.191013, -22.941878], [-43.191017, -22.941786], [-43.191018, -22.941746], [-43.191045, -22.941472], [-43.191069, -22.941371], [-43.191126, -22.941211], [-43.191132, -22.941192], [-43.191219, -22.941058], [-43.191283, -22.941003], [-43.19136, -22.940962], [-43.191411, -22.940929], [-43.191499, -22.940871], [-43.19153, -22.940842], [-43.191545, -22.940808]]"
Rua Dezenove de Fevereiro,Botafogo,"[[-43.187774, -22.949515], [-43.187329, -22.951299], [-43.187083, -22.952296], [-43.187057, -22.952382], [-43.186399, -22.953233], [-43.185944, -22.953822], [-43.185862, -22.954008], [-43.185789, -22.954083], [-43.185632, -22.95419], [-43.185552, -22.954227], [-43.185488, -22.954259], [-43.184422, -22.954753], [-43.184384, -22.954772]]"
Rua Francisco Sá,Copacabana,"[[-43.194133, -22.983915], [-43.19404, -22.983839], [-43.193968, -22.983786], [-43.193896, -22.983745], [-43.193832, -22.983721], [-43.193449, -22.983623], [-43.192973, -22.983501], [-43.192881, -22.983478], [-43.192075, -22.983272], [-43.191937, -22.983237], [-43.191094, -22.983021], [-43.190896, -22.982971], [-43.190704, -22.982926], [-43.190072, -22.982762], [-43.189974, -22.982747], [-43.189899, -22.982736], [-43.189783, -22.982728], [-43.189744, -22.982722], [-43.189694, -22.982708], [-43.189661, -22.982701]]"
Rua Francisco Otaviano,Ipanema,"[[-43.194586, -22.987863], [-43.19433, -22.98781], [-43.194054, -22.987741], [-43.192697, -22.987411], [-43.192436, -22.987346], [-43.192133, -22.98727], [-43.192015, -22.987241], [-43.19183, -22.987195], [-43.1916, -22.987137], [-43.191366, -22.987075], [-43.190964, -22.986979], [-43.190795, -22.986932], [-43.190175, -22.98677], [-43.189985, -22.986721], [-43.189798, -22.986673], [-43.188999, -22.986483], [-43.188914, -22.986431], [-43.188896, -22.986418], [-43.188879, -22.986403], [-43.188855, -22.986381], [-43.188817, -22.986311], [-43.188811, -22.986296]]"
Rua Ipiranga,Laranjeiras,"[[-43.182203, -22.934422], [-43.181786, -22.934886], [-43.181528, -22.935174], [-43.181255, -22.935473], [-43.181167, -22.93557], [-43.180767, -22.936032], [-43.180728, -22.936048], [-43.18068, -22.936057]]"
Rua Aníbal de Mendonça,Ipanema,"[[-43.211466, -22.986109], [-43.211456, -22.985997], [-43.211394, -22.984973], [-43.21134, -22.984083], [-43.211327, -22.983889], [-43.211318, -22.98375], [-43.211294, -22.983348], [-43.211267, -22.982927], [-43.211261, -22.982833], [-43.211233, -22.982304], [-43.211205, -22.981867], [-43.211196, -22.98177], [-43.21116, -22.981235], [-43.211113, -22.980798], [-43.211136, -22.980709], [-43.211179, -22.98062], [-43.211236, -22.980541], [-43.211303, -22.980438]]"
Rua Visconde do Cruzeiro,Flamengo,"[[-43.1772, -22.935093], [-43.17724, -22.935114], [-43.177963, -22.93551], [-43.177975, -22.935523], [-43.177981, -22.935546], [-43.177975, -22.935563], [-43.177743, -22.93594], [-43.177719, -22.93596], [-43.177703, -22.935964], [-43.177674, -22.935962], [-43.177342, -22.935806], [-43.177267, -22.935775], [-43.177196, -22.935753]]"
Rua Fernando Osório,Flamengo,"[[-43.175616, -22.936606], [-43.177183, -22.936146], [-43.177225, -22.936136], [-43.177266, -22.936126]]"
Rua General Severiano,Urca,"[[-43.177272, -22.953135], [-43.177127, -22.953038], [-43.176614, -22.952699], [-43.176549, -22.952655], [-43.175881, -22.952171], [-43.175826, -22.952119], [-43.175785, -22.952071], [-43.175408, -22.951562], [-43.175373, -22.951499], [-43.175363, -22.951416], [-43.175374, -22.951351], [-43.175415, -22.951246], [-43.175474, -22.951146], [-43.175618, -22.950974]]"
Rua Corrêa Dutra,Flamengo,"[[-43.173981, -22.928384], [-43.174111, -22.928345], [-43.174447, -22.928251], [-43.174843, -22.928143], [-43.176614, -22.927623], [-43.176719, -22.92759], [-43.176794, -22.927569], [-43.176919, -22.927522], [-43.177692, -22.927306], [-43.177887, -22.927248], [-43.1782, -22.927157], [-43.179152, -22.926882], [-43.179232, -22.926859], [-43.179338, -22.926838]]"
Rua Dias da Rocha,Copacabana,"[[-43.188427, -22.97325], [-43.188698, -22.973058], [-43.189943, -22.972143], [-43.190029, -22.97208], [-43.190687, -22.971561]]"
Rua das Palmeiras,Botafogo,"[[-43.192035, -22.950308], [-43.19176, -22.950983], [-43.191658, -22.951232], [-43.191566, -22.951458], [-43.191119, -22.952553], [-43.190713, -22.953547], [-43.190697, -22.953587], [-43.190672, -22.953647]]"
Rua Francisco Otaviano,Copacabana,"[[-43.194586, -22.987863], [-43.19433, -22.98781], [-43.194054, -22.987741], [-43.192697, -22.987411], [-43.192436, -22.987346], [-43.192133, -22.98727], [-43.192015, -22.987241], [-43.19183, -22.987195], [-43.1916, -22.987137], [-43.191366, -22.987075], [-43.190964, -22.986979], [-43.190795, -22.986932], [-43.190175, -22.98677], [-43.189985, -22.986721], [-43.189798, -22.986673], [-43.188999, -22.986483], [-43.188914, -22.986431], [-43.188896, -22.986418], [-43.188879, -22.986403], [-43.188855, -22.986381], [-43.188817, -22.986311], [-43.188811, -22.986296]]"
Rua Barão de Ipanema,Copacabana,"[[-43.187654, -22.975459], [-43.187704, -22.975437], [-43.187729, -22.975429], [-43.187784, -22.975411], [-43.188449, -22.975214], [-43.189321, -22.974963], [-43.189492, -22.974913], [-43.189658, -22.974863], [-43.190522, -22.974606], [-43.190889, -22.974494], [-43.191448, -22.974324], [-43.191542, -22.974295], [-43.192295, -22.974079], [-43.19262, -22.973989], [-43.192729, -22.973959]]"
Rua Paula Freitas,Copacabana,"[[-43.181729, -22.969446], [-43.181817, -22.969344], [-43.182805, -22.968149], [-43.182908, -22.968034], [-43.183014, -22.967907], [-43.183512, -22.96731], [-43.183575, -22.967235], [-43.184385, -22.96624]]"
Rua Rainha Guilhermina,Leblon,"[[-43.225604, -22.987615], [-43.225649, -22.987507], [-43.226122, -22.986376], [-43.226499, -22.98546], [-43.22655, -22.985338], [-43.226578, -22.985275], [-43.227134, -22.984029], [-43.227186, -22.983913], [-43.227876, -22.983395], [-43.227895, -22.98338], [-43.228133, -22.983226]]"
Rua Marquês de Paraná,Flamengo,"[[-43.177765, -22.937913], [-43.177676, -22.937946], [-43.17651, -22.938369], [-43.176493, -22.938373], [-43.176398, -22.938408]]"
Rua Gomes Carneiro,Ipanema,"[[-43.197948, -22.986826], [-43.197913, -22.986807], [-43.197848, -22.986772], [-43.197784, -22.986728], [-43.196796, -22.98597], [-43.196504, -22.985724], [-43.195298, -22.984836], [-43.195231, -22.9848]]"
Rua Clarice Índio do Brasil,Flamengo,"[[-43.178459, -22.940171], [-43.178518, -22.940158], [-43.178568, -22.94014], [-43.179191, -22.939951], [-43.179287, -22.93993], [-43.179439, -22.939895], [-43.179468, -22.939888], [-43.179537, -22.939869], [-43.179672, -22.939829], [-43.179518, -22.939991]]"
Rua Joana Angélica,Ipanema,"[[-43.205154, -22.986445], [-43.205135, -22.98642], [-43.205122, -22.986397], [-43.205109, -22.986369], [-43.205107, -22.986334], [-43.205041, -22.985383], [-43.205036, -22.985321], [-43.204977, -22.984372], [-43.20497, -22.984236], [-43.204958, -22.984099], [-43.204903, -22.983273], [-43.204894, -22.98317], [-43.204886, -22.983071], [-43.204859, -22.982638], [-43.204833, -22.982197], [-43.204832, -22.982099], [-43.204803, -22.981697], [-43.204792, -22.981584], [-43.204762, -22.981138], [-43.204756, -22.981045], [-43.204716, -22.980335], [-43.204708, -22.980168]]"
Rua Alice,Laranjeiras,"[[-43.193743, -22.935603], [-43.193875, -22.935688], [-43.193991, -22.935761], [-43.194007, -22.935751], [-43.194022, -22.935734], [-43.194035, -22.935706], [-43.194031, -22.935667], [-43.194016, -22.935615], [-43.193972, -22.935573], [-43.193869, -22.935523], [-43.193611, -22.935402], [-43.193523, -22.935347], [-43.193336, -22.935159], [-43.193213, -22.934991], [-43.193055, -22.934856], [-43.192953, -22.934785], [-43.192858, -22.934735], [-43.192707, -22.934683], [-43.192465, -22.934657], [-43.192237, -22.934698], [-43.191883, -22.934802], [-43.191734, -22.93481], [-43.191516, -22.934812], [-43.191271, -22.934795], [-43.191218, -22.934779], [-43.191182, -22.934762], [-43.191164, -22.934743], [-43.191159, -22.934709], [-43.191174, -22.934684], [-43.191197, -22.934669], [-43.191251, -22.934657], [-43.191316, -22.934659], [-43.191589, -22.934691], [-43.191673, -22.93469], [-43.191792, -22.934678], [-43.19193, -22.934648], [-43.192048, -22.934616], [-43.192693, -22.934428], [-43.192802, -22.934417], [-43.192917, -22.934427], [-43.19301, -22.934449], [-43.193196, -22.934519], [-43.193398, -22.934624], [-43.193982, -22.935054], [-43.19426, -22.935205], [-43.194859, -22.935514], [-43.194926, -22.935568], [-43.194981, -22.93564], [-43.195015, -22.935718], [-43.195012, -22.935779], [-43.194995, -22.935837], [-43.194982, -22.935849]]"
Rua Clarice Índio do Brasil,Botafogo,"[[-43.178459, -22.940171], [-43.178518, -22.940158], [-43.178568, -22.94014], [-43.179191, -22.939951], [-43.179287, -22.93993], [-43.179439, -22.939895], [-43.179468, -22.939888], [-43.179537, -22.939869], [-43.179672, -22.939829], [-43.179518, -22.939991]]"
Rua Sebastião de Lacerda,Laranjeiras,"[[-43.188207, -22.936372], [-43.188482, -22.936525], [-43.188966, -22.936776], [-43.189082, -22.936828], [-43.189161, -22.936847], [-43.189255, -22.936849], [-43.189331, -22.936839], [-43.189455, -22.936809], [-43.189823, -22.936721], [-43.189937, -22.936676], [-43.189967, -22.936656], [-43.190004, -22.936632], [-43.190035, -22.936597], [-43.190049, -22.93656], [-43.190057, -22.936539], [-43.190072, -22.936399]]"
Rua Lopes Quintas,Jardim Botânico,"[[-43.218536, -22.965369], [-43.218801, -22.96526], [-43.219412, -22.965009], [-43.21965, -22.964911], [-43.219997, -22.964763], [-43.220348, -22.964613], [-43.220423, -22.964581], [-43.220725, -22.964451], [-43.220935, -22.964383], [-43.221268, -22.964314], [-43.221461, -22.964266], [-43.221606, -22.964224], [-43.221764, -22.964133], [-43.221843, -22.964079], [-43.222269, -22.9638], [-43.222622, -22.96321], [-43.223039, -22.962526], [-43.223174, -22.962332], [-43.223384, -22.961996], [-43.223707, -22.961429], [-43.224069, -22.96088], [-43.224176, -22.960646], [-43.224174, -22.960615], [-43.224148, -22.960584], [-43.222976, -22.959815], [-43.222897, -22.959767], [-43.2225, -22.959594]]"
Rua Mário Portela,Laranjeiras,"[[-43.193991, -22.935761], [-43.193946, -22.935777], [-43.193887, -22.935782], [-43.19381, -22.935785], [-43.193713, -22.935775], [-43.193642, -22.935764], [-43.193343, -22.935726], [-43.193244, -22.93572], [-43.193184, -22.935724], [-43.193025, -22.935757], [-43.192852, -22.935806], [-43.192765, -22.93583], [-43.192566, -22.935904], [-43.19217, -22.936073], [-43.191904, -22.936184], [-43.191649, -22.936295], [-43.191549, -22.936336], [-43.191446, -22.936357], [-43.191349, -22.936365], [-43.190326, -22.936453], [-43.190229, -22.936461], [-43.190172, -22.936476], [-43.190123, -22.936484]]"
Via Martins da Mota,Catete,"[[-43.176956, -22.924166], [-43.177226, -22.924266], [-43.178676, -22.924953], [-43.1789, -22.925043]]"
Rua Gago Coutinho,Laranjeiras,"[[-43.182189, -22.932348], [-43.182209, -22.932307], [-43.182211, -22.932299], [-43.182404, -22.931793], [-43.182425, -22.931738], [-43.181354, -22.93139], [-43.180889, -22.931238], [-43.180097, -22.930985], [-43.179842, -22.930904], [-43.179548, -22.930824], [-43.179531, -22.930818], [-43.179497, -22.930808]]"
Avenida Epitácio Pessoa,Ipanema,"[[-43.204781, -22.962852], [-43.204674, -22.962977], [-43.204574, -22.963057], [-43.204478, -22.96315], [-43.204449, -22.963185], [-43.204403, -22.963245], [-43.204385, -22.963267], [-43.20428, -22.96333], [-43.204023, -22.963641], [-43.203958, -22.963773], [-43.203899, -22.963949], [-43.203826, -22.964268], [-43.203762, -22.964705], [-43.203668, -22.965388], [-43.203631, -22.96571], [-43.203587, -22.966206], [-43.203556, -22.966505], [-43.203556, -22.966617], [-43.203553, -22.96674], [-43.203569, -22.966883], [-43.203589, -22.96699], [-43.203643, -22.967133], [-43.203707, -22.967259], [-43.20375, -22.967336], [-43.203796, -22.967408], [-43.203888, -22.967529], [-43.204888, -22.968571], [-43.205701, -22.969445], [-43.205874, -22.969625], [-43.207887, -22.971672], [-43.207966, -22.971753], [-43.208152, -22.971939], [-43.208232, -22.97204], [-43.208315, -22.972153], [-43.208351, -22.972247], [-43.20836, -22.972337], [-43.208322, -22.972502], [-43.208028, -22.973335], [-43.207944, -22.973559], [-43.207911, -22.973646], [-43.207828, -22.973824], [-43.207788, -22.973962], [-43.207663, -22.974261], [-43.207582, -22.974393], [-43.207525, -22.974441], [-43.207466, -22.974485], [-43.207363, -22.974526], [-43.207244, -22.974555], [-43.207141, -22.974573], [-43.207016, -22.974544], [-43.20692, -22.974506], [-43.20683, -22.974451], [-43.205487, -22.973742], [-43.205117, -22.973558], [-43.20457, -22.973268], [-43.204514, -22.97324], [-43.204454, -22.973214], [-43.204404, -22.973197], [-43.204016, -22.973044], [-43.203954, -22.973029], [-43.203879, -22.973016], [-43.203804, -22.973011], [-43.203686, -22.972999], [-43.203541, -22.972992], [-43.203389, -22.972992], [-43.203261, -22.972998], [-43.203176, -22.973007], [-43.203109, -22.973015], [-43.203025, -22.973034], [-43.202756, -22.973097], [-43.202592, -22.973152], [-43.202492, -22.973192], [-43.202239, -22.973312], [-43.202115, -22.973383], [-43.202018, -22.973449], [-43.201783, -22.97363], [-43.201488, -22.973914], [-43.201269, -22.974138], [-43.201213, -22.974198], [-43.201154, -22.974263], [-43.200992, -22.974435], [-43.200687, -22.974787], [-43.200494, -22.975044], [-43.20035, -22.975236], [-43.200319, -22.975281], [-43.20002, -22.975717], [-43.199628, -22.976284], [-43.199353, -22.976724], [-43.199294, -22.976817], [-43.199247, -22.976893], [-43.199187, -22.977027], [-43.199154, -22.977137], [-43.199118, -22.977315], [-43.199121, -22.977492], [-43.199148, -22.977668], [-43.199186, -22.977807], [-43.199222, -22.977902], [-43.199282, -22.978041], [-43.199352, -22.978167], [-43.199452, -22.978301], [-43.199517, -22.978369], [-43.199616, -22.978452], [-43.199781, -22.978559], [-43.199877, -22.9786], [-43.200136, -22.978705], [-43.200979, -22.978925], [-43.202662, -22.979394], [-43.202697, -22.979403], [-43.203418, -22.979626], [-43.205571, -22.980224], [-43.205747, -22.980273], [-43.206572, -22.980499], [-43.206965, -22.980563], [-43.2074, -22.980596], [-43.207931, -22.980598], [-43.20811, -22.980588], [-43.208466, -22.98058], [-43.208864, -22.98055], [-43.209058, -22.980542], [-43.209136, -22.980539], [-43.209618, -22.980516], [-43.211146, -22.980445], [-43.211303, -22.980438], [-43.212505, -22.980379], [-43.213061, -22.980366], [-43.213176, -22.980363], [-43.213256, -22.980364], [-43.21337, -22.980366]]"
Praça José de Alencar,Flamengo,"[[-43.177876, -22.932767], [-43.177772, -22.932806], [-43.177682, -22.932856], [-43.177625, -22.932886], [-43.17759, -22.932904], [-43.177517, -22.932894], [-43.177301, -22.932935], [-43.177341, -22.932883], [-43.177393, -22.932808], [-43.17744, -22.932724], [-43.177459, -22.932685], [-43.177494, -22.932612], [-43.177522, -22.932547], [-43.177547, -22.932472], [-43.1776, -22.93256], [-43.177653, -22.93262], [-43.177699, -22.932664], [-43.177778, -22.932726], [-43.177876, -22.932767]]"
Praça David Ben Gurion,Laranjeiras,"[[-43.19063, -22.938521], [-43.190536, -22.938477], [-43.190475, -22.938421], [-43.190448, -22.938358], [-43.19043, -22.938285], [-43.190418, -22.938191], [-43.190398, -22.938097], [-43.190387, -22.937981], [-43.190398, -22.937959], [-43.190406, -22.937944], [-43.19042, -22.937919], [-43.190445, -22.937911], [-43.190485, -22.937912]]"
Rua Raimundo Corrêa,Copacabana,"[[-43.189921, -22.970732], [-43.189272, -22.971302], [-43.189186, -22.971382], [-43.188058, -22.972428], [-43.187956, -22.97252]]"
Rua das Laranjeiras,Catete,"[[-43.193036, -22.938576], [-43.192867, -22.938558], [-43.192662, -22.938537], [-43.192489, -22.938515], [-43.19224, -22.938489], [-43.191704, -22.938432], [-43.191566, -22.938415], [-43.191317, -22.938392], [-43.191171, -22.938372], [-43.191135, -22.938365], [-43.19104, -22.938334], [-43.190922, -22.938285], [-43.190863, -22.938254], [-43.190723, -22.938176], [-43.190635, -22.938096], [-43.190536, -22.93798], [-43.190485, -22.937912], [-43.19044, -22.937846], [-43.190416, -22.937681], [-43.190375, -22.937499], [-43.190343, -22.937361], [-43.190231, -22.936872], [-43.190219, -22.936818], [-43.190174, -22.936606], [-43.190123, -22.936484], [-43.190086, -22.936427], [-43.190072, -22.936399], [-43.190018, -22.936312], [-43.19, -22.936278], [-43.189927, -22.936183], [-43.189567, -22.935763], [-43.189404, -22.935596], [-43.189357, -22.935561], [-43.189014, -22.935361], [-43.188964, -22.93533], [-43.188932, -22.935312], [-43.188828, -22.935257], [-43.188709, -22.935193], [-43.188667, -22.935173], [-43.188606, -22.935141], [-43.188577, -22.935126], [-43.188443, -22.935057], [-43.188424, -22.93505], [-43.188366, -22.935019], [-43.188334, -22.935002], [-43.188055, -22.934837], [-43.187849, -22.934716], [-43.187625, -22.93457], [-43.18761, -22.934561], [-43.18751, -22.934494], [-43.187431, -22.934443]]"
Rua Almirante Gonçalves,Copacabana,"[[-43.191048, -22.97992], [-43.190789, -22.979928], [-43.19016, -22.97995], [-43.18973, -22.979966], [-43.189648, -22.979969], [-43.189622, -22.979972], [-43.189562, -22.979981]]"
Rua Marques,Humaitá,"[[-43.196815, -22.953782], [-43.196796, -22.953854], [-43.196763, -22.95398], [-43.196724, -22.954103], [-43.196589, -22.954522], [-43.196533, -22.954695], [-43.19645, -22.954944], [-43.196277, -22.955466], [-43.196262, -22.95551], [-43.196228, -22.955601]]"
Rua São Salvador,Flamengo,"[[-43.17734, -22.933575], [-43.177422, -22.933582], [-43.178113, -22.933665], [-43.178615, -22.933718], [-43.178772, -22.933738], [-43.178984, -22.933761], [-43.179159, -22.933791], [-43.179404, -22.933831], [-43.179808, -22.933935], [-43.180208, -22.934126], [-43.180457, -22.934245], [-43.180612, -22.934321], [-43.180695, -22.934391], [-43.180819, -22.934519], [-43.180915, -22.934617], [-43.181063, -22.934776], [-43.181463, -22.935122], [-43.181528, -22.935174]]"
Rua Pinheiro Guimarães,Botafogo,"[[-43.197005, -22.95851], [-43.196727, -22.958662], [-43.196584, -22.958716], [-43.196501, -22.958737], [-43.19641, -22.958744], [-43.196293, -22.958738], [-43.196154, -22.958729], [-43.195445, -22.958622], [-43.194966, -22.95855], [-43.194229, -22.958442], [-43.194196, -22.958437], [-43.19412, -22.958426], [-43.193204, -22.958292], [-43.192324, -22.958159], [-43.192087, -22.958117], [-43.191938, -22.95809], [-43.191876, -22.958084], [-43.191837, -22.958081], [-43.19181, -22.95808], [-43.191776, -22.958081], [-43.191725, -22.958087], [-43.191638, -22.958092], [-43.191559, -22.958093], [-43.191434, -22.958095]]"
Avenida Rodrigo Otávio,Gávea,"[[-43.226834, -22.978433], [-43.226772, -22.978384], [-43.226673, -22.97827], [-43.226654, -22.978239], [-43.226627, -22.978199], [-43.22658, -22.978083], [-43.226542, -22.977958], [-43.22653, -22.977875], [-43.226531, -22.977815], [-43.226508, -22.977134], [-43.226454, -22.976334], [-43.226392, -22.974931], [-43.226377, -22.974821], [-43.226367, -22.974782], [-43.22634, -22.974669], [-43.226316, -22.974597], [-43.226267, -22.974502], [-43.226239, -22.974608], [-43.226205, -22.974812], [-43.226198, -22.974886], [-43.226179, -22.974953], [-43.226158, -22.97515], [-43.226156, -22.975216], [-43.226155, -22.975303], [-43.226159, -22.975414], [-43.226212, -22.976474], [-43.22622, -22.976919], [-43.226235, -22.977381], [-43.226241, -22.977526], [-43.226246, -22.977606], [-43.226256, -22.977681], [-43.226279, -22.977742], [-43.226313, -22.97781], [-43.226344, -22.977865], [-43.226394, -22.977958], [-43.226483, -22.97811], [-43.226523, -22.978206], [-43.226541, -22.978247], [-43.226552, -22.978282], [-43.226548, -22.978365], [-43.226561, -22.978498]]"
Avenida Prefeito Mendes de Morais,São Conrado,"[[-43.267019, -22.999736], [-43.266911, -22.999725], [-43.266811, -22.999711], [-43.26644, -22.999671], [-43.26596, -22.999623], [-43.265854, -22.999611], [-43.265641, -22.999588], [-43.265426, -22.999564], [-43.26534, -22.999554], [-43.265085, -22.999521], [-43.264638, -22.999469], [-43.261568, -22.999111], [-43.259583, -22.9989], [-43.259457, -22.998884], [-43.259001, -22.998823], [-43.258277, -22.998715], [-43.257846, -22.998655], [-43.257753, -22.998647], [-43.257591, -22.998644], [-43.257561, -22.998641], [-43.256966, -22.998588]]"
Rua dos Oitis,Gávea,"[[-43.229744, -22.974759], [-43.228616, -22.974421], [-43.227427, -22.974046], [-43.227245, -22.974007], [-43.226991, -22.974004]]"
Rua Muniz Barreto,Botafogo,"[[-43.182254, -22.942322], [-43.182289, -22.942266], [-43.182302, -22.942249], [-43.182318, -22.942236], [-43.182338, -22.942227], [-43.182359, -22.942222], [-43.182385, -22.942224], [-43.18241, -22.942232], [-43.182432, -22.942247], [-43.182492, -22.94229], [-43.182645, -22.942374], [-43.182851, -22.942565], [-43.183044, -22.942744], [-43.183298, -22.943098], [-43.183385, -22.943239], [-43.18356, -22.943523], [-43.183649, -22.943662], [-43.183657, -22.943681], [-43.183669, -22.94371], [-43.183725, -22.943855], [-43.18388, -22.944436], [-43.183933, -22.944682], [-43.183947, -22.944747], [-43.184174, -22.945892], [-43.184186, -22.945975], [-43.184192, -22.946074], [-43.184211, -22.946881], [-43.184213, -22.947099], [-43.184217, -22.947274], [-43.18422, -22.947338], [-43.184226, -22.947481], [-43.184228, -22.947519], [-43.184234, -22.947711], [-43.184234, -22.94777], [-43.184234, -22.947867], [-43.184241, -22.948948], [-43.184238, -22.949194], [-43.184241, -22.9493]]"
Rua Guilhermina Guinle,Botafogo,"[[-43.187733, -22.952622], [-43.188787, -22.949758], [-43.188807, -22.949697], [-43.188854, -22.949551]]"
Rua Visconde de Carandaí,Jardim Botânico,"[[-43.21965, -22.964911], [-43.220613, -22.965995], [-43.220648, -22.966034]]"
Avenida Portugal,Urca,"[[-43.163921, -22.948326], [-43.164023, -22.948232], [-43.164084, -22.948175], [-43.164248, -22.948021], [-43.164377, -22.947935], [-43.164521, -22.947879], [-43.164675, -22.947859], [-43.164858, -22.947857], [-43.164964, -22.947879], [-43.165091, -22.947918], [-43.165359, -22.948084], [-43.166137, -22.948712], [-43.166891, -22.949332], [-43.167653, -22.94995], [-43.167682, -22.950011], [-43.167796, -22.950492], [-43.167965, -22.950807], [-43.168197, -22.951007], [-43.168693, -22.951377], [-43.169311, -22.951844], [-43.169342, -22.951867], [-43.170118, -22.952488], [-43.170159, -22.952523], [-43.170822, -22.95307], [-43.170947, -22.953169], [-43.171043, -22.953212], [-43.171096, -22.953212], [-43.171311, -22.953214]]"
Avenida João Luís Alves,Urca,"[[-43.159167, -22.943599], [-43.159416, -22.943558], [-43.159462, -22.943552], [-43.159727, -22.943514], [-43.159951, -22.943482], [-43.160134, -22.94346], [-43.16036, -22.943427], [-43.160675, -22.943392], [-43.160813, -22.943385], [-43.161293, -22.943375], [-43.161334, -22.943376], [-43.161506, -22.94339], [-43.161567, -22.943395], [-43.161632, -22.943411], [-43.161676, -22.943421], [-43.161771, -22.943462], [-43.161972, -22.943594], [-43.162115, -22.943703], [-43.162233, -22.943807], [-43.162459, -22.944052], [-43.162885, -22.944582], [-43.163313, -22.945259], [-43.16341, -22.945429], [-43.163659, -22.945875], [-43.163665, -22.946065], [-43.163619, -22.946203], [-43.163398, -22.946558], [-43.16331, -22.946716], [-43.163083, -22.947121], [-43.162846, -22.947532], [-43.162803, -22.947599], [-43.162738, -22.947689], [-43.162647, -22.94781], [-43.162578, -22.947992], [-43.162566, -22.948049], [-43.162582, -22.948143], [-43.162619, -22.948226], [-43.162694, -22.948305], [-43.162803, -22.948369], [-43.163054, -22.94844], [-43.163159, -22.948469], [-43.163177, -22.948474], [-43.163258, -22.948494], [-43.163375, -22.948517], [-43.163477, -22.948525], [-43.16357, -22.948516], [-43.163673, -22.948496]]"
Avenida Padre Leonel Franca,Gávea,"[[-43.230403, -22.979394], [-43.230262, -22.979473], [-43.230198, -22.979511], [-43.230118, -22.979549], [-43.230068, -22.979557], [-43.23002, -22.979563], [-43.229964, -22.979568], [-43.229914, -22.979559], [-43.229826, -22.979528], [-43.229747, -22.979482], [-43.229678, -22.979444], [-43.229618, -22.979416], [-43.229229, -22.979294], [-43.228977, -22.979211], [-43.228701, -22.979106], [-43.228398, -22.978983], [-43.228264, -22.978919], [-43.227105, -22.978641]]"
Rua Aristides Espínola,Leblon,"[[-43.227731, -22.984634], [-43.227334, -22.985537], [-43.227291, -22.985634], [-43.227252, -22.98572], [-43.226831, -22.986639], [-43.226332, -22.987759], [-43.226318, -22.987788], [-43.226286, -22.987868]]"
Rua Von Martius,Jardim Botânico,"[[-43.222778, -22.964144], [-43.222614, -22.964515], [-43.222499, -22.964733], [-43.222288, -22.965128], [-43.222265, -22.96517], [-43.222251, -22.965309]]"
Rua Ribeiro de Almeida,Laranjeiras,"[[-43.187433, -22.933182], [-43.187463, -22.933179], [-43.187489, -22.933189], [-43.187519, -22.933211], [-43.18757, -22.933237], [-43.187595, -22.933228], [-43.187576, -22.93317], [-43.187522, -22.933157], [-43.187481, -22.933108], [-43.187495, -22.933061], [-43.18757, -22.933011], [-43.187632, -22.932953], [-43.187689, -22.932921], [-43.187717, -22.932893], [-43.187762, -22.932863], [-43.187783, -22.932841], [-43.187777, -22.932803], [-43.187732, -22.932777], [-43.187714, -22.932772], [-43.187685, -22.932797], [-43.187192, -22.933142], [-43.187006, -22.933284], [-43.186568, -22.933645], [-43.186465, -22.933722]]"
Rua Pompeu Loureiro,Copacabana,"[[-43.191477, -22.97166], [-43.191564, -22.971841], [-43.1916, -22.971916], [-43.191807, -22.97221], [-43.191854, -22.972288], [-43.192052, -22.972619], [-43.19234, -22.973143], [-43.19242, -22.973308], [-43.192447, -22.973366], [-43.19253, -22.97354], [-43.192644, -22.97378], [-43.192663, -22.973826], [-43.192676, -22.97386], [-43.192729, -22.973959], [-43.192755, -22.97402], [-43.192888, -22.974269], [-43.193116, -22.974713], [-43.193252, -22.974979], [-43.193264, -22.975002], [-43.193498, -22.975458], [-43.193507, -22.975476], [-43.193556, -22.975579], [-43.193778, -22.976039]]"
Rua Desembargador Burle,Humaitá,"[[-43.196974, -22.956891], [-43.197516, -22.957003], [-43.19766, -22.957035], [-43.197808, -22.957034], [-43.197929, -22.957021], [-43.198076, -22.956982], [-43.198454, -22.956857], [-43.19852, -22.95684], [-43.198679, -22.956803]]"
Avenida Rainha Elizabeth,Copacabana,"[[-43.189496, -22.984581], [-43.189644, -22.98462], [-43.190188, -22.984769], [-43.190343, -22.984812], [-43.190497, -22.984854], [-43.191245, -22.98505], [-43.191385, -22.985086], [-43.191847, -22.985215], [-43.192399, -22.985368], [-43.192775, -22.985472], [-43.192881, -22.985501], [-43.194252, -22.985879], [-43.195063, -22.986107], [-43.196258, -22.986436], [-43.1963, -22.986448], [-43.197528, -22.986774], [-43.197726, -22.986815], [-43.197873, -22.986839]]"
Rua Carlos Gois,Leblon,"[[-43.219577, -22.986613], [-43.219589, -22.986495], [-43.219678, -22.985648], [-43.219765, -22.985008], [-43.219777, -22.984918], [-43.219867, -22.984294], [-43.21987, -22.984263], [-43.219905, -22.983952], [-43.219917, -22.98385], [-43.219926, -22.983763], [-43.219998, -22.983094], [-43.220145, -22.98191], [-43.220154, -22.981856]]"
Rua Ministro Tavares de Lira,Flamengo,"[[-43.179351, -22.931404], [-43.179351, -22.931429], [-43.179347, -22.93146], [-43.179329, -22.931543], [-43.17898, -22.932444], [-43.178924, -22.932667], [-43.178883, -22.932876]]"
Estrada da Gávea,São Conrado,"[[-43.267375, -22.998378], [-43.267163, -22.998283], [-43.267042, -22.99823], [-43.266853, -22.99816], [-43.266187, -22.997958], [-43.265871, -22.997906], [-43.265634, -22.997844], [-43.264195, -22.99747], [-43.261754, -22.996743], [-43.260845, -22.996408], [-43.260239, -22.996107], [-43.259525, -22.995689], [-43.259187, -22.995484], [-43.258953, -22.995333], [-43.25882, -22.995258], [-43.258701, -22.9952], [-43.258494, -22.995103], [-43.257686, -22.994736], [-43.257557, -22.99467], [-43.257441, -22.994613], [-43.257357, -22.994572], [-43.257091, -22.994456], [-43.256463, -22.994186], [-43.256364, -22.994138], [-43.256274, -22.994067], [-43.256229, -22.994018], [-43.256188, -22.993963], [-43.256139, -22.993864], [-43.256065, -22.993718], [-43.25598, -22.993598], [-43.255892, -22.993501], [-43.255766, -22.993385], [-43.255688, -22.993323], [-43.255145, -22.992807], [-43.255101, -22.992761], [-43.25484, -22.992619], [-43.254807, -22.992601], [-43.254706, -22.992544], [-43.25455, -22.992455], [-43.254325, -22.992333], [-43.253992, -22.992138], [-43.253878, -22.992045], [-43.253725, -22.991921], [-43.253561, -22.991642], [-43.253394, -22.991366], [-43.253341, -22.991294], [-43.253296, -22.991246], [-43.253227, -22.991197], [-43.253139, -22.991157], [-43.253049, -22.991128], [-43.252802, -22.991062], [-43.2527, -22.991033], [-43.252625, -22.991007], [-43.252542, -22.990968], [-43.252496, -22.990935], [-43.252452, -22.990885], [-43.252391, -22.990801], [-43.252307, -22.990636], [-43.252247, -22.990536], [-43.252047, -22.990352], [-43.252004, -22.990301], [-43.251975, -22.99024], [-43.251969, -22.990204], [-43.251974, -22.990153], [-43.251994, -22.990084], [-43.252057, -22.990005], [-43.252164, -22.989906], [-43.252321, -22.989796], [-43.252353, -22.989771], [-43.252382, -22.989745], [-43.252401, -22.989713], [-43.252406, -22.989684], [-43.252406, -22.989657], [-43.252393, -22.989627], [-43.252377, -22.9896], [-43.252346, -22.989573], [-43.252299, -22.989554], [-43.252226, -22.989532], [-43.252102, -22.9895], [-43.252006, -22.98948], [-43.251934, -22.989467], [-43.251857, -22.989461], [-43.251798, -22.989462], [-43.251734, -22.989471], [-43.251641, -22.989501], [-43.251579, -22.989521], [-43.25152, -22.989539], [-43.251492, -22.989545], [-43.251467, -22.989542], [-43.25145, -22.989532], [-43.251438, -22.989517], [-43.25143, -22.9895], [-43.25143, -22.98948], [-43.25144, -22.989462], [-43.251456, -22.989448], [-43.251479, -22.98944], [-43.251683, -22.989376], [-43.251703, -22.989363], [-43.251717, -22.989348], [-43.251725, -22.989329], [-43.251728, -22.989308], [-43.251725, -22.989287], [-43.251711, -22.989271], [-43.251691, -22.989259], [-43.25167, -22.989255], [-43.251649, -22.989256], [-43.251632, -22.98926], [-43.251603, -22.989269], [-43.251561, -22.989292], [-43.251506, -22.989319], [-43.25142, -22.989351], [-43.25136, -22.98937], [-43.251305, -22.989384], [-43.25126, -22.989389], [-43.251217, -22.989387], [-43.25117, -22.989377], [-43.251131, -22.989362], [-43.251092, -22.989333], [-43.25104, -22.989287], [-43.250879, -22.989081], [-43.250827, -22.989041], [-43.250768, -22.989013], [-43.250671, -22.988992], [-43.250388, -22.988976], [-43.250003, -22.988972], [-43.249785, -22.988968], [-43.249619, -22.988954], [-43.249543, -22.988941], [-43.249502, -22.988934], [-43.249419, -22.988907], [-43.249265, -22.988805], [-43.249125, -22.9887], [-43.248972, -22.988568], [-43.248913, -22.988504], [-43.248873, -22.988459], [-43.248798, -22.98838], [-43.248723, -22.988301], [-43.248657, -22.988234], [-43.248593, -22.988168], [-43.24848, -22.988089], [-43.248438, -22.988071], [-43.248374, -22.988043], [-43.248217, -22.988002], [-43.248066, -22.987975], [-43.247999, -22.987962], [-43.247817, -22.987929], [-43.247656, -22.987892], [-43.247596, -22.987886], [-43.247527, -22.98789], [-43.247474, -22.987897], [-43.247416, -22.987915], [-43.247346, -22.987943], [-43.247184, -22.98801], [-43.247017, -22.988071], [-43.246946, -22.988086], [-43.246894, -22.988085], [-43.246837, -22.988079], [-43.246783, -22.988059], [-43.246688, -22.988007], [-43.246578, -22.987927], [-43.246334, -22.987756], [-43.246261, -22.987679], [-43.246216, -22.987637], [-43.246177, -22.987614], [-43.246139, -22.987598], [-43.246096, -22.987591], [-43.246043, -22.987594], [-43.245993, -22.987609], [-43.245943, -22.987644], [-43.24586, -22.987724], [-43.245772, -22.987793], [-43.245705, -22.98782], [-43.245632, -22.987822], [-43.245535, -22.987798], [-43.245472, -22.987773], [-43.245434, -22.987765], [-43.245395, -22.987763], [-43.245349, -22.987773], [-43.245305, -22.9878], [-43.245191, -22.987893], [-43.245159, -22.987913], [-43.245124, -22.98793], [-43.245079, -22.987934], [-43.245043, -22.987927], [-43.245016, -22.987907], [-43.245009, -22.987883], [-43.245016, -22.987853], [-43.245036, -22.987818], [-43.245092, -22.987759], [-43.245135, -22.987726], [-43.245277, -22.987634], [-43.245339, -22.987596], [-43.245374, -22.987581], [-43.245401, -22.987574], [-43.245428, -22.987573], [-43.245464, -22.987582], [-43.245517, -22.987608], [-43.245556, -22.987618], [-43.245593, -22.987618], [-43.24563, -22.98761], [-43.245658, -22.987597], [-43.245686, -22.98758], [-43.245713, -22.987544], [-43.245783, -22.987431], [-43.2458, -22.98741], [-43.245842, -22.987365], [-43.245879, -22.987333], [-43.245935, -22.987299], [-43.246018, -22.98725], [-43.246125, -22.987226], [-43.246294, -22.987206], [-43.246383, -22.987191], [-43.246452, -22.987168], [-43.246495, -22.987146], [-43.246532, -22.987076], [-43.246655, -22.98697], [-43.246751, -22.986864], [-43.246863, -22.986765], [-43.246959, -22.986715], [-43.24702, -22.986692], [-43.247077, -22.986665], [-43.247172, -22.986644], [-43.247384, -22.986629], [-43.247618, -22.986588], [-43.247772, -22.986565], [-43.24787, -22.98655], [-43.247915, -22.986536], [-43.247934, -22.986513], [-43.247937, -22.986492], [-43.247923, -22.986466], [-43.24789, -22.986453], [-43.247811, -22.986447], [-43.247631, -22.986448], [-43.247399, -22.98645], [-43.247077, -22.986455], [-43.246857, -22.98646], [-43.246677, -22.986479], [-43.246403, -22.986531], [-43.246152, -22.986587], [-43.245845, -22.98667], [-43.245706, -22.98671], [-43.245607, -22.986738], [-43.245562, -22.98675], [-43.245524, -22.98676], [-43.245503, -22.986762], [-43.245489, -22.986762], [-43.245481, -22.986759], [-43.245478, -22.986752], [-43.245478, -22.986734], [-43.245481, -22.986701], [-43.245489, -22.986642], [-43.245488, -22.986568], [-43.245466, -22.986494], [-43.245437, -22.986437], [-43.245347, -22.986357], [-43.245087, -22.986133], [-43.24502, -22.986096], [-43.244934, -22.986067], [-43.244863, -22.98605], [-43.244777, -22.986038], [-43.244689, -22.986031], [-43.244676, -22.98603], [-43.244579, -22.986017], [-43.244482, -22.985998], [-43.244379, -22.985978], [-43.244293, -22.985951], [-43.24422, -22.985929], [-43.244146, -22.985909], [-43.244052, -22.985908], [-43.243895, -22.98593], [-43.243772, -22.985939], [-43.243669, -22.985933], [-43.243567, -22.985904], [-43.243491, -22.985892], [-43.243419, -22.985887], [-43.243301, -22.9859], [-43.243103, -22.985969], [-43.243066, -22.985967], [-43.243041, -22.98595], [-43.243029, -22.985926], [-43.243032, -22.985906], [-43.243064, -22.985852], [-43.243115, -22.98581], [-43.243155, -22.985783], [-43.243247, -22.98574], [-43.243324, -22.985729], [-43.2434, -22.985718], [-43.243493, -22.985719], [-43.243623, -22.985726], [-43.243683, -22.985716], [-43.243724, -22.985706], [-43.243783, -22.985679], [-43.243898, -22.985612], [-43.243991, -22.985552], [-43.244068, -22.985512], [-43.244146, -22.985502], [-43.244267, -22.985504], [-43.24438, -22.985516], [-43.244449, -22.985502], [-43.244556, -22.985447], [-43.244648, -22.985379], [-43.244767, -22.985261], [-43.24502, -22.984929], [-43.245145, -22.984771], [-43.245302, -22.984609], [-43.24537, -22.984517], [-43.245411, -22.984455], [-43.245417, -22.984429], [-43.245415, -22.984405], [-43.245406, -22.984388], [-43.24539, -22.984379], [-43.245357, -22.984376], [-43.245318, -22.984382], [-43.245008, -22.98445], [-43.244714, -22.984506], [-43.244526, -22.984539], [-43.244323, -22.984524], [-43.24426, -22.984503], [-43.24424, -22.984497], [-43.244133, -22.984441], [-43.244062, -22.984415], [-43.243987, -22.984401], [-43.243881, -22.984395], [-43.243781, -22.984413], [-43.243673, -22.984477], [-43.243621, -22.984527], [-43.243582, -22.98459], [-43.243572, -22.984639], [-43.243569, -22.984694], [-43.243576, -22.984762], [-43.243583, -22.984823], [-43.24358, -22.984873], [-43.243568, -22.984908], [-43.24355, -22.98493], [-43.24353, -22.984936], [-43.243508, -22.984933], [-43.243487, -22.984917], [-43.243468, -22.984894], [-43.243442, -22.984846], [-43.2434, -22.984764], [-43.243341, -22.984668], [-43.243282, -22.984612], [-43.243216, -22.984561], [-43.243123, -22.984519], [-43.242938, -22.98439], [-43.242902, -22.984349], [-43.242876, -22.984308], [-43.24287, -22.984259], [-43.242885, -22.984195], [-43.242934, -22.984123], [-43.243013, -22.984024], [-43.243052, -22.983964], [-43.243057, -22.983919], [-43.24304, -22.983889], [-43.243022, -22.983868], [-43.242975, -22.983826], [-43.242728, -22.983624], [-43.242517, -22.983444], [-43.242404, -22.983395], [-43.242367, -22.983386], [-43.242261, -22.983392], [-43.241992, -22.983552], [-43.241865, -22.983386], [-43.241785, -22.983222], [-43.241716, -22.983061], [-43.241675, -22.98298], [-43.241553, -22.982769], [-43.241438, -22.982605], [-43.241313, -22.982426], [-43.24123, -22.982336], [-43.241171, -22.982265], [-43.241086, -22.982173], [-43.240967, -22.982085], [-43.240957, -22.982079], [-43.240835, -22.982003], [-43.240621, -22.981889], [-43.240422, -22.981789], [-43.240342, -22.981755], [-43.240275, -22.981739], [-43.240218, -22.981728], [-43.240152, -22.981727]]"
Duvivier,Copacabana,"[[-43.177173, -22.966756], [-43.17725, -22.966639], [-43.177568, -22.966093], [-43.177711, -22.965847], [-43.177797, -22.965699], [-43.177863, -22.965587], [-43.178078, -22.965217], [-43.178308, -22.964824], [-43.178342, -22.964765], [-43.178681, -22.964184], [-43.178747, -22.96407]]"
Rua Ministro Tavares de Lira,Catete,"[[-43.179351, -22.931404], [-43.179351, -22.931429], [-43.179347, -22.93146], [-43.179329, -22.931543], [-43.17898, -22.932444], [-43.178924, -22.932667], [-43.178883, -22.932876]]"
Largo dos Leões,Humaitá,"[[-43.197184, -22.953608], [-43.196973, -22.953715], [-43.196815, -22.953782], [-43.196713, -22.953681], [-43.196391, -22.953007], [-43.196388, -22.952967], [-43.196436, -22.952864], [-43.196464, -22.952838], [-43.196513, -22.952812], [-43.196735, -22.952745]]"
Rua Joaquim Nabuco,Copacabana,"[[-43.189268, -22.985447], [-43.189304, -22.985474], [-43.189349, -22.985495], [-43.189406, -22.985511], [-43.189909, -22.985641], [-43.190081, -22.985685], [-43.190254, -22.98573], [-43.190955, -22.985911], [-43.191116, -22.985952], [-43.191278, -22.985994], [-43.192113, -22.98621], [-43.192297, -22.986257], [-43.195859, -22.987163]]"
Rua José Linhares,Leblon,"[[-43.222185, -22.980465], [-43.222111, -22.980995], [-43.221998, -22.981654], [-43.221906, -22.982114], [-43.221541, -22.983978], [-43.221526, -22.984054], [-43.221505, -22.984166], [-43.22134, -22.985045], [-43.221324, -22.985129], [-43.221139, -22.986064], [-43.22102, -22.986667], [-43.22101, -22.986715], [-43.220995, -22.986783]]"
Rua Barão de Icaraí,Flamengo,"[[-43.176374, -22.938353], [-43.176319, -22.938383], [-43.175371, -22.938909], [-43.174882, -22.939153], [-43.174702, -22.939271], [-43.174667, -22.939295], [-43.174597, -22.939353], [-43.17449, -22.93947]]"
Rua Conselheiro Lafaiete,Copacabana,"[[-43.191955, -22.986683], [-43.192109, -22.986254], [-43.192113, -22.98621], [-43.192139, -22.986167], [-43.192399, -22.985368], [-43.192637, -22.984492], [-43.192973, -22.983501]]"
João Saldanha,Copacabana,"[[-43.194408, -22.987945], [-43.194364, -22.987946], [-43.194345, -22.987941], [-43.194332, -22.98793], [-43.194282, -22.987884], [-43.194258, -22.987873], [-43.19423, -22.987864], [-43.192672, -22.98747], [-43.192418, -22.987403], [-43.192117, -22.987328], [-43.191999, -22.987298], [-43.191683, -22.987219], [-43.190949, -22.98703], [-43.188985, -22.986518]]"
Rua Visconde da Graça,Jardim Botânico,"[[-43.219129, -22.962886], [-43.218787, -22.963158], [-43.218312, -22.963539], [-43.217564, -22.964168], [-43.217494, -22.964225]]"
Praça Serzedelo Correia,Copacabana,"[[-43.183299, -22.969217], [-43.183823, -22.969555], [-43.184026, -22.969688], [-43.184128, -22.969746]]"
Praça José de Alencar,Catete,"[[-43.177876, -22.932767], [-43.177772, -22.932806], [-43.177682, -22.932856], [-43.177625, -22.932886], [-43.17759, -22.932904], [-43.177517, -22.932894], [-43.177301, -22.932935], [-43.177341, -22.932883], [-43.177393, -22.932808], [-43.17744, -22.932724], [-43.177459, -22.932685], [-43.177494, -22.932612], [-43.177522, -22.932547], [-43.177547, -22.932472], [-43.1776, -22.93256], [-43.177653, -22.93262], [-43.177699, -22.932664], [-43.177778, -22.932726], [-43.177876, -22.932767]]"
Rua Professor Ortiz Monteiro,Laranjeiras,"[[-43.191737, -22.940849], [-43.191817, -22.940894], [-43.191823, -22.940895], [-43.191881, -22.940909], [-43.191931, -22.940928], [-43.192012, -22.940971], [-43.19207, -22.941022], [-43.192115, -22.941068], [-43.192191, -22.941205], [-43.192241, -22.941323], [-43.192277, -22.941484], [-43.192321, -22.941706], [-43.192333, -22.941809], [-43.192368, -22.942127], [-43.192367, -22.942161], [-43.192363, -22.942312], [-43.192363, -22.942363], [-43.192367, -22.942445], [-43.192361, -22.942498], [-43.192349, -22.942676], [-43.192306, -22.942851], [-43.192226, -22.942931], [-43.192164, -22.942971], [-43.191976, -22.943014], [-43.19181, -22.94302], [-43.191639, -22.943024], [-43.191632, -22.943024]]"
Praça Ozanan,Botafogo,"[[-43.176294, -22.953049], [-43.176432, -22.952991], [-43.176606, -22.952911], [-43.176232, -22.952622], [-43.176192, -22.952589], [-43.175614, -22.952096]]"
Rua Marechal Cantuária,Urca,"[[-43.167965, -22.950807], [-43.167697, -22.95059], [-43.166908, -22.949861], [-43.165956, -22.949005], [-43.165786, -22.948871], [-43.165624, -22.948765], [-43.165439, -22.948677], [-43.165097, -22.948525], [-43.164879, -22.948451], [-43.164582, -22.948379], [-43.164178, -22.948321], [-43.164074, -22.948326], [-43.163921, -22.948326], [-43.163673, -22.948496]]"
Rua General Artigas,Leblon,"[[-43.227288, -22.982695], [-43.226602, -22.983177], [-43.226504, -22.983247], [-43.226464, -22.983354], [-43.22582, -22.985013], [-43.225786, -22.985092], [-43.22575, -22.985188], [-43.225429, -22.986041], [-43.225395, -22.986132], [-43.224928, -22.987305], [-43.224877, -22.987432]]"
Travessa Carlos de Sá,Catete,"[[-43.178487, -22.925924], [-43.17853, -22.925323], [-43.178649, -22.925042], [-43.178676, -22.924953]]"
Rua Cândido Gaffrée,Urca,"[[-43.162638, -22.947579], [-43.162206, -22.946915], [-43.162137, -22.946807], [-43.161812, -22.946313], [-43.1613, -22.945492], [-43.160907, -22.944892], [-43.160063, -22.943555]]"
Rua Tavares Bastos,Catete,"[[-43.189556, -22.930109], [-43.189707, -22.929701], [-43.189776, -22.929567], [-43.189835, -22.929489], [-43.189811, -22.929455], [-43.189791, -22.929396], [-43.189646, -22.929159], [-43.189591, -22.929137], [-43.189526, -22.929087], [-43.18934, -22.929001], [-43.189054, -22.928847], [-43.189009, -22.928836], [-43.188966, -22.92883], [-43.188766, -22.92883], [-43.188645, -22.92883], [-43.188368, -22.92883], [-43.187909, -22.928843], [-43.187862, -22.928835], [-43.187289, -22.928719], [-43.186446, -22.928499], [-43.186344, -22.928487], [-43.186243, -22.928509], [-43.186176, -22.928563], [-43.185928, -22.928771], [-43.185873, -22.928796], [-43.185806, -22.928803], [-43.185514, -22.928775], [-43.184875, -22.928651], [-43.184486, -22.928596], [-43.184341, -22.92857], [-43.183651, -22.928621], [-43.183375, -22.928601], [-43.183013, -22.928593], [-43.182005, -22.928606], [-43.181898, -22.928602], [-43.181844, -22.928576], [-43.181826, -22.928529], [-43.181849, -22.92846], [-43.181879, -22.928404], [-43.182071, -22.927999], [-43.182087, -22.927971], [-43.182106, -22.927955], [-43.182235, -22.927891], [-43.18229, -22.927841], [-43.182321, -22.927799], [-43.18233, -22.927753], [-43.182324, -22.927662], [-43.182307, -22.927504], [-43.182288, -22.927467], [-43.18225, -22.92742], [-43.182078, -22.927359], [-43.181938, -22.927304], [-43.181839, -22.927256], [-43.181777, -22.927212], [-43.18175, -22.927179], [-43.181744, -22.927115], [-43.181737, -22.926972], [-43.181727, -22.926867], [-43.181707, -22.926811], [-43.181583, -22.926627], [-43.181554, -22.926569], [-43.181534, -22.926526], [-43.181519, -22.926484], [-43.181504, -22.92643], [-43.181398, -22.925993], [-43.181372, -22.925965], [-43.181342, -22.92596], [-43.181321, -22.925971], [-43.181307, -22.925995], [-43.181342, -22.926126], [-43.181352, -22.926203], [-43.181346, -22.926285], [-43.181324, -22.926351], [-43.181285, -22.926431], [-43.181287, -22.926468], [-43.181352, -22.926604], [-43.181371, -22.926643], [-43.181399, -22.926692], [-43.181418, -22.92673], [-43.181416, -22.926756], [-43.181403, -22.926774], [-43.181387, -22.926782], [-43.181366, -22.926777], [-43.181346, -22.92676], [-43.181332, -22.926729], [-43.181312, -22.926667], [-43.18124, -22.926545], [-43.181198, -22.926474], [-43.181183, -22.926419], [-43.181181, -22.926354], [-43.181187, -22.926237], [-43.181179, -22.926173], [-43.181159, -22.926131], [-43.181134, -22.926086], [-43.181107, -22.926039], [-43.181052, -22.925957], [-43.181032, -22.925948], [-43.181015, -22.925951], [-43.180997, -22.925962], [-43.180986, -22.925982], [-43.180985, -22.926], [-43.181004, -22.926032], [-43.181045, -22.926087], [-43.181066, -22.926122], [-43.18109, -22.926176], [-43.181101, -22.926235], [-43.181094, -22.926278], [-43.181055, -22.926362], [-43.181019, -22.926441], [-43.180981, -22.926506], [-43.180948, -22.926546], [-43.18092, -22.926559], [-43.180883, -22.926555], [-43.180856, -22.92654], [-43.180837, -22.926506], [-43.180834, -22.926456], [-43.18085, -22.926412], [-43.180878, -22.92632], [-43.180887, -22.92623], [-43.18088, -22.926171], [-43.180871, -22.926116], [-43.18085, -22.926071], [-43.180832, -22.926027], [-43.1808, -22.925968], [-43.180781, -22.92592], [-43.18077, -22.925906], [-43.180754, -22.925897], [-43.18074, -22.925897], [-43.180726, -22.925902], [-43.180713, -22.925912], [-43.180708, -22.925932], [-43.180711, -22.925954], [-43.180741, -22.926034], [-43.180767, -22.926089], [-43.180774, -22.926119], [-43.18078, -22.926158], [-43.18077, -22.92621], [-43.180739, -22.926298], [-43.180686, -22.926365], [-43.18064, -22.926424], [-43.180597, -22.926479], [-43.180542, -22.926523], [-43.180463, -22.926553], [-43.1804, -22.926542], [-43.180357, -22.926509], [-43.180344, -22.926461], [-43.180358, -22.926413], [-43.180395, -22.926331], [-43.180434, -22.926258], [-43.180444, -22.926206], [-43.18043, -22.926162], [-43.180407, -22.926129], [-43.180379, -22.92609], [-43.180333, -22.926032], [-43.18031, -22.925996], [-43.180294, -22.925944], [-43.180285, -22.925888], [-43.180287, -22.925818], [-43.180305, -22.925746], [-43.180317, -22.925696], [-43.180305, -22.925656], [-43.180278, -22.925637], [-43.180229, -22.925631], [-43.180169, -22.925653], [-43.180131, -22.925671], [-43.180086, -22.925705], [-43.180047, -22.925739], [-43.179988, -22.925841], [-43.179677, -22.926558], [-43.179687, -22.926609], [-43.179721, -22.92669], [-43.179759, -22.926736], [-43.179823, -22.926765], [-43.179998, -22.926795], [-43.180029, -22.926816], [-43.180045, -22.926857], [-43.180052, -22.927075], [-43.180055, -22.927206], [-43.179354, -22.927192]]"
João Saldanha,Ipanema,"[[-43.194408, -22.987945], [-43.194364, -22.987946], [-43.194345, -22.987941], [-43.194332, -22.98793], [-43.194282, -22.987884], [-43.194258, -22.987873], [-43.19423, -22.987864], [-43.192672, -22.98747], [-43.192418, -22.987403], [-43.192117, -22.987328], [-43.191999, -22.987298], [-43.191683, -22.987219], [-43.190949, -22.98703], [-43.188985, -22.986518]]"
Rua Redentor,Ipanema,"[[-43.213867, -22.982122], [-43.213474, -22.982187], [-43.213361, -22.982195], [-43.211718, -22.98228], [-43.211233, -22.982304], [-43.210541, -22.982341], [-43.209106, -22.982416], [-43.207771, -22.982486], [-43.207052, -22.982524], [-43.206991, -22.982527], [-43.206918, -22.982531], [-43.206285, -22.982564], [-43.205381, -22.982611], [-43.204945, -22.982634], [-43.204859, -22.982638]]"
Rua Cardoso Júnior,Laranjeiras,"[[-43.19044, -22.937846], [-43.190422, -22.937876], [-43.190407, -22.937895], [-43.190382, -22.937913], [-43.190369, -22.937927], [-43.190345, -22.937948], [-43.190074, -22.937991], [-43.18987, -22.938022], [-43.189852, -22.938024], [-43.189836, -22.938026], [-43.189825, -22.938026], [-43.189816, -22.938025], [-43.189807, -22.938024], [-43.1898, -22.938022], [-43.189793, -22.938019], [-43.189785, -22.938015], [-43.189779, -22.93801], [-43.189774, -22.938005], [-43.189769, -22.938], [-43.189766, -22.937994], [-43.189761, -22.937984], [-43.189758, -22.937975], [-43.189757, -22.937965], [-43.189759, -22.937851], [-43.189758, -22.937841], [-43.189756, -22.937831], [-43.189753, -22.937822], [-43.189748, -22.937815], [-43.189743, -22.937809], [-43.189736, -22.937804], [-43.189727, -22.937801], [-43.18972, -22.9378], [-43.189714, -22.937799], [-43.189707, -22.937799], [-43.189701, -22.9378], [-43.189695, -22.937802], [-43.189689, -22.937804], [-43.189681, -22.937809], [-43.189677, -22.937816], [-43.189674, -22.937822], [-43.189671, -22.937831], [-43.189669, -22.937839], [-43.189668, -22.937848], [-43.189661, -22.938248], [-43.189656, -22.938422], [-43.189654, -22.938497], [-43.189645, -22.938809], [-43.18964, -22.938877], [-43.18963, -22.938947], [-43.189625, -22.938972], [-43.189615, -22.939], [-43.189599, -22.939023], [-43.189582, -22.939039], [-43.189552, -22.939058], [-43.189524, -22.939063], [-43.189492, -22.939063], [-43.189445, -22.939061], [-43.189407, -22.939056], [-43.189369, -22.939049], [-43.189341, -22.939041], [-43.189302, -22.939028], [-43.18927, -22.93901], [-43.189231, -22.938978], [-43.189194, -22.938947], [-43.189167, -22.938923], [-43.189147, -22.938906], [-43.189133, -22.938889], [-43.189123, -22.938867], [-43.189115, -22.938834], [-43.189113, -22.938805], [-43.189116, -22.938775], [-43.189129, -22.93875], [-43.189154, -22.938728], [-43.189217, -22.938693], [-43.189246, -22.938675], [-43.189276, -22.938657], [-43.189304, -22.938635], [-43.189324, -22.938615], [-43.18934, -22.938592], [-43.189351, -22.93857], [-43.189362, -22.93854], [-43.189368, -22.938521], [-43.18937, -22.938506], [-43.189371, -22.938497], [-43.189373, -22.938459], [-43.189404, -22.938001], [-43.189404, -22.937973], [-43.189399, -22.937955], [-43.189387, -22.93794], [-43.189374, -22.937928], [-43.189355, -22.937919], [-43.189334, -22.937913], [-43.189316, -22.937912], [-43.189293, -22.937916], [-43.189276, -22.937924], [-43.189261, -22.937935], [-43.18925, -22.937947], [-43.189245, -22.937962], [-43.18924, -22.937979], [-43.189238, -22.938002], [-43.189237, -22.938026], [-43.189234, -22.9382], [-43.189233, -22.938236], [-43.189229, -22.938275], [-43.18922, -22.938328], [-43.189199, -22.938386], [-43.18918, -22.938433], [-43.189161, -22.938464], [-43.18913, -22.938502], [-43.189094, -22.938534], [-43.189063, -22.938555], [-43.189026, -22.938576], [-43.188987, -22.938593], [-43.188934, -22.938609], [-43.188872, -22.938627], [-43.188831, -22.938637], [-43.188805, -22.938647], [-43.188786, -22.938658], [-43.188773, -22.93867], [-43.188757, -22.93869], [-43.188749, -22.93871], [-43.188745, -22.938736], [-43.188746, -22.938762], [-43.188752, -22.938791], [-43.188761, -22.938808], [-43.188784, -22.938839], [-43.188811, -22.938868], [-43.188837, -22.938895], [-43.188899, -22.938959], [-43.188961, -22.939023], [-43.189022, -22.939075], [-43.189238, -22.939247], [-43.189252, -22.939258], [-43.189258, -22.939265], [-43.189264, -22.939273], [-43.189269, -22.939282], [-43.189271, -22.939291], [-43.18927, -22.9393], [-43.189269, -22.939308], [-43.189265, -22.939314], [-43.189257, -22.939324], [-43.189248, -22.939331], [-43.189236, -22.939334], [-43.189222, -22.939337], [-43.189204, -22.939338], [-43.189188, -22.939336], [-43.189168, -22.939329], [-43.189147, -22.93932], [-43.189102, -22.939292], [-43.189044, -22.939252], [-43.188915, -22.939167], [-43.188777, -22.939066], [-43.188685, -22.938984], [-43.188612, -22.938908], [-43.188564, -22.938852], [-43.188542, -22.938821], [-43.188526, -22.938794], [-43.188517, -22.938767], [-43.188511, -22.938723], [-43.188516, -22.93866], [-43.188629, -22.938221], [-43.188635, -22.938192], [-43.188637, -22.938161], [-43.188634, -22.938138], [-43.188628, -22.938118], [-43.188614, -22.938097], [-43.188599, -22.938079], [-43.188401, -22.93786], [-43.188302, -22.937752], [-43.188271, -22.937721], [-43.188241, -22.937699], [-43.188208, -22.937683], [-43.187492, -22.937326], [-43.187441, -22.937303], [-43.187401, -22.937287], [-43.187352, -22.937275], [-43.187319, -22.937271], [-43.187289, -22.93727], [-43.187256, -22.937274], [-43.187223, -22.937282], [-43.187176, -22.937303], [-43.187139, -22.937328], [-43.187122, -22.937351], [-43.187117, -22.93737], [-43.187115, -22.937397], [-43.187121, -22.937426], [-43.18714, -22.937457], [-43.187491, -22.937973], [-43.187764, -22.938367], [-43.187801, -22.938423], [-43.187976, -22.938676], [-43.187999, -22.93871], [-43.188186, -22.938943], [-43.188264, -22.939039], [-43.188328, -22.939115], [-43.188373, -22.939164], [-43.188492, -22.939308], [-43.188767, -22.939609], [-43.188877, -22.939713], [-43.18897, -22.939818], [-43.189022, -22.939888], [-43.189049, -22.939971], [-43.189083, -22.940113], [-43.18912, -22.940223], [-43.189159, -22.940297], [-43.189215, -22.940396], [-43.189274, -22.940472], [-43.189358, -22.940554], [-43.18949, -22.940678], [-43.189549, -22.940743], [-43.1896, -22.940818], [-43.189653, -22.940926], [-43.189673, -22.941069], [-43.189683, -22.941237]]"
Rua Conde de Baependi,Laranjeiras,"[[-43.183025, -22.933826], [-43.18296, -22.933811], [-43.182896, -22.933792], [-43.182619, -22.9337], [-43.182255, -22.933596], [-43.181308, -22.933324], [-43.18108, -22.93328], [-43.181008, -22.933266], [-43.180911, -22.933247], [-43.180791, -22.933223], [-43.180665, -22.933198], [-43.180538, -22.933171], [-43.180314, -22.933122], [-43.17975, -22.933007], [-43.179523, -22.932961], [-43.179232, -22.932911], [-43.179095, -22.932897], [-43.179033, -22.932891], [-43.178883, -22.932876], [-43.177876, -22.932767]]"
Rua Gago Coutinho,Catete,"[[-43.182189, -22.932348], [-43.182209, -22.932307], [-43.182211, -22.932299], [-43.182404, -22.931793], [-43.182425, -22.931738], [-43.181354, -22.93139], [-43.180889, -22.931238], [-43.180097, -22.930985], [-43.179842, -22.930904], [-43.179548, -22.930824], [-43.179531, -22.930818], [-43.179497, -22.930808]]"
Rua Leopoldo Miguez,Copacabana,"[[-43.191919, -22.978576], [-43.191718, -22.977805], [-43.191696, -22.97772], [-43.191438, -22.976678], [-43.19123, -22.975793], [-43.190522, -22.974606], [-43.189893, -22.973456]]"
Rua Tucuman,Flamengo,"[[-43.174409, -22.934972], [-43.174474, -22.934981], [-43.174891, -22.934939], [-43.174947, -22.93493]]"
Rua Pinheiro Machado,Laranjeiras,"[[-43.182638, -22.940775], [-43.182677, -22.940591], [-43.182771, -22.940233], [-43.182863, -22.939887], [-43.183139, -22.938845], [-43.183165, -22.93874], [-43.183237, -22.938457], [-43.183343, -22.938088], [-43.183379, -22.937962], [-43.183399, -22.937893], [-43.183454, -22.937697], [-43.183549, -22.93737], [-43.183659, -22.936936], [-43.183665, -22.93691], [-43.183845, -22.936179], [-43.183856, -22.936134], [-43.18393, -22.935851], [-43.183988, -22.935622], [-43.184003, -22.935562], [-43.184163, -22.935103], [-43.184161, -22.934936], [-43.184301, -22.934463], [-43.18442, -22.93386], [-43.184461, -22.933675], [-43.184508, -22.933523], [-43.184529, -22.933444], [-43.184538, -22.933419], [-43.184547, -22.933385], [-43.184559, -22.933335], [-43.184619, -22.933091]]"
Botafogo,Botafogo,"[[-43.188905, -22.955343], [-43.189896, -22.955821], [-43.189971, -22.95582], [-43.189988, -22.955816], [-43.190085, -22.955773], [-43.19081, -22.956067], [-43.191786, -22.956462], [-43.191867, -22.956562], [-43.191907, -22.956613], [-43.191973, -22.956663], [-43.192057, -22.956724], [-43.193066, -22.957107], [-43.194358, -22.957537], [-43.194344, -22.957578], [-43.194329, -22.957626], [-43.194406, -22.957651], [-43.194465, -22.957671], [-43.195196, -22.957909], [-43.195842, -22.958093], [-43.196721, -22.958272], [-43.196872, -22.958313], [-43.196943, -22.958373], [-43.197057, -22.958383], [-43.197143, -22.95842], [-43.197205, -22.958427], [-43.197235, -22.958435], [-43.197336, -22.958425], [-43.197459, -22.958441], [-43.19764, -22.958492], [-43.19855, -22.958711], [-43.198606, -22.958726], [-43.199147, -22.958866], [-43.200198, -22.959157], [-43.200304, -22.959134], [-43.200347, -22.959068], [-43.20035, -22.959063], [-43.200771, -22.959251], [-43.20253, -22.960067], [-43.202532, -22.960082], [-43.202545, -22.960166], [-43.202559, -22.960244], [-43.202783, -22.960357], [-43.202854, -22.960463], [-43.202899, -22.960543], [-43.202956, -22.960596], [-43.20298, -22.960676], [-43.203097, -22.960742], [-43.203175, -22.960733], [-43.203248, -22.960694], [-43.203251, -22.960663], [-43.203259, -22.960632], [-43.203273, -22.960604], [-43.203295, -22.960576], [-43.203322, -22.960553], [-43.203353, -22.960534], [-43.203453, -22.960516], [-43.203603, -22.960547], [-43.203774, -22.960647], [-43.203859, -22.960816], [-43.203763, -22.961908], [-43.20373, -22.961977], [-43.203716, -22.962047], [-43.203719, -22.96212], [-43.203744, -22.962173], [-43.203725, -22.962477], [-43.203736, -22.962537], [-43.20385, -22.962602], [-43.203963, -22.962667], [-43.204014, -22.962701], [-43.204031, -22.962726], [-43.204045, -22.962756], [-43.204229, -22.963095], [-43.204339, -22.963154], [-43.204478, -22.96315], [-43.204742, -22.963159]]"
Rua Nascimento Silva,Ipanema,"[[-43.199593, -22.982378], [-43.199644, -22.982379], [-43.200468, -22.982322], [-43.200598, -22.982313], [-43.202631, -22.98221], [-43.202709, -22.982206], [-43.204755, -22.982101], [-43.204832, -22.982099], [-43.204902, -22.982096], [-43.205987, -22.982042], [-43.206839, -22.982001], [-43.206963, -22.981997], [-43.207016, -22.981994], [-43.208921, -22.981883], [-43.209065, -22.981876], [-43.211097, -22.981775], [-43.211196, -22.98177], [-43.213251, -22.981654], [-43.213318, -22.981654], [-43.213614, -22.981646], [-43.213687, -22.981643]]"
Rua Bulhões de Carvalho,Ipanema,"[[-43.194761, -22.981843], [-43.19449, -22.982712], [-43.194256, -22.983486], [-43.194133, -22.983915], [-43.193512, -22.984705], [-43.192941, -22.985425], [-43.192881, -22.985501], [-43.192297, -22.986257], [-43.191955, -22.986683], [-43.191896, -22.986759], [-43.191722, -22.986982], [-43.191699, -22.987011], [-43.191647, -22.987078], [-43.1916, -22.987137]]"
Travessa Angrense,Copacabana,"[[-43.188055, -22.971416], [-43.187633, -22.971876], [-43.187576, -22.971939]]"
Rua Paulino Fernandes,Botafogo,"[[-43.184061, -22.954121], [-43.184103, -22.9541], [-43.184123, -22.954088], [-43.184788, -22.953693], [-43.185308, -22.953335], [-43.185333, -22.953318], [-43.185387, -22.953292], [-43.185546, -22.953151], [-43.185685, -22.953028], [-43.186599, -22.95222]]"
Rua 5 de Julho,Copacabana,"[[-43.188806, -22.969075], [-43.188484, -22.96946]]"
Rua Viúva Lacerda,Humaitá,"[[-43.198999, -22.957251], [-43.199176, -22.957055], [-43.200498, -22.955572], [-43.200531, -22.955492]]"
Rua Batista da Costa,Jardim Botânico,"[[-43.217523, -22.964252], [-43.217095, -22.964584], [-43.217046, -22.964628], [-43.217015, -22.964693], [-43.216956, -22.964871]]"
Rua Barão do Flamengo,Flamengo,"[[-43.177301, -22.932935], [-43.177137, -22.932969], [-43.177099, -22.932974], [-43.177004, -22.932993], [-43.176886, -22.933005], [-43.1748, -22.933202], [-43.17466, -22.933194], [-43.174522, -22.93319], [-43.174396, -22.933187]]"
Praça São Salvador,Laranjeiras,"[[-43.18, -22.933581], [-43.179905, -22.933754], [-43.179808, -22.933935]]"
Avenida Rainha Elizabeth,Ipanema,"[[-43.189496, -22.984581], [-43.189644, -22.98462], [-43.190188, -22.984769], [-43.190343, -22.984812], [-43.190497, -22.984854], [-43.191245, -22.98505], [-43.191385, -22.985086], [-43.191847, -22.985215], [-43.192399, -22.985368], [-43.192775, -22.985472], [-43.192881, -22.985501], [-43.194252, -22.985879], [-43.195063, -22.986107], [-43.196258, -22.986436], [-43.1963, -22.986448], [-43.197528, -22.986774], [-43.197726, -22.986815], [-43.197873, -22.986839]]"
Avenida Venceslau Braz,Botafogo,"[[-43.177565, -22.955322], [-43.177544, -22.955117], [-43.177526, -22.954975], [-43.177501, -22.954874], [-43.177432, -22.9547], [-43.177357, -22.954557], [-43.176878, -22.953903], [-43.176655, -22.953552], [-43.176374, -22.953167], [-43.176341, -22.953118], [-43.176294, -22.953049], [-43.175723, -22.952249], [-43.175614, -22.952096], [-43.175291, -22.951675], [-43.17526, -22.951633]]"
Rua Marques,Botafogo,"[[-43.196815, -22.953782], [-43.196796, -22.953854], [-43.196763, -22.95398], [-43.196724, -22.954103], [-43.196589, -22.954522], [-43.196533, -22.954695], [-43.19645, -22.954944], [-43.196277, -22.955466], [-43.196262, -22.95551], [-43.196228, -22.955601]]"
Rua Bartolomeu Portela,Botafogo,"[[-43.17607, -22.950702], [-43.176891, -22.951793]]"
Ladeira dos Tabajaras,Copacabana,"[[-43.192431, -22.959747], [-43.19233, -22.9598], [-43.192234, -22.959859], [-43.192187, -22.959891], [-43.192112, -22.959939], [-43.191949, -22.960103], [-43.191771, -22.96033], [-43.191673, -22.960476], [-43.191623, -22.960577], [-43.191579, -22.960724], [-43.191598, -22.960745], [-43.191615, -22.960775], [-43.191622, -22.960832], [-43.191609, -22.960906], [-43.191524, -22.96125], [-43.191497, -22.961348], [-43.191455, -22.961427], [-43.191382, -22.961535], [-43.191289, -22.961616], [-43.191163, -22.961699], [-43.191065, -22.961755], [-43.190911, -22.961849], [-43.190775, -22.961923], [-43.190704, -22.961956], [-43.190612, -22.961976], [-43.190534, -22.961984], [-43.190502, -22.961988], [-43.190474, -22.962005], [-43.190462, -22.962031], [-43.190466, -22.962053], [-43.190487, -22.96207], [-43.190513, -22.962079], [-43.190547, -22.962087], [-43.190581, -22.962086], [-43.190706, -22.962066], [-43.190847, -22.962055], [-43.190993, -22.962036], [-43.19114, -22.961999], [-43.191612, -22.961806], [-43.191636, -22.9618], [-43.19166, -22.96181], [-43.191669, -22.961827], [-43.191671, -22.961851], [-43.191664, -22.961867], [-43.191496, -22.962118], [-43.191439, -22.962179], [-43.19138, -22.962216], [-43.191322, -22.962236], [-43.191232, -22.962258], [-43.191189, -22.962275], [-43.191097, -22.962303], [-43.191118, -22.96251], [-43.191126, -22.96259], [-43.191115, -22.962646], [-43.191097, -22.962705], [-43.191068, -22.962778], [-43.191053, -22.962825], [-43.191031, -22.962876], [-43.191019, -22.962898], [-43.190997, -22.962928], [-43.190934, -22.963046], [-43.190911, -22.963104], [-43.190896, -22.963154], [-43.190873, -22.963251], [-43.190853, -22.963354], [-43.190837, -22.963385], [-43.190823, -22.963407], [-43.190751, -22.963477], [-43.190656, -22.963564], [-43.19057, -22.963636], [-43.190542, -22.963662], [-43.190513, -22.963677], [-43.190469, -22.963693], [-43.190281, -22.963728], [-43.190228, -22.963747], [-43.190203, -22.963766], [-43.190181, -22.963789], [-43.190137, -22.963834], [-43.190044, -22.963951], [-43.189903, -22.964133], [-43.189814, -22.96426], [-43.18967, -22.964438], [-43.189622, -22.964493], [-43.189573, -22.964524], [-43.189542, -22.96454], [-43.189518, -22.964552], [-43.189459, -22.964582], [-43.18944, -22.964589], [-43.189403, -22.964605], [-43.189315, -22.964643], [-43.189144, -22.964706], [-43.188997, -22.964773], [-43.188972, -22.964783], [-43.188839, -22.96485], [-43.188583, -22.964977], [-43.188555, -22.96499], [-43.188468, -22.965028], [-43.188314, -22.965078], [-43.18819, -22.965116], [-43.188128, -22.965136], [-43.187937, -22.965187], [-43.187878, -22.965203], [-43.187842, -22.965215], [-43.187807, -22.965226], [-43.18778, -22.965235], [-43.187765, -22.965242], [-43.187754, -22.96525], [-43.187744, -22.96526], [-43.187694, -22.965318], [-43.18768, -22.965345], [-43.187666, -22.965374], [-43.187618, -22.96544], [-43.18756, -22.965503], [-43.187457, -22.965607], [-43.187086, -22.965962], [-43.18699, -22.96608], [-43.186788, -22.966326], [-43.186681, -22.966496], [-43.186623, -22.966593], [-43.186616, -22.966624], [-43.186618, -22.966647], [-43.186646, -22.966695]]"
Rua Júlio de Castilhos,Ipanema,"[[-43.193512, -22.984705], [-43.192637, -22.984492], [-43.191765, -22.984254], [-43.191642, -22.984221], [-43.190766, -22.983995], [-43.190602, -22.983951], [-43.190465, -22.983914], [-43.189886, -22.983755], [-43.189749, -22.983725]]"
Rua Júlio de Castilhos,Copacabana,"[[-43.193512, -22.984705], [-43.192637, -22.984492], [-43.191765, -22.984254], [-43.191642, -22.984221], [-43.190766, -22.983995], [-43.190602, -22.983951], [-43.190465, -22.983914], [-43.189886, -22.983755], [-43.189749, -22.983725]]"
Rua Maria Angélica,Jardim Botânico,"[[-43.207618, -22.963016], [-43.207619, -22.962963], [-43.207617, -22.96293], [-43.207618, -22.962865], [-43.207699, -22.962357], [-43.207706, -22.962307], [-43.207717, -22.962218], [-43.207728, -22.96211], [-43.207761, -22.96189], [-43.207909, -22.960893], [-43.207927, -22.960738], [-43.207947, -22.960571], [-43.208008, -22.960144], [-43.208019, -22.960007], [-43.208042, -22.959652], [-43.207743, -22.959017], [-43.207661, -22.958824], [-43.207561, -22.95859]]"
Largo Almirante Índio do Brasil,Botafogo,"[[-43.1905, -22.9645], [-43.178, -22.975]]"
Rua Gomes Carneiro,Copacabana,"[[-43.197948, -22.986826], [-43.197913, -22.986807], [-43.197848, -22.986772], [-43.197784, -22.986728], [-43.196796, -22.98597], [-43.196504, -22.985724], [-43.195298, -22.984836], [-43.195231, -22.9848]]"
Rua Bulhões de Carvalho,Copacabana,"[[-43.194761, -22.981843], [-43.19449, -22.982712], [-43.194256, -22.983486], [-43.194133, -22.983915], [-43.193512, -22.984705], [-43.192941, -22.985425], [-43.192881, -22.985501], [-43.192297, -22.986257], [-43.191955, -22.986683], [-43.191896, -22.986759], [-43.191722, -22.986982], [-43.191699, -22.987011], [-43.191647, -22.987078], [-43.1916, -22.987137]]"
Rua Leite Leal,Laranjeiras,"[[-43.188964, -22.93533], [-43.18892, -22.935404], [-43.188878, -22.935463], [-43.18886, -22.935487], [-43.18865, -22.935789], [-43.188339, -22.936206], [-43.188207, -22.936372], [-43.188146, -22.936461], [-43.188113, -22.936508], [-43.18797, -22.936701], [-43.187942, -22.936722], [-43.187913, -22.936731], [-43.18787, -22.936725], [-43.187539, -22.936513], [-43.187527, -22.936494], [-43.187507, -22.936444]]"
Rua Lauro Müller,Botafogo,"[[-43.173377, -22.95495], [-43.173591, -22.954817], [-43.173804, -22.954686], [-43.1741, -22.954521], [-43.174125, -22.954507], [-43.174455, -22.954288], [-43.174495, -22.954275], [-43.174544, -22.9543], [-43.174656, -22.954441], [-43.175224, -22.955292], [-43.175435, -22.955604], [-43.17594, -22.956246], [-43.175986, -22.956308], [-43.176063, -22.956402], [-43.176145, -22.956527], [-43.176181, -22.956557], [-43.176243, -22.956578], [-43.176378, -22.956592]]"
Largo Professor Saul Borges Carneiro,Laranjeiras,"[[-43.188878, -22.935463], [-43.188803, -22.935451], [-43.188746, -22.935428], [-43.188682, -22.935384], [-43.188649, -22.935341], [-43.188649, -22.935306], [-43.188648, -22.935294], [-43.188694, -22.935214], [-43.188709, -22.935193]]"
Praça Shimon Peres,Copacabana,"[[-43.1905, -22.9645], [-43.178, -22.975]]"
Rua Almirante Tamandaré,Catete,"[[-43.177559, -22.932286], [-43.176552, -22.93223], [-43.175971, -22.932196], [-43.174563, -22.932126]]"
Rua Almirante Tamandaré,Flamengo,"[[-43.177559, -22.932286], [-43.176552, -22.93223], [-43.175971, -22.932196], [-43.174563, -22.932126]]"
Rua Assunção,Botafogo,"[[-43.186588, -22.944407], [-43.186651, -22.944847], [-43.186687, -22.945099], [-43.186829, -22.946055], [-43.18684, -22.946129], [-43.186852, -22.946222], [-43.186876, -22.94635], [-43.186954, -22.946868], [-43.187105, -22.947817]]"
Rua Visconde de Silva,Humaitá,"[[-43.191949, -22.956715], [-43.192971, -22.957116], [-43.194308, -22.957566], [-43.194344, -22.957578], [-43.19442, -22.957606], [-43.195211, -22.957869], [-43.195605, -22.957993], [-43.195727, -22.958025], [-43.195964, -22.958075], [-43.196061, -22.958095], [-43.19663, -22.958193], [-43.196944, -22.958235], [-43.197239, -22.958285], [-43.197718, -22.958358], [-43.198032, -22.958425], [-43.19841, -22.958533], [-43.198448, -22.958541], [-43.19847, -22.958546], [-43.198508, -22.958552], [-43.198546, -22.958552], [-43.19859, -22.958546], [-43.198615, -22.958532], [-43.198647, -22.958509]]"
Rua Sousa Lima,Copacabana,"[[-43.189904, -22.981817], [-43.189937, -22.981828], [-43.189978, -22.981836], [-43.19004, -22.981834], [-43.190919, -22.981792], [-43.191132, -22.981782], [-43.19129, -22.981826], [-43.192274, -22.982098], [-43.19449, -22.982712]]"
Rua Dona Mariana,Botafogo,"[[-43.189761, -22.949745], [-43.189629, -22.95011], [-43.189179, -22.951355], [-43.189053, -22.951703], [-43.188913, -22.952089], [-43.188644, -22.952834], [-43.188611, -22.952931], [-43.188583, -22.953017], [-43.18835, -22.953681], [-43.188314, -22.953784], [-43.188117, -22.954279], [-43.187877, -22.954881], [-43.187323, -22.956435], [-43.187249, -22.956645], [-43.187239, -22.956669], [-43.187225, -22.956703]]"
Rua Lacerda de Almeida,Botafogo,"[[-43.190389, -22.961035], [-43.190288, -22.961007], [-43.190259, -22.960984], [-43.19025, -22.960957], [-43.190253, -22.96092], [-43.190591, -22.960122]]"
Rua José Roberto Macedo Soares,Gávea,"[[-43.227245, -22.974007], [-43.227432, -22.973864], [-43.228132, -22.97336]]"
Rua General Urquiza,Leblon,"[[-43.223314, -22.987165], [-43.223345, -22.987053], [-43.223469, -22.98659], [-43.223537, -22.986339], [-43.223714, -22.985738], [-43.223745, -22.985642], [-43.223942, -22.98496], [-43.224033, -22.984675], [-43.224063, -22.984582], [-43.22408, -22.984523], [-43.224263, -22.983917], [-43.224444, -22.983324], [-43.224616, -22.98275], [-43.224644, -22.982672], [-43.224777, -22.982172], [-43.224981, -22.981556], [-43.225063, -22.981309], [-43.225251, -22.980743], [-43.225306, -22.98058]]"
Rua Jardim Botânico,Gávea,"[[-43.204512, -22.960324], [-43.204945, -22.960395], [-43.205039, -22.960401], [-43.205667, -22.96046], [-43.206043, -22.9605], [-43.206179, -22.96052], [-43.206387, -22.960549], [-43.206487, -22.960563], [-43.206987, -22.960627], [-43.207059, -22.960636], [-43.20732, -22.960667], [-43.207825, -22.960726], [-43.207927, -22.960738], [-43.208077, -22.960756], [-43.20834, -22.960787], [-43.208535, -22.96081], [-43.208586, -22.960816], [-43.20874, -22.960835], [-43.208771, -22.960839], [-43.209446, -22.960919], [-43.210104, -22.960997], [-43.210955, -22.961094], [-43.211523, -22.961152], [-43.212571, -22.961251], [-43.212696, -22.961262], [-43.212725, -22.961265], [-43.213096, -22.961303], [-43.213614, -22.961352], [-43.213874, -22.961388], [-43.214218, -22.961468], [-43.214443, -22.961556], [-43.214849, -22.961721], [-43.215137, -22.961902], [-43.215392, -22.962082], [-43.215695, -22.962358], [-43.21573, -22.962392], [-43.215791, -22.962452], [-43.215878, -22.962545], [-43.215939, -22.962612], [-43.216336, -22.96303], [-43.216656, -22.963373], [-43.216714, -22.963431], [-43.216903, -22.963615], [-43.216942, -22.963654], [-43.216981, -22.96369], [-43.21701, -22.963717], [-43.217416, -22.964147], [-43.217431, -22.964162], [-43.217494, -22.964225], [-43.217523, -22.964252], [-43.217782, -22.964531], [-43.217829, -22.964582], [-43.217904, -22.964658], [-43.218012, -22.964778], [-43.218324, -22.965126], [-43.218367, -22.965176], [-43.218411, -22.965228], [-43.218445, -22.965265], [-43.218536, -22.965369], [-43.218565, -22.965409], [-43.21863, -22.965487], [-43.218661, -22.965525], [-43.219159, -22.966143], [-43.219258, -22.966267], [-43.219276, -22.966291], [-43.21929, -22.96631], [-43.219414, -22.966464], [-43.21947, -22.966539], [-43.219507, -22.966583], [-43.219561, -22.966648], [-43.221827, -22.969322], [-43.222611, -22.970269], [-43.22274, -22.970425], [-43.222837, -22.970543], [-43.223075, -22.970829], [-43.223162, -22.970926], [-43.223847, -22.97172], [-43.224027, -22.971916], [-43.224281, -22.97222], [-43.224478, -22.97243], [-43.224567, -22.972521]]"
Rua Marquês de Olinda,Botafogo,"[[-43.182196, -22.944454], [-43.182176, -22.944302], [-43.182169, -22.94427], [-43.182167, -22.944237], [-43.182171, -22.944205], [-43.18218, -22.944173], [-43.182201, -22.944133], [-43.182229, -22.944099], [-43.182266, -22.94407], [-43.182742, -22.944], [-43.182851, -22.943984], [-43.182909, -22.943975], [-43.182972, -22.943966], [-43.183725, -22.943855], [-43.18383, -22.94384], [-43.183867, -22.943835], [-43.183883, -22.943832], [-43.184042, -22.943809], [-43.184185, -22.943788], [-43.184426, -22.943754], [-43.184595, -22.94373], [-43.184759, -22.943706], [-43.185098, -22.943656], [-43.185129, -22.943651], [-43.185251, -22.943632], [-43.185355, -22.943615], [-43.185396, -22.943611], [-43.185862, -22.943556]]"
Rua Francisco Sá,Ipanema,"[[-43.194133, -22.983915], [-43.19404, -22.983839], [-43.193968, -22.983786], [-43.193896, -22.983745], [-43.193832, -22.983721], [-43.193449, -22.983623], [-43.192973, -22.983501], [-43.192881, -22.983478], [-43.192075, -22.983272], [-43.191937, -22.983237], [-43.191094, -22.983021], [-43.190896, -22.982971], [-43.190704, -22.982926], [-43.190072, -22.982762], [-43.189974, -22.982747], [-43.189899, -22.982736], [-43.189783, -22.982728], [-43.189744, -22.982722], [-43.189694, -22.982708], [-43.189661, -22.982701]]"
Rua Macedo Sobrinho,Humaitá,"[[-43.197973, -22.959881], [-43.19854, -22.958732], [-43.19855, -22.958711], [-43.198568, -22.958671], [-43.198647, -22.958509], [-43.19892, -22.957902], [-43.198943, -22.95786], [-43.198957, -22.957834], [-43.19907, -22.95776], [-43.199186, -22.957728], [-43.199232, -22.957717], [-43.199285, -22.957709], [-43.199343, -22.957731]]"
Rua Governador Irineu Bornhausen,Catete,"[[-43.177662, -22.930572], [-43.177588, -22.93053], [-43.177522, -22.930503], [-43.177482, -22.930493], [-43.177442, -22.930482]]"
Rua Governador Irineu Bornhausen,Flamengo,"[[-43.177662, -22.930572], [-43.177588, -22.93053], [-43.177522, -22.930503], [-43.177482, -22.930493], [-43.177442, -22.930482]]"
Rua Henrique de Novais,Botafogo,"[[-43.190444, -22.954765], [-43.19048, -22.95477], [-43.191209, -22.955032], [-43.191374, -22.955091], [-43.192406, -22.955456], [-43.192458, -22.955475]]"
Rua Ramon Franco,Urca,"[[-43.16761, -22.954482], [-43.167589, -22.95443], [-43.167565, -22.954366], [-43.167276, -22.953593], [-43.167236, -22.95343], [-43.167232, -22.953353], [-43.167249, -22.953264], [-43.167456, -22.952754], [-43.167552, -22.952526], [-43.167833, -22.95185], [-43.168169, -22.951074], [-43.168197, -22.951007]]"
Rua Tubira,Leblon,"[[-43.224459, -22.979236], [-43.224414, -22.979178], [-43.22438, -22.979144], [-43.224297, -22.979096], [-43.224239, -22.97908], [-43.224168, -22.979073], [-43.224058, -22.979049], [-43.223757, -22.978987], [-43.223565, -22.978946], [-43.223522, -22.97895], [-43.223484, -22.978961], [-43.223382, -22.979021], [-43.223292, -22.979081]]"
Rua Teresa Guimarães,Botafogo,"[[-43.184803, -22.955617], [-43.184865, -22.95558], [-43.185616, -22.955098], [-43.186527, -22.95427]]"
Rua Esteves Júnior,Laranjeiras,"[[-43.182203, -22.934422], [-43.181937, -22.934212], [-43.181896, -22.934182], [-43.18184, -22.934154], [-43.181761, -22.934132], [-43.180789, -22.934001], [-43.180558, -22.933878], [-43.180493, -22.933843], [-43.180431, -22.93381], [-43.18, -22.933581], [-43.179232, -22.932911]]"
Rua General Dionísio,Humaitá,"[[-43.19663, -22.958193], [-43.196832, -22.957406], [-43.196974, -22.956891], [-43.196992, -22.95682], [-43.197182, -22.956085], [-43.197191, -22.956051], [-43.197227, -22.955956]]"
Travessa Visconde de Morais,Botafogo,"[[-43.187927, -22.949515], [-43.188087, -22.94916], [-43.188869, -22.947447]]"
Travessa Frederico Pamplona,Copacabana,"[[-43.192757, -22.97231], [-43.192629, -22.972369], [-43.192052, -22.972619]]"
Travessa Almirante Protogenes Guimarães,Catete,"[[-43.17911, -22.931321], [-43.179098, -22.931355], [-43.178707, -22.932405]]"
Avenida Afrânio de Melo Franco,Leblon,"[[-43.218347, -22.979421], [-43.21832, -22.97961], [-43.218237, -22.980206], [-43.218192, -22.980585], [-43.218179, -22.980705], [-43.218123, -22.981144], [-43.218092, -22.981381], [-43.218085, -22.981425], [-43.218067, -22.981546], [-43.218054, -22.981645], [-43.218043, -22.981723], [-43.217992, -22.98209], [-43.21791, -22.982703], [-43.217904, -22.98275], [-43.217895, -22.982837], [-43.217885, -22.982943], [-43.21781, -22.983547], [-43.217791, -22.98369], [-43.217762, -22.983905], [-43.217702, -22.984303], [-43.217697, -22.984363], [-43.217669, -22.98467], [-43.217659, -22.984771], [-43.217655, -22.98485], [-43.217501, -22.985976], [-43.217483, -22.986262], [-43.21747, -22.986383], [-43.217386, -22.986494]]"
Rua Álvaro Ramos,Botafogo,"[[-43.180303, -22.955851], [-43.180414, -22.955914], [-43.180498, -22.955951], [-43.1813, -22.956301], [-43.181332, -22.956315], [-43.181549, -22.95641], [-43.181582, -22.956425], [-43.181732, -22.956492], [-43.181844, -22.956542], [-43.182185, -22.956693], [-43.182408, -22.956793], [-43.182649, -22.956896], [-43.183042, -22.957067], [-43.183313, -22.957181], [-43.18335, -22.957196], [-43.183534, -22.957275], [-43.183581, -22.957295], [-43.183658, -22.957327], [-43.18374, -22.957362], [-43.183895, -22.957427], [-43.184211, -22.957559], [-43.184456, -22.957661], [-43.184577, -22.957711], [-43.184809, -22.957808], [-43.184976, -22.957873], [-43.185304, -22.958006]]"
Rua Ferreira Viana,Flamengo,"[[-43.176581, -22.926775], [-43.176499, -22.926793], [-43.175487, -22.927124], [-43.175063, -22.927263], [-43.174773, -22.927371], [-43.174304, -22.927579], [-43.173783, -22.927771]]"
Rua Ferreira Viana,Catete,"[[-43.176581, -22.926775], [-43.176499, -22.926793], [-43.175487, -22.927124], [-43.175063, -22.927263], [-43.174773, -22.927371], [-43.174304, -22.927579], [-43.173783, -22.927771]]"
Rua Engenheiro Moacir Reis,Laranjeiras,"[[-43.183843, -22.934269], [-43.183045, -22.933907], [-43.182912, -22.933857], [-43.182764, -22.933812], [-43.182794, -22.933802], [-43.182896, -22.933792]]"
Rua Erfurt,Laranjeiras,"[[-43.184619, -22.933091], [-43.184628, -22.933069], [-43.184698, -22.932907], [-43.184864, -22.932554], [-43.185062, -22.932148], [-43.185384, -22.931449], [-43.185473, -22.931298], [-43.18557, -22.931169], [-43.185701, -22.931049]]"
Rua Djalma Ulrich,Copacabana,"[[-43.189335, -22.979181], [-43.189462, -22.979153], [-43.189927, -22.979042], [-43.190677, -22.978875], [-43.190837, -22.978839], [-43.191065, -22.978791], [-43.191508, -22.978696], [-43.191566, -22.978685], [-43.191729, -22.978654], [-43.191784, -22.978639], [-43.191831, -22.978627], [-43.191876, -22.978616], [-43.191919, -22.978576], [-43.19194, -22.978534], [-43.191947, -22.978482], [-43.191949, -22.978418], [-43.191981, -22.978363], [-43.192047, -22.97832], [-43.19277, -22.977994], [-43.192905, -22.977933]]"
Rua Edmundo Lins,Copacabana,"[[-43.185491, -22.968021], [-43.187026, -22.969034]]"
Largo do Millôr,Ipanema,"[[-43.191421, -22.990023], [-43.191313, -22.989871], [-43.191291, -22.989839], [-43.191278, -22.989814], [-43.191268, -22.98978], [-43.191264, -22.989742], [-43.191253, -22.989648], [-43.191243, -22.989556], [-43.19124, -22.989528], [-43.19124, -22.989508], [-43.191244, -22.989483], [-43.191253, -22.989461], [-43.19128, -22.989428], [-43.191302, -22.989443]]"
Rua Raul Pompéia,Ipanema,"[[-43.192548, -22.981194], [-43.192522, -22.981278], [-43.192308, -22.981986], [-43.192274, -22.982098], [-43.192025, -22.982938], [-43.191979, -22.983095], [-43.191937, -22.983237], [-43.191789, -22.983731], [-43.19171, -22.983995], [-43.191682, -22.984089], [-43.191642, -22.984221], [-43.191423, -22.984956], [-43.191385, -22.985086], [-43.191155, -22.985825], [-43.191116, -22.985952], [-43.190888, -22.98669], [-43.190846, -22.986823], [-43.190826, -22.986891], [-43.190795, -22.986932]]"
Escadaria do Morro Santo Amaro,Catete,"[[-43.17805, -22.924016], [-43.178079, -22.923977], [-43.1782, -22.923802], [-43.178295, -22.923683], [-43.178302, -22.923683], [-43.178324, -22.923685], [-43.178387, -22.923678], [-43.178478, -22.92364], [-43.17857, -22.923566], [-43.17858, -22.923561], [-43.178592, -22.923559], [-43.178636, -22.923564], [-43.178678, -22.923547], [-43.178704, -22.923526], [-43.178702, -22.923507], [-43.178665, -22.923472], [-43.178661, -22.92346], [-43.178729, -22.923397], [-43.178786, -22.923362], [-43.178802, -22.92333], [-43.178823, -22.923233], [-43.178826, -22.923178], [-43.178831, -22.9231]]"
Via Verde,Urca,"[[-43.163665, -22.951186], [-43.163686, -22.951192], [-43.163748, -22.951209], [-43.163794, -22.951233], [-43.163945, -22.951279], [-43.164045, -22.951328], [-43.164152, -22.95137], [-43.16423, -22.951424], [-43.164323, -22.9515], [-43.164421, -22.951577], [-43.164529, -22.951633], [-43.164639, -22.951697], [-43.164703, -22.951722], [-43.164707, -22.951597]]"
Rua Álvares Borgerth,Botafogo,"[[-43.192556, -22.953491], [-43.192269, -22.954207]]"
Rua da Matriz,Botafogo,"[[-43.191445, -22.953913], [-43.191477, -22.953834], [-43.192635, -22.951083], [-43.192719, -22.950883], [-43.192759, -22.95079], [-43.192811, -22.950666], [-43.192819, -22.950646], [-43.192841, -22.950596], [-43.19287, -22.950525]]"
Rua Adalberto Ferreira,Leblon,"[[-43.223292, -22.979081], [-43.223256, -22.979168], [-43.223227, -22.97923], [-43.222819, -22.979772], [-43.22275, -22.979858], [-43.222624, -22.980033], [-43.222518, -22.980152], [-43.222499, -22.980169], [-43.222415, -22.980244], [-43.222185, -22.980465]]"
Rua Soares Cabral,Laranjeiras,"[[-43.18761, -22.934561], [-43.1875, -22.934581], [-43.187465, -22.934588], [-43.187444, -22.934595], [-43.187391, -22.934607], [-43.186999, -22.934984], [-43.186916, -22.935053], [-43.186878, -22.935083], [-43.18675, -22.935194], [-43.186587, -22.935344], [-43.186528, -22.935448], [-43.186479, -22.935481], [-43.186417, -22.935517]]"
Rua Canning,Ipanema,"[[-43.194252, -22.985879], [-43.194342, -22.985814], [-43.195176, -22.984883], [-43.195206, -22.984842], [-43.195231, -22.9848], [-43.195231, -22.984743]]"
Rua Barão de Itambi,Flamengo,"[[-43.179439, -22.939895], [-43.179518, -22.939991], [-43.179799, -22.940262], [-43.180129, -22.940531], [-43.180668, -22.94095], [-43.181342, -22.941475], [-43.181379, -22.941502], [-43.181401, -22.941521], [-43.181435, -22.94155], [-43.181484, -22.941585], [-43.181842, -22.941825], [-43.182019, -22.941927], [-43.182064, -22.941955], [-43.182097, -22.941962], [-43.182131, -22.941962], [-43.182162, -22.941958], [-43.182192, -22.941947]]"
Rua Cinco de Julho,Copacabana,"[[-43.191555, -22.972477], [-43.190786, -22.971666], [-43.190687, -22.971561], [-43.189921, -22.970732], [-43.18882, -22.96971]]"
Rua Fernando Mendes,Copacabana,"[[-43.179761, -22.968209], [-43.179848, -22.968101], [-43.180458, -22.967311], [-43.180576, -22.967157]]"
Praça Vereador Rocha Leão,Copacabana,"[[-43.191535, -22.963285], [-43.191549, -22.963366], [-43.191555, -22.963442], [-43.19155, -22.9635], [-43.191532, -22.963569], [-43.19151, -22.963632], [-43.191481, -22.963687], [-43.191427, -22.96378], [-43.191385, -22.96384], [-43.191302, -22.96393], [-43.191197, -22.964021], [-43.19091, -22.964176], [-43.190582, -22.964373], [-43.190422, -22.964467], [-43.190459, -22.964465], [-43.190485, -22.964472], [-43.190504, -22.964484], [-43.190525, -22.964511], [-43.190676, -22.964705], [-43.190683, -22.964723], [-43.190686, -22.964744]]"
Ronald de Carvalho,Copacabana,"[[-43.177712, -22.963382], [-43.177602, -22.96363], [-43.17758, -22.963673], [-43.177271, -22.964292], [-43.176884, -22.965029], [-43.176821, -22.965152], [-43.176745, -22.9653], [-43.176422, -22.965943], [-43.176307, -22.966183]]"
Rua Alberto Ribeiro,Jardim Botânico,"[[-43.225821, -22.965526], [-43.225801, -22.965394], [-43.225765, -22.965158], [-43.225732, -22.964942], [-43.225704, -22.96473], [-43.225693, -22.964652]]"
Rua Silva Castro,Copacabana,"[[-43.187372, -22.968633], [-43.18581, -22.967615]]"
Rua Barão de Itambi,Botafogo,"[[-43.179439, -22.939895], [-43.179518, -22.939991], [-43.179799, -22.940262], [-43.180129, -22.940531], [-43.180668, -22.94095], [-43.181342, -22.941475], [-43.181379, -22.941502], [-43.181401, -22.941521], [-43.181435, -22.94155], [-43.181484, -22.941585], [-43.181842, -22.941825], [-43.182019, -22.941927], [-43.182064, -22.941955], [-43.182097, -22.941962], [-43.182131, -22.941962], [-43.182162, -22.941958], [-43.182192, -22.941947]]"
Rua Honório de Barros,Flamengo,"[[-43.175177, -22.939881], [-43.175265, -22.939825], [-43.175578, -22.939631], [-43.176524, -22.939099], [-43.176603, -22.939052]]"
Rua Mary Pessoa,Gávea,"[[-43.241097, -22.984334], [-43.24105, -22.984335], [-43.24096, -22.984327], [-43.240885, -22.984321], [-43.240752, -22.984295], [-43.240684, -22.984273], [-43.240637, -22.984254], [-43.240102, -22.98401], [-43.23974, -22.983808], [-43.239551, -22.983676], [-43.239287, -22.983452], [-43.238925, -22.983116], [-43.23863, -22.982774], [-43.238555, -22.982675], [-43.23847, -22.982587], [-43.238371, -22.982502], [-43.238257, -22.982431], [-43.238164, -22.982373], [-43.237972, -22.982252], [-43.237777, -22.982146], [-43.237734, -22.982124], [-43.237687, -22.9821], [-43.237494, -22.981985], [-43.237647, -22.98203], [-43.2379, -22.982123], [-43.238212, -22.982295], [-43.23827, -22.982332], [-43.238342, -22.982374], [-43.238403, -22.982415], [-43.238566, -22.982567], [-43.23863, -22.982625], [-43.238794, -22.982806], [-43.239407, -22.983409], [-43.2395, -22.983487], [-43.23968, -22.983634], [-43.239862, -22.983745], [-43.240097, -22.983872], [-43.240502, -22.984081], [-43.240685, -22.984145], [-43.240791, -22.984179], [-43.240879, -22.984199], [-43.241025, -22.984215], [-43.241145, -22.984213]]"
Rua Marechal Mascarenhas de Morais,Copacabana,"[[-43.181403, -22.966317], [-43.181674, -22.965996], [-43.181742, -22.965921], [-43.182379, -22.965222], [-43.182454, -22.965129], [-43.182719, -22.9648], [-43.182789, -22.964718], [-43.182866, -22.964626], [-43.182876, -22.964586], [-43.182868, -22.964537], [-43.182844, -22.964491], [-43.182746, -22.964358], [-43.18273, -22.964311], [-43.182729, -22.964267], [-43.182743, -22.964238], [-43.182772, -22.96421], [-43.182808, -22.964195], [-43.182866, -22.964194], [-43.182912, -22.964208], [-43.182946, -22.964227], [-43.183294, -22.964524], [-43.183724, -22.964853], [-43.183782, -22.964881], [-43.183825, -22.964884], [-43.183861, -22.964871], [-43.183873, -22.964842], [-43.183874, -22.964811], [-43.183864, -22.964771], [-43.18378, -22.964612], [-43.18377, -22.964571], [-43.183768, -22.964528], [-43.183779, -22.964308], [-43.183773, -22.964258], [-43.183752, -22.964222], [-43.18369, -22.964153], [-43.183639, -22.964085], [-43.183631, -22.964068], [-43.18363, -22.96405], [-43.183656, -22.963964], [-43.183663, -22.96393], [-43.183661, -22.963894], [-43.183645, -22.963856], [-43.183617, -22.963821], [-43.18332, -22.963551]]"
Rua Marechal Niemeyer,Botafogo,"[[-43.186852, -22.946222], [-43.186702, -22.946243], [-43.186437, -22.946286], [-43.186203, -22.946322], [-43.185829, -22.946382], [-43.185783, -22.946387], [-43.18568, -22.946407]]"
Largo Otto Lara Resende,Jardim Botânico,"[[-43.21929, -22.96631], [-43.219527, -22.966181], [-43.21968, -22.966337], [-43.219734, -22.966379]]"
Rua João Afonso,Humaitá,"[[-43.200894, -22.953863], [-43.199982, -22.954925], [-43.199905, -22.955014], [-43.199773, -22.955167], [-43.199729, -22.955218], [-43.199531, -22.955445], [-43.199138, -22.9559], [-43.198562, -22.956565]]"
Rua Saturnino de Brito,Jardim Botânico,"[[-43.216796, -22.966441], [-43.217498, -22.966079], [-43.217509, -22.966072], [-43.217607, -22.966021], [-43.217621, -22.966014], [-43.217896, -22.965818], [-43.218371, -22.965479], [-43.21841, -22.965452], [-43.218446, -22.965429], [-43.218536, -22.965369]]"
Rua Conde de Bernadote,Leblon,"[[-43.222185, -22.980465], [-43.222553, -22.980847], [-43.222986, -22.981264], [-43.223562, -22.981828], [-43.223593, -22.981844], [-43.22369, -22.981851], [-43.223812, -22.981834]]"
Rua Cupertino Durão,Leblon,"[[-43.220292, -22.986696], [-43.220312, -22.986576], [-43.220432, -22.985796], [-43.220517, -22.985126], [-43.22053, -22.985021], [-43.220694, -22.98403], [-43.220712, -22.983923], [-43.220723, -22.983852], [-43.220894, -22.982684], [-43.220993, -22.982055], [-43.221007, -22.981965], [-43.22108, -22.98139], [-43.221332, -22.981146], [-43.221534, -22.980959], [-43.221856, -22.980712], [-43.222185, -22.980465]]"
Rua Desembargador Sady Gusmão,Flamengo,"[[-43.175955, -22.940557], [-43.17602, -22.940506], [-43.176838, -22.939864], [-43.176891, -22.939823]]"
Rua Conde de Baependi,Flamengo,"[[-43.183025, -22.933826], [-43.18296, -22.933811], [-43.182896, -22.933792], [-43.182619, -22.9337], [-43.182255, -22.933596], [-43.181308, -22.933324], [-43.18108, -22.93328], [-43.181008, -22.933266], [-43.180911, -22.933247], [-43.180791, -22.933223], [-43.180665, -22.933198], [-43.180538, -22.933171], [-43.180314, -22.933122], [-43.17975, -22.933007], [-43.179523, -22.932961], [-43.179232, -22.932911], [-43.179095, -22.932897], [-43.179033, -22.932891], [-43.178883, -22.932876], [-43.177876, -22.932767]]"
Rua Eduardo Guinle,Botafogo,"[[-43.188854, -22.949551], [-43.1889, -22.949422], [-43.189077, -22.949125], [-43.189877, -22.947793]]"
Rua Faro,Jardim Botânico,"[[-43.220779, -22.963056], [-43.220551, -22.963203], [-43.220503, -22.963207], [-43.22046, -22.963204], [-43.220411, -22.963199], [-43.22035, -22.963175], [-43.220092, -22.962846], [-43.220007, -22.962761], [-43.219923, -22.962715], [-43.219504, -22.962542], [-43.219316, -22.962498], [-43.219185, -22.962483], [-43.219082, -22.962476], [-43.219035, -22.962473], [-43.218815, -22.962458], [-43.218193, -22.96241], [-43.2181, -22.962532], [-43.217059, -22.963154], [-43.216791, -22.963367], [-43.216744, -22.963405], [-43.216714, -22.963431]]"
Rua Tenreiro Aranha,Copacabana,"[[-43.187302, -22.967044], [-43.187189, -22.966925], [-43.187161, -22.966899], [-43.187125, -22.966877], [-43.186927, -22.966816], [-43.186892, -22.96681], [-43.186837, -22.9668], [-43.186749, -22.96679], [-43.186739, -22.966787], [-43.186732, -22.966781], [-43.186697, -22.966739]]"
Rua General Góis Monteiro,Botafogo,"[[-43.180303, -22.955851], [-43.180266, -22.955851], [-43.180247, -22.955848], [-43.180169, -22.955836], [-43.179922, -22.955814], [-43.178465, -22.955685], [-43.178395, -22.955684], [-43.178342, -22.955688], [-43.178178, -22.955721], [-43.178052, -22.95579], [-43.177996, -22.95583], [-43.177946, -22.955882], [-43.177788, -22.956087]]"
Rua General Garzon,Jardim Botânico,"[[-43.217455, -22.967504], [-43.218121, -22.967116], [-43.218196, -22.967075], [-43.218223, -22.967061], [-43.218359, -22.966986], [-43.21926, -22.966464], [-43.219414, -22.966464], [-43.21936, -22.966579], [-43.218929, -22.966842], [-43.218303, -22.967196], [-43.21801, -22.967365], [-43.217668, -22.967561], [-43.217584, -22.967626], [-43.217512, -22.967696]]"
Rua Guimarães Natal,Copacabana,"[[-43.180815, -22.964448], [-43.180617, -22.964351], [-43.180572, -22.964329], [-43.180518, -22.964308], [-43.180473, -22.964288], [-43.180366, -22.964249], [-43.18015, -22.964133], [-43.180118, -22.9641], [-43.180102, -22.964057], [-43.180112, -22.964013], [-43.180139, -22.96396], [-43.180369, -22.963774], [-43.180388, -22.96374], [-43.180397, -22.9637], [-43.18039, -22.963652], [-43.180299, -22.963505]]"
Rua Gilberto Cardoso,Leblon,"[[-43.218347, -22.978907], [-43.21839, -22.978932], [-43.218421, -22.978945], [-43.218469, -22.978964], [-43.218541, -22.978985], [-43.218679, -22.979017], [-43.219429, -22.979174], [-43.219603, -22.97921], [-43.221032, -22.979502], [-43.22117, -22.979531], [-43.221761, -22.979646], [-43.222158, -22.979707], [-43.222388, -22.979758], [-43.222563, -22.979806], [-43.22275, -22.979858]]"
Travessa Cristiano Lacorte,Copacabana,"[[-43.191269, -22.977824], [-43.191398, -22.978297], [-43.191508, -22.978696]]"
Travessa Pepe,Botafogo,"[[-43.181546, -22.95354], [-43.181864, -22.953705], [-43.182087, -22.953821], [-43.182661, -22.954119], [-43.182796, -22.954189]]"
Rua Oliveira Fausto,Botafogo,"[[-43.183313, -22.957181], [-43.183528, -22.956757], [-43.183746, -22.956281], [-43.184043, -22.955719], [-43.184067, -22.955674]]"
Rua Mário Ribeiro,Leblon,"[[-43.227105, -22.978641], [-43.226742, -22.978545], [-43.226561, -22.978498], [-43.226326, -22.97846], [-43.226168, -22.978445], [-43.226133, -22.978442], [-43.226103, -22.97844], [-43.225672, -22.978406], [-43.225577, -22.978393], [-43.225366, -22.978351], [-43.22507, -22.978287], [-43.224877, -22.978248], [-43.224686, -22.978208], [-43.224433, -22.978153], [-43.22373, -22.978011], [-43.222481, -22.977765], [-43.222238, -22.977711], [-43.222014, -22.977664], [-43.220583, -22.977366], [-43.220087, -22.977258], [-43.219862, -22.977204], [-43.21965, -22.977136], [-43.219397, -22.977011], [-43.219265, -22.976924], [-43.219132, -22.976791], [-43.219089, -22.976753], [-43.219002, -22.976661], [-43.218931, -22.976562], [-43.218894, -22.976497], [-43.218864, -22.976422]]"
Avenida Rodrigo Otávio,Leblon,"[[-43.226834, -22.978433], [-43.226772, -22.978384], [-43.226673, -22.97827], [-43.226654, -22.978239], [-43.226627, -22.978199], [-43.22658, -22.978083], [-43.226542, -22.977958], [-43.22653, -22.977875], [-43.226531, -22.977815], [-43.226508, -22.977134], [-43.226454, -22.976334], [-43.226392, -22.974931], [-43.226377, -22.974821], [-43.226367, -22.974782], [-43.22634, -22.974669], [-43.226316, -22.974597], [-43.226267, -22.974502], [-43.226239, -22.974608], [-43.226205, -22.974812], [-43.226198, -22.974886], [-43.226179, -22.974953], [-43.226158, -22.97515], [-43.226156, -22.975216], [-43.226155, -22.975303], [-43.226159, -22.975414], [-43.226212, -22.976474], [-43.22622, -22.976919], [-43.226235, -22.977381], [-43.226241, -22.977526], [-43.226246, -22.977606], [-43.226256, -22.977681], [-43.226279, -22.977742], [-43.226313, -22.97781], [-43.226344, -22.977865], [-43.226394, -22.977958], [-43.226483, -22.97811], [-43.226523, -22.978206], [-43.226541, -22.978247], [-43.226552, -22.978282], [-43.226548, -22.978365], [-43.226561, -22.978498]]"
Rua Rita Ludolf,Leblon,"[[-43.226942, -22.988137], [-43.226997, -22.988032], [-43.227541, -22.986935], [-43.227974, -22.986084], [-43.228039, -22.985957]]"
Rua Rodrigo de Brito,Botafogo,"[[-43.18315, -22.955292], [-43.182434, -22.956739], [-43.182408, -22.956793]]"
"Rua das Laranjeiras, 336",Laranjeiras,"[[-43.1905, -22.9645], [-43.178, -22.975]]"
Rua Professor Alfredo Gomes,Botafogo,"[[-43.182496, -22.947681], [-43.182672, -22.947709], [-43.183629, -22.947811], [-43.183945, -22.947845], [-43.184062, -22.947853], [-43.184123, -22.947858], [-43.184234, -22.947867], [-43.18434, -22.947882], [-43.185838, -22.94799], [-43.185923, -22.947999]]"
Avenida Francisco Bhering,Ipanema,"[[-43.194586, -22.987863], [-43.194408, -22.987945], [-43.194332, -22.987971], [-43.194291, -22.987986], [-43.19234, -22.988554], [-43.192326, -22.988618], [-43.192247, -22.988642], [-43.192167, -22.988667], [-43.192113, -22.98869], [-43.192054, -22.988716], [-43.191976, -22.98875], [-43.191874, -22.98881], [-43.191758, -22.988905], [-43.19164, -22.989011], [-43.191555, -22.98908], [-43.19151, -22.989112], [-43.191396, -22.989199], [-43.191335, -22.989253], [-43.191224, -22.989349], [-43.191144, -22.989425]]"
Rua Paulo VI,Flamengo,"[[-43.179439, -22.939895], [-43.179327, -22.939784], [-43.179216, -22.93963], [-43.179016, -22.939138], [-43.178893, -22.938861], [-43.178801, -22.938636], [-43.178769, -22.93854], [-43.17874, -22.938412], [-43.178587, -22.937661], [-43.178422, -22.936892], [-43.178316, -22.936263], [-43.178288, -22.936091], [-43.178224, -22.935617], [-43.178216, -22.93554], [-43.178218, -22.935485], [-43.178225, -22.935435], [-43.178249, -22.935268], [-43.178282, -22.93513]]"
Rua Professora Estelita Lins,Laranjeiras,"[[-43.191546, -22.940502], [-43.191505, -22.940465], [-43.191448, -22.940445], [-43.191336, -22.940436], [-43.191245, -22.94042], [-43.191155, -22.940393], [-43.19108, -22.940352], [-43.191008, -22.940295], [-43.190944, -22.940231], [-43.190904, -22.940174], [-43.190889, -22.940115], [-43.190874, -22.939789], [-43.190861, -22.939302], [-43.190857, -22.938894], [-43.190858, -22.938707], [-43.19086, -22.938593], [-43.190859, -22.938512], [-43.190877, -22.938459], [-43.190897, -22.938425], [-43.190914, -22.938397]]"
Rua Joaquim Nabuco,Ipanema,"[[-43.189268, -22.985447], [-43.189304, -22.985474], [-43.189349, -22.985495], [-43.189406, -22.985511], [-43.189909, -22.985641], [-43.190081, -22.985685], [-43.190254, -22.98573], [-43.190955, -22.985911], [-43.191116, -22.985952], [-43.191278, -22.985994], [-43.192113, -22.98621], [-43.192297, -22.986257], [-43.195859, -22.987163]]"
Rua Almirante Guilhem,Leblon,"[[-43.219088, -22.981719], [-43.218954, -22.98285], [-43.21886, -22.983669], [-43.218851, -22.983743], [-43.21884, -22.983845], [-43.218745, -22.984725], [-43.218733, -22.984838], [-43.218651, -22.985463], [-43.218529, -22.986379], [-43.218522, -22.986432], [-43.218512, -22.986496]]"
Rua Visconde de Silva,Botafogo,"[[-43.191949, -22.956715], [-43.192971, -22.957116], [-43.194308, -22.957566], [-43.194344, -22.957578], [-43.19442, -22.957606], [-43.195211, -22.957869], [-43.195605, -22.957993], [-43.195727, -22.958025], [-43.195964, -22.958075], [-43.196061, -22.958095], [-43.19663, -22.958193], [-43.196944, -22.958235], [-43.197239, -22.958285], [-43.197718, -22.958358], [-43.198032, -22.958425], [-43.19841, -22.958533], [-43.198448, -22.958541], [-43.19847, -22.958546], [-43.198508, -22.958552], [-43.198546, -22.958552], [-43.19859, -22.958546], [-43.198615, -22.958532], [-43.198647, -22.958509]]"
Rua Ipu,Botafogo,"[[-43.192458, -22.955475], [-43.192538, -22.955516], [-43.193339, -22.955825]]"
Rua Engenheiro Fernando Nascimento da Silva,Laranjeiras,"[[-43.185814, -22.931095], [-43.185723, -22.931315], [-43.185628, -22.93151], [-43.184939, -22.932952], [-43.184926, -22.933016], [-43.184919, -22.933059], [-43.184924, -22.933101], [-43.184932, -22.933128], [-43.184943, -22.933151], [-43.184958, -22.933174], [-43.18498, -22.933194], [-43.185043, -22.933225], [-43.185108, -22.933251], [-43.185198, -22.9333], [-43.185322, -22.933328], [-43.185342, -22.933334]]"
Rua Eugênio Hussek,Laranjeiras,"[[-43.183878, -22.932969], [-43.183938, -22.932879], [-43.184029, -22.93239], [-43.184025, -22.932358], [-43.184013, -22.932339], [-43.183973, -22.932315], [-43.183941, -22.932292], [-43.183929, -22.932272], [-43.18397, -22.932129], [-43.183968, -22.932107], [-43.183949, -22.932095], [-43.18372, -22.932048]]"
Travessa Euricles Mattos,Laranjeiras,"[[-43.181308, -22.933324], [-43.181317, -22.9333], [-43.181716, -22.932352], [-43.181735, -22.932304], [-43.18176, -22.932246], [-43.181761, -22.932241], [-43.181772, -22.932205]]"
Rua Hans Staden,Botafogo,"[[-43.193006, -22.956752], [-43.192218, -22.956398], [-43.192107, -22.956349]]"
Rua Conde de Irajá,Humaitá,"[[-43.19412, -22.958426], [-43.194138, -22.958378], [-43.194288, -22.95797], [-43.194394, -22.957686], [-43.194406, -22.957651], [-43.19442, -22.957606], [-43.194527, -22.957312], [-43.194729, -22.956756], [-43.194961, -22.956104], [-43.195024, -22.955925], [-43.195193, -22.955451], [-43.195207, -22.955411], [-43.195259, -22.955263], [-43.195302, -22.955165], [-43.19558, -22.954431], [-43.195608, -22.954369], [-43.19598, -22.953342], [-43.196167, -22.952871]]"
Rua São Leobaldo,São Conrado,"[[-43.256497, -22.992211], [-43.256439, -22.992275], [-43.256378, -22.992344], [-43.256333, -22.992402], [-43.256319, -22.992459], [-43.256324, -22.992509], [-43.25637, -22.992575], [-43.256434, -22.992621], [-43.256659, -22.992736], [-43.256799, -22.9928], [-43.256846, -22.992832], [-43.256872, -22.992862], [-43.256906, -22.99293], [-43.256966, -22.993032], [-43.257019, -22.993094], [-43.257084, -22.993128], [-43.257165, -22.993142], [-43.257318, -22.993144], [-43.257616, -22.993138], [-43.257778, -22.993143], [-43.257917, -22.993175], [-43.257983, -22.993201], [-43.258009, -22.993227], [-43.258016, -22.993257], [-43.25799, -22.993279], [-43.257956, -22.993294], [-43.257881, -22.993313], [-43.257776, -22.993332], [-43.257645, -22.993358], [-43.257519, -22.993397], [-43.257393, -22.993455], [-43.257284, -22.993526], [-43.257207, -22.99356], [-43.257119, -22.993591], [-43.25703, -22.993595], [-43.256878, -22.993574], [-43.256527, -22.993489], [-43.255173, -22.99279], [-43.255101, -22.992761]]"
Rua Embaixador Gabriel Landa,São Conrado,"[[-43.267786, -22.998535], [-43.267804, -22.998501], [-43.267815, -22.998465], [-43.26782, -22.998415], [-43.267817, -22.998049], [-43.267947, -22.997768], [-43.268033, -22.9976], [-43.268145, -22.997461], [-43.268245, -22.997408]]"
Rua São Manuel,Botafogo,"[[-43.181821, -22.953039], [-43.182971, -22.953721], [-43.183003, -22.953739]]"
Rua Conde Afonso Celso,Jardim Botânico,"[[-43.216336, -22.96303], [-43.217525, -22.961977]]"
Rua Cesário Alvim,Humaitá,"[[-43.199333, -22.953186], [-43.198819, -22.9538], [-43.198662, -22.953988], [-43.197765, -22.955058], [-43.197688, -22.955175]]"
Rua Professor Manoel Ferreira,Gávea,"[[-43.22784, -22.978669], [-43.227866, -22.978646], [-43.227879, -22.978625], [-43.228034, -22.97817], [-43.228184, -22.977836], [-43.228582, -22.977228], [-43.228842, -22.976868], [-43.229156, -22.976489], [-43.229226, -22.976405]]"
Rua Álvaro Chaves,Laranjeiras,"[[-43.18405, -22.935791], [-43.184121, -22.935822], [-43.184823, -22.936171], [-43.185294, -22.93642], [-43.185325, -22.936434], [-43.185353, -22.93644]]"
Rua Pereira da Silva,Laranjeiras,"[[-43.185601, -22.933391], [-43.185644, -22.933302], [-43.185657, -22.933285], [-43.18652, -22.931561], [-43.1868, -22.930946], [-43.186871, -22.930794], [-43.186984, -22.93057], [-43.187017, -22.930519], [-43.18706, -22.930497], [-43.187122, -22.930487], [-43.187356, -22.930511], [-43.188009, -22.93062], [-43.188253, -22.930661], [-43.188397, -22.930685], [-43.189701, -22.930888], [-43.19018, -22.930958], [-43.190565, -22.931018], [-43.190836, -22.931056], [-43.191417, -22.931136], [-43.191455, -22.931143], [-43.191483, -22.931137], [-43.191507, -22.931119], [-43.191516, -22.931096], [-43.19154, -22.93109], [-43.191644, -22.931082], [-43.191796, -22.931075], [-43.19182, -22.931066], [-43.191836, -22.930984], [-43.191842, -22.930936], [-43.191841, -22.930894], [-43.191821, -22.930868], [-43.191744, -22.930846], [-43.191668, -22.930824], [-43.19158, -22.930784], [-43.191451, -22.93064], [-43.191496, -22.930435], [-43.191567, -22.930346]]"
Rua Paul Redfern,Ipanema,"[[-43.214208, -22.983743], [-43.214238, -22.984193], [-43.214282, -22.984831], [-43.214312, -22.985273], [-43.214324, -22.98552], [-43.214347, -22.985907], [-43.21435, -22.98596], [-43.214348, -22.986028]]"
Cardeal Arcoverde,Copacabana,"[[-43.179825, -22.964783], [-43.180183, -22.964618], [-43.180239, -22.964595], [-43.180286, -22.964572], [-43.180325, -22.964553], [-43.18033, -22.964551], [-43.180428, -22.964511], [-43.180514, -22.964483], [-43.180604, -22.964456], [-43.180696, -22.964447], [-43.180815, -22.964448]]"
Estrada do Joá,São Conrado,"[[-43.275816, -23.001326], [-43.275631, -23.001067], [-43.275407, -23.001054], [-43.275264, -23.001005], [-43.27508, -23.000924], [-43.274864, -23.000774], [-43.274686, -23.000694], [-43.274482, -23.000569], [-43.274378, -23.000482], [-43.27429, -23.000395], [-43.274202, -23.000279], [-43.274037, -23.000028], [-43.274017, -22.99998], [-43.274003, -22.999907], [-43.273979, -22.999699], [-43.273983, -22.999628], [-43.273987, -22.999578], [-43.273952, -22.999523], [-43.273901, -22.999478], [-43.273848, -22.999443], [-43.273787, -22.999421], [-43.273692, -22.999415], [-43.273606, -22.999414], [-43.272992, -22.99942], [-43.272816, -22.999381], [-43.272652, -22.999368], [-43.272571, -22.999345], [-43.272457, -22.999306], [-43.272072, -22.999186], [-43.271686, -22.999079], [-43.271289, -22.998942], [-43.271159, -22.998907], [-43.271045, -22.998876], [-43.270669, -22.998763], [-43.270304, -22.998645], [-43.270236, -22.998646], [-43.270081, -22.998626], [-43.269879, -22.99863], [-43.269614, -22.998637]]"
Praça dos Bondes,Urca,"[[-43.1905, -22.9645], [-43.178, -22.975]]"
Rua Artur Araripe,Gávea,"[[-43.228428, -22.975942], [-43.228308, -22.976035], [-43.228206, -22.976113], [-43.226783, -22.977856], [-43.226765, -22.977877], [-43.226733, -22.977898], [-43.2267, -22.977913], [-43.226678, -22.977923], [-43.226634, -22.977939], [-43.226542, -22.977958]]"
Rua Jerônimo Monteiro,Leblon,"[[-43.228743, -22.986268], [-43.228235, -22.98723], [-43.2278, -22.988065], [-43.227673, -22.988312], [-43.227616, -22.988427], [-43.227552, -22.988535]]"
Rua Carvalho de Mendonça,Copacabana,"[[-43.178078, -22.965217], [-43.17914, -22.965729]]"
Rua Professor Azevedo Marques,Leblon,"[[-43.229402, -22.984751], [-43.229174, -22.984849], [-43.228223, -22.985263]]"
Rua do Pinheiro,Flamengo,"[[-43.175805, -22.930022], [-43.175814, -22.930073], [-43.175869, -22.930462], [-43.175955, -22.931064], [-43.175961, -22.931114], [-43.175964, -22.931158]]"
Praça Eugênio Jardim,Copacabana,"[[-43.193971, -22.976303], [-43.194187, -22.976448], [-43.194247, -22.976481], [-43.19437, -22.976534], [-43.194478, -22.976571], [-43.194854, -22.976699], [-43.194491, -22.976734], [-43.194366, -22.976746], [-43.193806, -22.976987], [-43.19372, -22.976603], [-43.193675, -22.976397]]"
Passagem Paulo Roberto Lopes Lima,Botafogo,"[[-43.178073, -22.955233], [-43.177895, -22.9553], [-43.177871, -22.955308], [-43.177798, -22.955333], [-43.177716, -22.955358], [-43.177656, -22.955376], [-43.177644, -22.955381], [-43.177486, -22.955428], [-43.177469, -22.955529], [-43.17739, -22.956011], [-43.177319, -22.956039]]"
Rua Anita Garibaldi,Copacabana,"[[-43.189561, -22.967328], [-43.189426, -22.967478], [-43.189195, -22.967728], [-43.188643, -22.968404], [-43.188588, -22.968473], [-43.188526, -22.96854], [-43.187584, -22.969697], [-43.187521, -22.969775]]"
Rua João Lira,Leblon,"[[-43.222986, -22.981264], [-43.22285, -22.981788], [-43.222768, -22.982167], [-43.222744, -22.982269], [-43.222551, -22.983084], [-43.222323, -22.984111], [-43.222303, -22.984203], [-43.222282, -22.984289], [-43.222202, -22.984618], [-43.222081, -22.985172], [-43.222061, -22.985262], [-43.221889, -22.986009], [-43.221725, -22.986776], [-43.221713, -22.986832], [-43.221698, -22.986896]]"
Rua Vitório da Costa,Humaitá,"[[-43.199343, -22.957731], [-43.200848, -22.956006]]"
Rua Almirante Pereira Guimarães,Leblon,"[[-43.21665, -22.986287], [-43.216665, -22.986173], [-43.216792, -22.984987], [-43.216819, -22.984729], [-43.216845, -22.984478], [-43.21691, -22.983775], [-43.21692, -22.983673], [-43.216936, -22.983569], [-43.217027, -22.982837]]"
Rua Assis Brasil,Copacabana,"[[-43.18033, -22.964551], [-43.180358, -22.964493], [-43.180381, -22.964441], [-43.180445, -22.964334], [-43.180473, -22.964288], [-43.180574, -22.964168], [-43.181121, -22.963563], [-43.181571, -22.963056], [-43.181591, -22.962991], [-43.18158, -22.96293], [-43.181537, -22.962877], [-43.181281, -22.962656], [-43.181226, -22.962614], [-43.181214, -22.962601], [-43.181208, -22.962578], [-43.181212, -22.962559], [-43.181226, -22.962544], [-43.181281, -22.962508]]"
Rua Alberto de Campos,Ipanema,"[[-43.206859, -22.980949], [-43.206392, -22.980959], [-43.206309, -22.980963], [-43.206021, -22.980976], [-43.205613, -22.980998], [-43.205595, -22.980999], [-43.204892, -22.981038], [-43.204756, -22.981045], [-43.204603, -22.981053], [-43.204427, -22.981063], [-43.202739, -22.981153], [-43.202639, -22.98116], [-43.201848, -22.981192], [-43.201186, -22.98123], [-43.200927, -22.981244], [-43.200507, -22.981267], [-43.200416, -22.981271], [-43.199217, -22.981327], [-43.19919, -22.981329], [-43.199173, -22.981339], [-43.199159, -22.981366], [-43.199132, -22.981436], [-43.199137, -22.981583], [-43.19916, -22.981868], [-43.199173, -22.981879], [-43.199206, -22.981886], [-43.199261, -22.981929], [-43.199279, -22.981971], [-43.199291, -22.982019], [-43.199314, -22.982362], [-43.199318, -22.982379], [-43.199331, -22.982389]]"
Rua Barao de Oliveira Castro,Jardim Botânico,"[[-43.229486, -22.966116], [-43.229894, -22.965539], [-43.229946, -22.965515], [-43.229993, -22.965517], [-43.230812, -22.965788], [-43.231331, -22.965967], [-43.231528, -22.966064], [-43.23163, -22.96613], [-43.231684, -22.966179], [-43.23173, -22.966232]]"
Rua Capistrano de Abreu,Botafogo,"[[-43.196533, -22.954695], [-43.195734, -22.95441], [-43.19567, -22.954389], [-43.195608, -22.954369], [-43.195555, -22.954347], [-43.195036, -22.954169], [-43.194971, -22.954147]]"
Rua Doutor Xavier Sigaud,Botafogo,"[[-43.172763, -22.952628], [-43.172804, -22.952686], [-43.172843, -22.952742], [-43.172872, -22.952794], [-43.173107, -22.953282], [-43.173335, -22.953756], [-43.1737, -22.954483], [-43.173746, -22.95457], [-43.173804, -22.954686]]"
Rua Doutor Sampaio Corrêa,Botafogo,"[[-43.190686, -22.960559], [-43.190785, -22.960874], [-43.190832, -22.961009], [-43.190887, -22.961189]]"
Rua Coelho Neto,Laranjeiras,"[[-43.181167, -22.93557], [-43.181634, -22.935854], [-43.18186, -22.935971], [-43.182085, -22.936088], [-43.182619, -22.936363], [-43.183583, -22.93686], [-43.183665, -22.93691], [-43.183705, -22.936917], [-43.183757, -22.936925]]"
Rua Diniz Cordeiro,Botafogo,"[[-43.191357, -22.958468], [-43.191447, -22.958492], [-43.192449, -22.958839], [-43.19248, -22.958845], [-43.192503, -22.958845], [-43.192526, -22.958838], [-43.19254, -22.958822], [-43.192614, -22.958582]]"
Rua General Olympio Mourão Filho,São Conrado,"[[-43.255766, -22.993385], [-43.255817, -22.993494], [-43.25583, -22.993553], [-43.255829, -22.993644], [-43.255798, -22.993697], [-43.255761, -22.99374], [-43.255724, -22.993761], [-43.255665, -22.99378], [-43.255602, -22.993776], [-43.255532, -22.993761], [-43.255381, -22.993706], [-43.253828, -22.992978], [-43.253758, -22.992878], [-43.25374, -22.992839], [-43.253711, -22.992719], [-43.253708, -22.992669], [-43.253715, -22.992616], [-43.253763, -22.992513], [-43.253836, -22.992435], [-43.253939, -22.992365], [-43.254062, -22.992344], [-43.254325, -22.992333]]"
Rua General Barbosa Lima,Copacabana,"[[-43.180094, -22.965785], [-43.180512, -22.965983], [-43.18078, -22.966131], [-43.180833, -22.966191], [-43.180856, -22.966263], [-43.180891, -22.966485], [-43.180887, -22.966616], [-43.180856, -22.966695], [-43.180808, -22.966758], [-43.180748, -22.966803], [-43.180663, -22.966816], [-43.180568, -22.966815], [-43.180403, -22.966778], [-43.18027, -22.966724], [-43.180172, -22.966657], [-43.179929, -22.966425], [-43.179911, -22.966378], [-43.179909, -22.966306], [-43.179925, -22.966273], [-43.179957, -22.966249], [-43.180011, -22.96622], [-43.180068, -22.966206], [-43.180127, -22.966206], [-43.180215, -22.966222], [-43.180293, -22.966247], [-43.18046, -22.966342], [-43.18051, -22.966384], [-43.180574, -22.966481]]"
Rua Doutor Xavier Sigaud,Urca,"[[-43.172763, -22.952628], [-43.172804, -22.952686], [-43.172843, -22.952742], [-43.172872, -22.952794], [-43.173107, -22.953282], [-43.173335, -22.953756], [-43.1737, -22.954483], [-43.173746, -22.95457], [-43.173804, -22.954686]]"
Travessa Jaú,Copacabana,"[[-43.186141, -22.966217], [-43.185812, -22.966771], [-43.185739, -22.966893]]"
Avenida Bartolomeu Mitre,Gávea,"[[-43.223879, -22.981488], [-43.223871, -22.981273], [-43.22386, -22.98118], [-43.223827, -22.981033], [-43.223811, -22.980943], [-43.223793, -22.980854], [-43.223778, -22.980776], [-43.223765, -22.980701], [-43.223761, -22.980636], [-43.22376, -22.980555], [-43.223778, -22.980261], [-43.223786, -22.98005], [-43.223802, -22.979944], [-43.223833, -22.979823], [-43.223974, -22.979515], [-43.224092, -22.979245], [-43.224168, -22.979073], [-43.224192, -22.979024], [-43.224221, -22.978966], [-43.224421, -22.97871], [-43.224489, -22.978612], [-43.224534, -22.978545], [-43.224567, -22.978492], [-43.224576, -22.978473], [-43.224604, -22.978415], [-43.224651, -22.978318], [-43.224686, -22.978208], [-43.224716, -22.978086], [-43.224795, -22.977771], [-43.224805, -22.977729], [-43.224925, -22.977287], [-43.225017, -22.976856], [-43.225025, -22.976814], [-43.225077, -22.976678], [-43.225144, -22.976444], [-43.22519, -22.976311], [-43.225359, -22.975977], [-43.22541, -22.975881], [-43.225468, -22.975771], [-43.225703, -22.975338], [-43.225787, -22.975167], [-43.225811, -22.975121]]"
Avenida Borges de Medeiros,Leblon,"[[-43.204115, -22.961493], [-43.204164, -22.961629], [-43.204207, -22.961741], [-43.204271, -22.961874], [-43.204344, -22.962005], [-43.204431, -22.962151], [-43.204504, -22.96225], [-43.204558, -22.962322], [-43.20461, -22.962374], [-43.204692, -22.962444], [-43.204811, -22.962519], [-43.20489, -22.962547], [-43.205034, -22.962583], [-43.205197, -22.962609], [-43.205413, -22.96263], [-43.206235, -22.962715], [-43.207014, -22.962801], [-43.207491, -22.962851], [-43.207618, -22.962865], [-43.207716, -22.962878], [-43.208706, -22.96299], [-43.208859, -22.962991], [-43.208942, -22.962993], [-43.209222, -22.962965], [-43.209758, -22.96281], [-43.209998, -22.962749], [-43.210283, -22.962704], [-43.210753, -22.962665], [-43.211041, -22.96265], [-43.211686, -22.96269], [-43.21173, -22.962699], [-43.211821, -22.962714], [-43.211999, -22.962783], [-43.21218, -22.962882], [-43.212459, -22.963061], [-43.21272, -22.963217], [-43.213713, -22.963745], [-43.214653, -22.964209], [-43.214741, -22.964267], [-43.215313, -22.964639], [-43.215448, -22.964727], [-43.215765, -22.964949], [-43.215958, -22.965107], [-43.216034, -22.965191], [-43.216066, -22.965226], [-43.216183, -22.965372], [-43.216533, -22.965988], [-43.216748, -22.966356], [-43.216796, -22.966441], [-43.217234, -22.967168], [-43.217455, -22.967504], [-43.217484, -22.967574], [-43.217512, -22.967696], [-43.217527, -22.968452], [-43.217559, -22.97052], [-43.217565, -22.97063], [-43.217592, -22.971204], [-43.217599, -22.971349], [-43.217718, -22.972276], [-43.21784, -22.972811], [-43.217956, -22.973325], [-43.21799, -22.973469], [-43.217998, -22.973505], [-43.218188, -22.974136], [-43.218244, -22.97431], [-43.218341, -22.974601], [-43.218448, -22.974887], [-43.218555, -22.975172], [-43.218897, -22.975967], [-43.218897, -22.976013], [-43.218904, -22.976044], [-43.218916, -22.976087], [-43.218956, -22.976216], [-43.218986, -22.976318], [-43.219008, -22.976446], [-43.219012, -22.976498], [-43.219013, -22.976557], [-43.219002, -22.976661], [-43.218999, -22.976805], [-43.218972, -22.976968], [-43.218939, -22.977081], [-43.218871, -22.977256], [-43.218195, -22.978505], [-43.218086, -22.978706], [-43.218027, -22.978799], [-43.217898, -22.978936], [-43.217792, -22.979035], [-43.217419, -22.979303], [-43.217085, -22.979501], [-43.217044, -22.979525], [-43.216778, -22.979686], [-43.216748, -22.979701], [-43.216215, -22.979976], [-43.215792, -22.980149], [-43.215423, -22.980282], [-43.214915, -22.980412], [-43.21479, -22.980433], [-43.214626, -22.980448]]"
Autoestrada Engenheiro Fernando Mac Dowell,São Conrado,"[[-43.250593, -22.992327], [-43.250839, -22.992349], [-43.251081, -22.992375], [-43.251529, -22.992429], [-43.251894, -22.992495], [-43.252124, -22.992545], [-43.252364, -22.992606], [-43.252692, -22.992701], [-43.252964, -22.992796], [-43.253216, -22.99289], [-43.25362, -22.993064], [-43.254168, -22.993294], [-43.254615, -22.993497], [-43.25531, -22.993835], [-43.258488, -22.995278], [-43.258894, -22.995496], [-43.260224, -22.996264], [-43.260565, -22.996427], [-43.260931, -22.996581], [-43.26121, -22.99668], [-43.261611, -22.996802], [-43.265009, -22.99779], [-43.265368, -22.99789], [-43.265453, -22.99791], [-43.265588, -22.997932], [-43.265971, -22.997983], [-43.266264, -22.998029], [-43.266941, -22.998227], [-43.267055, -22.998264], [-43.267375, -22.998378], [-43.267624, -22.998473], [-43.267786, -22.998535], [-43.26784, -22.998558], [-43.268354, -22.998741], [-43.268623, -22.998813], [-43.269223, -22.998926], [-43.269363, -22.998942], [-43.270007, -22.998979], [-43.270724, -22.999073], [-43.271353, -22.99915], [-43.271598, -22.999191], [-43.272035, -22.999295], [-43.272375, -22.999427], [-43.272453, -22.999465], [-43.272625, -22.999566], [-43.272848, -22.999704], [-43.272989, -22.999801], [-43.273072, -22.99987], [-43.273421, -23.0002], [-43.273686, -23.000509], [-43.27378, -23.000616]]"
Rua Marechal Ramon Castilla,Botafogo,"[[-43.173867, -22.955805], [-43.174387, -22.955871], [-43.174895, -22.956576], [-43.175141, -22.956753], [-43.175193, -22.956777], [-43.175256, -22.956788], [-43.175333, -22.956793], [-43.175439, -22.956767], [-43.175661, -22.956631], [-43.175745, -22.956583], [-43.175952, -22.956457], [-43.176063, -22.956402]]"
Rua Leblon,Leblon,"[[-43.218172, -22.984797], [-43.218135, -22.985129], [-43.218032, -22.985994], [-43.217987, -22.986322], [-43.21797, -22.986434]]"
Rua Joseph Bloch,Copacabana,"[[-43.188967, -22.966711], [-43.188931, -22.966683], [-43.18821, -22.966116], [-43.188107, -22.966], [-43.188047, -22.965935]]"
Rua General Rabelo,Gávea,"[[-43.226508, -22.977134], [-43.226556, -22.977135], [-43.226596, -22.977131], [-43.226639, -22.97711], [-43.227225, -22.976369], [-43.227258, -22.976293], [-43.227298, -22.976153], [-43.227527, -22.975343]]"
Rua Caminhoá,Jardim Botânico,"[[-43.22708, -22.965382], [-43.226881, -22.964201]]"
Rua Joaquim Caetano,Urca,"[[-43.161633, -22.9445], [-43.161967, -22.944315], [-43.162401, -22.94408], [-43.162459, -22.944052]]"
Rua Sá Ferreira,Copacabana,"[[-43.195353, -22.981989], [-43.194761, -22.981843], [-43.1927, -22.981239], [-43.192548, -22.981194], [-43.191587, -22.98095], [-43.191323, -22.98088], [-43.191091, -22.980819], [-43.190885, -22.980822], [-43.18992, -22.980836], [-43.189833, -22.980841], [-43.189767, -22.980858]]"
Rua Capistrano de Abreu,Humaitá,"[[-43.196533, -22.954695], [-43.195734, -22.95441], [-43.19567, -22.954389], [-43.195608, -22.954369], [-43.195555, -22.954347], [-43.195036, -22.954169], [-43.194971, -22.954147]]"
Rua Barão de Guaratiba,Catete,"[[-43.1905, -22.9645], [-43.178, -22.975]]"
Rua Capelão Álvares da Silva,Copacabana,"[[-43.189195, -22.967728], [-43.188626, -22.967333], [-43.188613, -22.967324], [-43.188518, -22.967257]]"
Rua Camuirano,Botafogo,"[[-43.193056, -22.954], [-43.194226, -22.954414]]"
Praça Professor José Acioli,Ipanema,"[[-43.206788, -22.980732], [-43.206703, -22.980729], [-43.20661, -22.980755], [-43.206587, -22.980767], [-43.206537, -22.980794], [-43.206392, -22.980959]]"
Rua Juquiá,Leblon,"[[-43.222624, -22.980033], [-43.222646, -22.980089], [-43.22266, -22.980113], [-43.222683, -22.980133], [-43.222816, -22.980185], [-43.22366, -22.980516], [-43.22376, -22.980555]]"
Praça Tenente Gil Guilherme,Urca,"[[-43.161633, -22.9445], [-43.161537, -22.94477], [-43.161251, -22.944699], [-43.16133, -22.944428], [-43.161633, -22.9445]]"
Rua Barão de Jaguaripe,Ipanema,"[[-43.213435, -22.981081], [-43.213372, -22.981087], [-43.213303, -22.981134], [-43.211974, -22.981198], [-43.21116, -22.981235], [-43.209939, -22.981307], [-43.20903, -22.98135], [-43.207694, -22.981429], [-43.206998, -22.981466], [-43.206925, -22.98147], [-43.206866, -22.981474], [-43.206153, -22.981519], [-43.205593, -22.981548], [-43.204898, -22.98158], [-43.204792, -22.981584], [-43.203887, -22.981618], [-43.202737, -22.981662], [-43.202673, -22.981665]]"
Rua Barão de Lucena,Botafogo,"[[-43.187395, -22.949509], [-43.187418, -22.949434], [-43.187426, -22.949403], [-43.187796, -22.948166], [-43.187973, -22.947498], [-43.187992, -22.947455], [-43.188015, -22.947415], [-43.188078, -22.947316], [-43.188116, -22.947257], [-43.188171, -22.947166], [-43.188203, -22.947111], [-43.188248, -22.947026], [-43.188258, -22.947002], [-43.188281, -22.946936], [-43.188292, -22.946898], [-43.188307, -22.946844], [-43.188315, -22.9468], [-43.188324, -22.946751], [-43.188327, -22.94672], [-43.188331, -22.946656], [-43.18833, -22.946576], [-43.188327, -22.946553], [-43.188321, -22.946496], [-43.188311, -22.946447], [-43.188305, -22.946417], [-43.18829, -22.946368], [-43.188282, -22.946339], [-43.188261, -22.94629], [-43.188235, -22.946229], [-43.188215, -22.946191], [-43.188195, -22.946074], [-43.188185, -22.946019], [-43.188184, -22.945924], [-43.188166, -22.945832], [-43.188095, -22.945457]]"
Rua Abreu Fialho,Jardim Botânico,"[[-43.226353, -22.964231], [-43.226527, -22.965413], [-43.226532, -22.965449]]"
Rua Assis Bueno,Botafogo,"[[-43.184211, -22.957559], [-43.184543, -22.956897], [-43.184607, -22.956771], [-43.184667, -22.956651], [-43.184917, -22.956154], [-43.184937, -22.956114], [-43.184965, -22.956058], [-43.185034, -22.955918], [-43.185036, -22.955883]]"
Rua das Acácias,Gávea,"[[-43.230219, -22.974167], [-43.229744, -22.974759], [-43.229437, -22.975159], [-43.228725, -22.976127]]"
Rua Ministro Raul Fernandes,Botafogo,"[[-43.188185, -22.946019], [-43.187009, -22.946187], [-43.18695, -22.946195], [-43.186852, -22.946222]]"
Rua Maria Eugênia,Humaitá,"[[-43.204583, -22.957066], [-43.204399, -22.956798], [-43.204322, -22.956707], [-43.204255, -22.956646], [-43.204112, -22.956542], [-43.203726, -22.956222], [-43.203568, -22.95611], [-43.203463, -22.956056], [-43.203271, -22.955977], [-43.202886, -22.955861], [-43.202676, -22.955815], [-43.202446, -22.955795], [-43.202345, -22.955808], [-43.202261, -22.955838], [-43.201884, -22.956015], [-43.201819, -22.956035], [-43.201773, -22.956038], [-43.201725, -22.956029], [-43.201643, -22.95599], [-43.201594, -22.955978], [-43.20154, -22.955978], [-43.201473, -22.95599], [-43.201421, -22.956017], [-43.201372, -22.956059], [-43.201345, -22.956085], [-43.201188, -22.956245], [-43.201211, -22.956287], [-43.201185, -22.956356], [-43.200598, -22.957061], [-43.19965, -22.958172]]"
Estrada da Gávea,Gávea,"[[-43.267375, -22.998378], [-43.267163, -22.998283], [-43.267042, -22.99823], [-43.266853, -22.99816], [-43.266187, -22.997958], [-43.265871, -22.997906], [-43.265634, -22.997844], [-43.264195, -22.99747], [-43.261754, -22.996743], [-43.260845, -22.996408], [-43.260239, -22.996107], [-43.259525, -22.995689], [-43.259187, -22.995484], [-43.258953, -22.995333], [-43.25882, -22.995258], [-43.258701, -22.9952], [-43.258494, -22.995103], [-43.257686, -22.994736], [-43.257557, -22.99467], [-43.257441, -22.994613], [-43.257357, -22.994572], [-43.257091, -22.994456], [-43.256463, -22.994186], [-43.256364, -22.994138], [-43.256274, -22.994067], [-43.256229, -22.994018], [-43.256188, -22.993963], [-43.256139, -22.993864], [-43.256065, -22.993718], [-43.25598, -22.993598], [-43.255892, -22.993501], [-43.255766, -22.993385], [-43.255688, -22.993323], [-43.255145, -22.992807], [-43.255101, -22.992761], [-43.25484, -22.992619], [-43.254807, -22.992601], [-43.254706, -22.992544], [-43.25455, -22.992455], [-43.254325, -22.992333], [-43.253992, -22.992138], [-43.253878, -22.992045], [-43.253725, -22.991921], [-43.253561, -22.991642], [-43.253394, -22.991366], [-43.253341, -22.991294], [-43.253296, -22.991246], [-43.253227, -22.991197], [-43.253139, -22.991157], [-43.253049, -22.991128], [-43.252802, -22.991062], [-43.2527, -22.991033], [-43.252625, -22.991007], [-43.252542, -22.990968], [-43.252496, -22.990935], [-43.252452, -22.990885], [-43.252391, -22.990801], [-43.252307, -22.990636], [-43.252247, -22.990536], [-43.252047, -22.990352], [-43.252004, -22.990301], [-43.251975, -22.99024], [-43.251969, -22.990204], [-43.251974, -22.990153], [-43.251994, -22.990084], [-43.252057, -22.990005], [-43.252164, -22.989906], [-43.252321, -22.989796], [-43.252353, -22.989771], [-43.252382, -22.989745], [-43.252401, -22.989713], [-43.252406, -22.989684], [-43.252406, -22.989657], [-43.252393, -22.989627], [-43.252377, -22.9896], [-43.252346, -22.989573], [-43.252299, -22.989554], [-43.252226, -22.989532], [-43.252102, -22.9895], [-43.252006, -22.98948], [-43.251934, -22.989467], [-43.251857, -22.989461], [-43.251798, -22.989462], [-43.251734, -22.989471], [-43.251641, -22.989501], [-43.251579, -22.989521], [-43.25152, -22.989539], [-43.251492, -22.989545], [-43.251467, -22.989542], [-43.25145, -22.989532], [-43.251438, -22.989517], [-43.25143, -22.9895], [-43.25143, -22.98948], [-43.25144, -22.989462], [-43.251456, -22.989448], [-43.251479, -22.98944], [-43.251683, -22.989376], [-43.251703, -22.989363], [-43.251717, -22.989348], [-43.251725, -22.989329], [-43.251728, -22.989308], [-43.251725, -22.989287], [-43.251711, -22.989271], [-43.251691, -22.989259], [-43.25167, -22.989255], [-43.251649, -22.989256], [-43.251632, -22.98926], [-43.251603, -22.989269], [-43.251561, -22.989292], [-43.251506, -22.989319], [-43.25142, -22.989351], [-43.25136, -22.98937], [-43.251305, -22.989384], [-43.25126, -22.989389], [-43.251217, -22.989387], [-43.25117, -22.989377], [-43.251131, -22.989362], [-43.251092, -22.989333], [-43.25104, -22.989287], [-43.250879, -22.989081], [-43.250827, -22.989041], [-43.250768, -22.989013], [-43.250671, -22.988992], [-43.250388, -22.988976], [-43.250003, -22.988972], [-43.249785, -22.988968], [-43.249619, -22.988954], [-43.249543, -22.988941], [-43.249502, -22.988934], [-43.249419, -22.988907], [-43.249265, -22.988805], [-43.249125, -22.9887], [-43.248972, -22.988568], [-43.248913, -22.988504], [-43.248873, -22.988459], [-43.248798, -22.98838], [-43.248723, -22.988301], [-43.248657, -22.988234], [-43.248593, -22.988168], [-43.24848, -22.988089], [-43.248438, -22.988071], [-43.248374, -22.988043], [-43.248217, -22.988002], [-43.248066, -22.987975], [-43.247999, -22.987962], [-43.247817, -22.987929], [-43.247656, -22.987892], [-43.247596, -22.987886], [-43.247527, -22.98789], [-43.247474, -22.987897], [-43.247416, -22.987915], [-43.247346, -22.987943], [-43.247184, -22.98801], [-43.247017, -22.988071], [-43.246946, -22.988086], [-43.246894, -22.988085], [-43.246837, -22.988079], [-43.246783, -22.988059], [-43.246688, -22.988007], [-43.246578, -22.987927], [-43.246334, -22.987756], [-43.246261, -22.987679], [-43.246216, -22.987637], [-43.246177, -22.987614], [-43.246139, -22.987598], [-43.246096, -22.987591], [-43.246043, -22.987594], [-43.245993, -22.987609], [-43.245943, -22.987644], [-43.24586, -22.987724], [-43.245772, -22.987793], [-43.245705, -22.98782], [-43.245632, -22.987822], [-43.245535, -22.987798], [-43.245472, -22.987773], [-43.245434, -22.987765], [-43.245395, -22.987763], [-43.245349, -22.987773], [-43.245305, -22.9878], [-43.245191, -22.987893], [-43.245159, -22.987913], [-43.245124, -22.98793], [-43.245079, -22.987934], [-43.245043, -22.987927], [-43.245016, -22.987907], [-43.245009, -22.987883], [-43.245016, -22.987853], [-43.245036, -22.987818], [-43.245092, -22.987759], [-43.245135, -22.987726], [-43.245277, -22.987634], [-43.245339, -22.987596], [-43.245374, -22.987581], [-43.245401, -22.987574], [-43.245428, -22.987573], [-43.245464, -22.987582], [-43.245517, -22.987608], [-43.245556, -22.987618], [-43.245593, -22.987618], [-43.24563, -22.98761], [-43.245658, -22.987597], [-43.245686, -22.98758], [-43.245713, -22.987544], [-43.245783, -22.987431], [-43.2458, -22.98741], [-43.245842, -22.987365], [-43.245879, -22.987333], [-43.245935, -22.987299], [-43.246018, -22.98725], [-43.246125, -22.987226], [-43.246294, -22.987206], [-43.246383, -22.987191], [-43.246452, -22.987168], [-43.246495, -22.987146], [-43.246532, -22.987076], [-43.246655, -22.98697], [-43.246751, -22.986864], [-43.246863, -22.986765], [-43.246959, -22.986715], [-43.24702, -22.986692], [-43.247077, -22.986665], [-43.247172, -22.986644], [-43.247384, -22.986629], [-43.247618, -22.986588], [-43.247772, -22.986565], [-43.24787, -22.98655], [-43.247915, -22.986536], [-43.247934, -22.986513], [-43.247937, -22.986492], [-43.247923, -22.986466], [-43.24789, -22.986453], [-43.247811, -22.986447], [-43.247631, -22.986448], [-43.247399, -22.98645], [-43.247077, -22.986455], [-43.246857, -22.98646], [-43.246677, -22.986479], [-43.246403, -22.986531], [-43.246152, -22.986587], [-43.245845, -22.98667], [-43.245706, -22.98671], [-43.245607, -22.986738], [-43.245562, -22.98675], [-43.245524, -22.98676], [-43.245503, -22.986762], [-43.245489, -22.986762], [-43.245481, -22.986759], [-43.245478, -22.986752], [-43.245478, -22.986734], [-43.245481, -22.986701], [-43.245489, -22.986642], [-43.245488, -22.986568], [-43.245466, -22.986494], [-43.245437, -22.986437], [-43.245347, -22.986357], [-43.245087, -22.986133], [-43.24502, -22.986096], [-43.244934, -22.986067], [-43.244863, -22.98605], [-43.244777, -22.986038], [-43.244689, -22.986031], [-43.244676, -22.98603], [-43.244579, -22.986017], [-43.244482, -22.985998], [-43.244379, -22.985978], [-43.244293, -22.985951], [-43.24422, -22.985929], [-43.244146, -22.985909], [-43.244052, -22.985908], [-43.243895, -22.98593], [-43.243772, -22.985939], [-43.243669, -22.985933], [-43.243567, -22.985904], [-43.243491, -22.985892], [-43.243419, -22.985887], [-43.243301, -22.9859], [-43.243103, -22.985969], [-43.243066, -22.985967], [-43.243041, -22.98595], [-43.243029, -22.985926], [-43.243032, -22.985906], [-43.243064, -22.985852], [-43.243115, -22.98581], [-43.243155, -22.985783], [-43.243247, -22.98574], [-43.243324, -22.985729], [-43.2434, -22.985718], [-43.243493, -22.985719], [-43.243623, -22.985726], [-43.243683, -22.985716], [-43.243724, -22.985706], [-43.243783, -22.985679], [-43.243898, -22.985612], [-43.243991, -22.985552], [-43.244068, -22.985512], [-43.244146, -22.985502], [-43.244267, -22.985504], [-43.24438, -22.985516], [-43.244449, -22.985502], [-43.244556, -22.985447], [-43.244648, -22.985379], [-43.244767, -22.985261], [-43.24502, -22.984929], [-43.245145, -22.984771], [-43.245302, -22.984609], [-43.24537, -22.984517], [-43.245411, -22.984455], [-43.245417, -22.984429], [-43.245415, -22.984405], [-43.245406, -22.984388], [-43.24539, -22.984379], [-43.245357, -22.984376], [-43.245318, -22.984382], [-43.245008, -22.98445], [-43.244714, -22.984506], [-43.244526, -22.984539], [-43.244323, -22.984524], [-43.24426, -22.984503], [-43.24424, -22.984497], [-43.244133, -22.984441], [-43.244062, -22.984415], [-43.243987, -22.984401], [-43.243881, -22.984395], [-43.243781, -22.984413], [-43.243673, -22.984477], [-43.243621, -22.984527], [-43.243582, -22.98459], [-43.243572, -22.984639], [-43.243569, -22.984694], [-43.243576, -22.984762], [-43.243583, -22.984823], [-43.24358, -22.984873], [-43.243568, -22.984908], [-43.24355, -22.98493], [-43.24353, -22.984936], [-43.243508, -22.984933], [-43.243487, -22.984917], [-43.243468, -22.984894], [-43.243442, -22.984846], [-43.2434, -22.984764], [-43.243341, -22.984668], [-43.243282, -22.984612], [-43.243216, -22.984561], [-43.243123, -22.984519], [-43.242938, -22.98439], [-43.242902, -22.984349], [-43.242876, -22.984308], [-43.24287, -22.984259], [-43.242885, -22.984195], [-43.242934, -22.984123], [-43.243013, -22.984024], [-43.243052, -22.983964], [-43.243057, -22.983919], [-43.24304, -22.983889], [-43.243022, -22.983868], [-43.242975, -22.983826], [-43.242728, -22.983624], [-43.242517, -22.983444], [-43.242404, -22.983395], [-43.242367, -22.983386], [-43.242261, -22.983392], [-43.241992, -22.983552], [-43.241865, -22.983386], [-43.241785, -22.983222], [-43.241716, -22.983061], [-43.241675, -22.98298], [-43.241553, -22.982769], [-43.241438, -22.982605], [-43.241313, -22.982426], [-43.24123, -22.982336], [-43.241171, -22.982265], [-43.241086, -22.982173], [-43.240967, -22.982085], [-43.240957, -22.982079], [-43.240835, -22.982003], [-43.240621, -22.981889], [-43.240422, -22.981789], [-43.240342, -22.981755], [-43.240275, -22.981739], [-43.240218, -22.981728], [-43.240152, -22.981727]]"
Belfort Roxo,Copacabana,"[[-43.176776, -22.962768], [-43.176704, -22.962902], [-43.17621, -22.963864], [-43.17618, -22.963925], [-43.175784, -22.964691], [-43.175416, -22.965464], [-43.175303, -22.965692]]"
Rua Natal,Botafogo,"[[-43.183948, -22.946062], [-43.183925, -22.945966], [-43.18383, -22.945514], [-43.183821, -22.94547], [-43.183779, -22.945269], [-43.18374, -22.945049], [-43.183691, -22.944891], [-43.183689, -22.944869], [-43.183695, -22.944847], [-43.183707, -22.94483], [-43.183723, -22.944817], [-43.183743, -22.944808], [-43.183793, -22.94478], [-43.183868, -22.944761], [-43.183888, -22.944758], [-43.183947, -22.944747]]"
Rua Marquês de Sabará,Jardim Botânico,"[[-43.233958, -22.966624], [-43.234034, -22.966108], [-43.233192, -22.965978], [-43.232831, -22.965949], [-43.232408, -22.965968], [-43.23212, -22.966007], [-43.232019, -22.966047], [-43.231881, -22.966128], [-43.23173, -22.966232], [-43.231743, -22.966316], [-43.231777, -22.966657], [-43.231783, -22.966724]]"
Mureta da Urca,Urca,"[[-43.1905, -22.9645], [-43.178, -22.975]]"
Ladeira dos Tabajaras,Botafogo,"[[-43.192431, -22.959747], [-43.19233, -22.9598], [-43.192234, -22.959859], [-43.192187, -22.959891], [-43.192112, -22.959939], [-43.191949, -22.960103], [-43.191771, -22.96033], [-43.191673, -22.960476], [-43.191623, -22.960577], [-43.191579, -22.960724], [-43.191598, -22.960745], [-43.191615, -22.960775], [-43.191622, -22.960832], [-43.191609, -22.960906], [-43.191524, -22.96125], [-43.191497, -22.961348], [-43.191455, -22.961427], [-43.191382, -22.961535], [-43.191289, -22.961616], [-43.191163, -22.961699], [-43.191065, -22.961755], [-43.190911, -22.961849], [-43.190775, -22.961923], [-43.190704, -22.961956], [-43.190612, -22.961976], [-43.190534, -22.961984], [-43.190502, -22.961988], [-43.190474, -22.962005], [-43.190462, -22.962031], [-43.190466, -22.962053], [-43.190487, -22.96207], [-43.190513, -22.962079], [-43.190547, -22.962087], [-43.190581, -22.962086], [-43.190706, -22.962066], [-43.190847, -22.962055], [-43.190993, -22.962036], [-43.19114, -22.961999], [-43.191612, -22.961806], [-43.191636, -22.9618], [-43.19166, -22.96181], [-43.191669, -22.961827], [-43.191671, -22.961851], [-43.191664, -22.961867], [-43.191496, -22.962118], [-43.191439, -22.962179], [-43.19138, -22.962216], [-43.191322, -22.962236], [-43.191232, -22.962258], [-43.191189, -22.962275], [-43.191097, -22.962303], [-43.191118, -22.96251], [-43.191126, -22.96259], [-43.191115, -22.962646], [-43.191097, -22.962705], [-43.191068, -22.962778], [-43.191053, -22.962825], [-43.191031, -22.962876], [-43.191019, -22.962898], [-43.190997, -22.962928], [-43.190934, -22.963046], [-43.190911, -22.963104], [-43.190896, -22.963154], [-43.190873, -22.963251], [-43.190853, -22.963354], [-43.190837, -22.963385], [-43.190823, -22.963407], [-43.190751, -22.963477], [-43.190656, -22.963564], [-43.19057, -22.963636], [-43.190542, -22.963662], [-43.190513, -22.963677], [-43.190469, -22.963693], [-43.190281, -22.963728], [-43.190228, -22.963747], [-43.190203, -22.963766], [-43.190181, -22.963789], [-43.190137, -22.963834], [-43.190044, -22.963951], [-43.189903, -22.964133], [-43.189814, -22.96426], [-43.18967, -22.964438], [-43.189622, -22.964493], [-43.189573, -22.964524], [-43.189542, -22.96454], [-43.189518, -22.964552], [-43.189459, -22.964582], [-43.18944, -22.964589], [-43.189403, -22.964605], [-43.189315, -22.964643], [-43.189144, -22.964706], [-43.188997, -22.964773], [-43.188972, -22.964783], [-43.188839, -22.96485], [-43.188583, -22.964977], [-43.188555, -22.96499], [-43.188468, -22.965028], [-43.188314, -22.965078], [-43.18819, -22.965116], [-43.188128, -22.965136], [-43.187937, -22.965187], [-43.187878, -22.965203], [-43.187842, -22.965215], [-43.187807, -22.965226], [-43.18778, -22.965235], [-43.187765, -22.965242], [-43.187754, -22.96525], [-43.187744, -22.96526], [-43.187694, -22.965318], [-43.18768, -22.965345], [-43.187666, -22.965374], [-43.187618, -22.96544], [-43.18756, -22.965503], [-43.187457, -22.965607], [-43.187086, -22.965962], [-43.18699, -22.96608], [-43.186788, -22.966326], [-43.186681, -22.966496], [-43.186623, -22.966593], [-43.186616, -22.966624], [-43.186618, -22.966647], [-43.186646, -22.966695]]"
Rua Mário Ribeiro,Gávea,"[[-43.227105, -22.978641], [-43.226742, -22.978545], [-43.226561, -22.978498], [-43.226326, -22.97846], [-43.226168, -22.978445], [-43.226133, -22.978442], [-43.226103, -22.97844], [-43.225672, -22.978406], [-43.225577, -22.978393], [-43.225366, -22.978351], [-43.22507, -22.978287], [-43.224877, -22.978248], [-43.224686, -22.978208], [-43.224433, -22.978153], [-43.22373, -22.978011], [-43.222481, -22.977765], [-43.222238, -22.977711], [-43.222014, -22.977664], [-43.220583, -22.977366], [-43.220087, -22.977258], [-43.219862, -22.977204], [-43.21965, -22.977136], [-43.219397, -22.977011], [-43.219265, -22.976924], [-43.219132, -22.976791], [-43.219089, -22.976753], [-43.219002, -22.976661], [-43.218931, -22.976562], [-43.218894, -22.976497], [-43.218864, -22.976422]]"
Rua Osório de Almeida,Urca,"[[-43.168693, -22.951377], [-43.168398, -22.952292], [-43.168109, -22.953087], [-43.168, -22.953414], [-43.16773, -22.954196], [-43.167672, -22.954333]]"
Rua Saint Roman,Copacabana,"[[-43.195015, -22.98362], [-43.194969, -22.983522], [-43.194939, -22.98349], [-43.194895, -22.983468], [-43.194723, -22.983413], [-43.194669, -22.9834], [-43.194627, -22.983382], [-43.194597, -22.983344], [-43.194599, -22.983297], [-43.194615, -22.983262], [-43.194641, -22.983243], [-43.194896, -22.983163], [-43.194994, -22.983124], [-43.195078, -22.983073], [-43.195224, -22.982955], [-43.195263, -22.982926], [-43.195301, -22.982909], [-43.195335, -22.982901], [-43.195347, -22.982902], [-43.19536, -22.982907], [-43.195385, -22.982943], [-43.195396, -22.982976], [-43.195385, -22.983004], [-43.195263, -22.983074], [-43.195203, -22.9831], [-43.195154, -22.983128], [-43.195109, -22.983171], [-43.195109, -22.983203], [-43.195125, -22.983234], [-43.195159, -22.983253], [-43.195228, -22.98326], [-43.195294, -22.983268], [-43.19536, -22.983259], [-43.195421, -22.98323], [-43.195501, -22.983159], [-43.195566, -22.98306], [-43.195604, -22.983], [-43.195637, -22.982943], [-43.195823, -22.98277], [-43.195873, -22.982712], [-43.195917, -22.982635], [-43.195964, -22.982472], [-43.195991, -22.982351], [-43.196096, -22.981832], [-43.196109, -22.981729], [-43.196106, -22.981647], [-43.196108, -22.981589], [-43.196066, -22.981442], [-43.196017, -22.981308], [-43.195984, -22.981258], [-43.195946, -22.98123], [-43.195888, -22.981216], [-43.195828, -22.981211], [-43.195624, -22.981202], [-43.195045, -22.981207], [-43.194856, -22.98116], [-43.194622, -22.98109], [-43.194175, -22.981055], [-43.193992, -22.981028], [-43.193858, -22.980985], [-43.192507, -22.980607], [-43.192332, -22.980576], [-43.19223, -22.980583], [-43.192135, -22.980603], [-43.192035, -22.980642], [-43.191881, -22.980741], [-43.191587, -22.98095]]"
Rua Otaviano Hudson,Copacabana,"[[-43.181076, -22.964579], [-43.18117, -22.964471], [-43.181654, -22.963922], [-43.18182, -22.963731]]"
Rua Otávio Correia,Urca,"[[-43.161537, -22.94477], [-43.162235, -22.94581], [-43.162274, -22.945873]]"
Avenida Rui Barbosa,Flamengo,"[[-43.175476, -22.943382], [-43.175325, -22.943374], [-43.17507, -22.9433], [-43.174948, -22.943251], [-43.174828, -22.943186], [-43.174712, -22.943106], [-43.174635, -22.943041], [-43.174579, -22.942988], [-43.174503, -22.942916], [-43.174161, -22.942588], [-43.174126, -22.942554], [-43.173864, -22.942302], [-43.173493, -22.942033], [-43.173448, -22.942001], [-43.173402, -22.941967], [-43.172968, -22.941654], [-43.172879, -22.941593], [-43.171765, -22.940803], [-43.171627, -22.940654], [-43.171591, -22.940594], [-43.171306, -22.940087], [-43.171171, -22.939847], [-43.171053, -22.939636], [-43.171029, -22.939591], [-43.170964, -22.939472], [-43.170929, -22.939363], [-43.170915, -22.939265], [-43.170913, -22.939124], [-43.170922, -22.938994], [-43.17093, -22.938953], [-43.17095, -22.938849], [-43.171008, -22.938725], [-43.171059, -22.938652], [-43.171081, -22.938624]]"
Avenida Repórter Nestor Moreira,Botafogo,"[[-43.176932, -22.950182], [-43.177485, -22.949891], [-43.177517, -22.949875], [-43.177745, -22.949771], [-43.177845, -22.949725], [-43.178188, -22.949567], [-43.178206, -22.949559], [-43.178268, -22.949535], [-43.178438, -22.949483], [-43.178552, -22.949464], [-43.178591, -22.949461], [-43.178677, -22.949456], [-43.178895, -22.949455], [-43.179553, -22.949471], [-43.179912, -22.949395], [-43.180073, -22.949331], [-43.180181, -22.949289], [-43.180349, -22.9492], [-43.180503, -22.949084], [-43.180681, -22.948905], [-43.18071, -22.948876]]"
Rua Paulo VI,Botafogo,"[[-43.179439, -22.939895], [-43.179327, -22.939784], [-43.179216, -22.93963], [-43.179016, -22.939138], [-43.178893, -22.938861], [-43.178801, -22.938636], [-43.178769, -22.93854], [-43.17874, -22.938412], [-43.178587, -22.937661], [-43.178422, -22.936892], [-43.178316, -22.936263], [-43.178288, -22.936091], [-43.178224, -22.935617], [-43.178216, -22.93554], [-43.178218, -22.935485], [-43.178225, -22.935435], [-43.178249, -22.935268], [-43.178282, -22.93513]]"
Avenida Niemeyer,São Conrado,"[[-43.253625, -22.992499], [-43.253601, -22.992545], [-43.253556, -22.992631], [-43.253497, -22.992734], [-43.253476, -22.992766], [-43.253385, -22.99294], [-43.253368, -22.992973], [-43.253303, -22.993088], [-43.25329, -22.993121], [-43.253277, -22.993161], [-43.253262, -22.993212], [-43.253201, -22.993406], [-43.253195, -22.993428], [-43.253187, -22.993461], [-43.253171, -22.993527], [-43.253145, -22.993646], [-43.253138, -22.99368], [-43.253086, -22.993938], [-43.253078, -22.993973], [-43.253016, -22.994227], [-43.253011, -22.994325], [-43.253011, -22.994364], [-43.253023, -22.994397], [-43.253038, -22.994419], [-43.253065, -22.994445], [-43.253172, -22.994535], [-43.253665, -22.994894], [-43.25394, -22.995113], [-43.254257, -22.995381], [-43.25461, -22.995722], [-43.25488, -22.995981], [-43.255147, -22.99626], [-43.255544, -22.996684], [-43.256394, -22.997504], [-43.256509, -22.997632], [-43.256561, -22.997727], [-43.256574, -22.997845], [-43.256565, -22.997925], [-43.256525, -22.998058], [-43.256462, -22.998164], [-43.256359, -22.998255], [-43.256234, -22.998327], [-43.256065, -22.998401], [-43.255865, -22.998441], [-43.255568, -22.998471], [-43.255465, -22.998491], [-43.255406, -22.998493], [-43.255322, -22.998487], [-43.255132, -22.998459], [-43.255014, -22.998451], [-43.254919, -22.998455], [-43.25464, -22.998488], [-43.254252, -22.998532], [-43.253817, -22.998588], [-43.253503, -22.998644], [-43.253369, -22.998662], [-43.253246, -22.998644], [-43.253141, -22.99862], [-43.25305, -22.998604], [-43.252914, -22.998586], [-43.252798, -22.998596], [-43.252656, -22.998611], [-43.252477, -22.998642], [-43.251726, -22.998816], [-43.251421, -22.998879], [-43.251209, -22.998937], [-43.250783, -22.999046], [-43.25054, -22.999101], [-43.25036, -22.999142], [-43.250274, -22.999145], [-43.250208, -22.999139], [-43.250005, -22.999059], [-43.24988, -22.999006], [-43.249798, -22.998998], [-43.249395, -22.999012], [-43.248109, -22.999097], [-43.247962, -22.99913], [-43.247846, -22.999173], [-43.247758, -22.999216], [-43.247676, -22.999266], [-43.247534, -22.999388], [-43.247256, -22.999636], [-43.247184, -22.999715], [-43.247128, -22.999796], [-43.247028, -22.999942], [-43.246907, -23.000075], [-43.246793, -23.000174], [-43.246655, -23.000267], [-43.246419, -23.000396], [-43.246013, -23.000548], [-43.245872, -23.000563], [-43.24579, -23.00056], [-43.245674, -23.000551], [-43.245307, -23.000626], [-43.245106, -23.000656], [-43.24498, -23.000653], [-43.244728, -23.000613], [-43.244547, -23.0006], [-43.244054, -23.000611], [-43.243988, -23.000605], [-43.243891, -23.000575], [-43.24383, -23.000508], [-43.243707, -23.000143], [-43.243678, -23.000097], [-43.243609, -23.000058], [-43.243532, -23.000027], [-43.243435, -23.000008], [-43.242981, -22.999976], [-43.24271, -22.999958], [-43.24255, -22.999945], [-43.242429, -22.999941], [-43.242259, -22.999959], [-43.242113, -22.999994], [-43.241949, -23.000042], [-43.241836, -23.000074], [-43.241752, -23.000089], [-43.241668, -23.000092], [-43.241588, -23.000092], [-43.241515, -23.000078], [-43.24138, -23.000023], [-43.241178, -22.999907], [-43.241092, -22.999864], [-43.241042, -22.999829], [-43.240936, -22.999718], [-43.24074, -22.999491], [-43.240602, -22.999316], [-43.240467, -22.999109], [-43.24021, -22.998613], [-43.239996, -22.998221], [-43.239901, -22.998074], [-43.239826, -22.997971], [-43.239745, -22.997898], [-43.239634, -22.997828], [-43.239401, -22.99773], [-43.239115, -22.997611], [-43.238895, -22.997542], [-43.238645, -22.997493], [-43.23798, -22.99734], [-43.23772, -22.997266], [-43.237649, -22.99724], [-43.237564, -22.9972], [-43.237485, -22.997163], [-43.237173, -22.997024], [-43.236653, -22.996785], [-43.236369, -22.996652], [-43.236102, -22.99653], [-43.235958, -22.996443], [-43.235867, -22.996364], [-43.235749, -22.996239], [-43.235653, -22.996095], [-43.235484, -22.99582], [-43.235314, -22.995522], [-43.235218, -22.99535], [-43.235157, -22.995258], [-43.23508, -22.995153], [-43.234976, -22.995037], [-43.23489, -22.994954], [-43.234774, -22.994867], [-43.234628, -22.994799], [-43.234448, -22.99474], [-43.234392, -22.994721], [-43.234243, -22.994664], [-43.234131, -22.994603], [-43.234039, -22.994533], [-43.233914, -22.994402], [-43.23381, -22.994251], [-43.233749, -22.994135], [-43.233702, -22.993992], [-43.23368, -22.993873], [-43.233674, -22.993769], [-43.233677, -22.993672], [-43.233724, -22.993552], [-43.233807, -22.99343], [-43.233867, -22.993325], [-43.233913, -22.99323], [-43.233931, -22.993142], [-43.233938, -22.99303], [-43.233949, -22.99284]]"
Avenida Lauro Sodré,Botafogo,"[[-43.178888, -22.953428], [-43.178745, -22.953831], [-43.178279, -22.954956], [-43.178032, -22.955447], [-43.177925, -22.95566], [-43.177849, -22.955864], [-43.177788, -22.956087], [-43.177735, -22.956242], [-43.177703, -22.956429], [-43.177667, -22.956761], [-43.177616, -22.957079], [-43.177501, -22.95765], [-43.17745, -22.957884], [-43.177391, -22.958095], [-43.17733, -22.958274], [-43.177053, -22.95882]]"
Avenida Infante Dom Henrique,Flamengo,"[[-43.177423, -22.943005], [-43.176974, -22.943297], [-43.176584, -22.94354], [-43.176155, -22.943792], [-43.175959, -22.94389], [-43.175652, -22.943997], [-43.175466, -22.944042], [-43.175236, -22.944067], [-43.174927, -22.944063], [-43.174647, -22.944027], [-43.174334, -22.943934], [-43.17406, -22.943808], [-43.173778, -22.943624], [-43.173459, -22.943408], [-43.172984, -22.943081], [-43.172393, -22.942627], [-43.172108, -22.942392], [-43.171335, -22.941698], [-43.170973, -22.941357], [-43.170876, -22.941262], [-43.170744, -22.941108], [-43.170618, -22.940939], [-43.170421, -22.940659], [-43.170316, -22.940436], [-43.170223, -22.940208], [-43.170142, -22.939888], [-43.170113, -22.939672], [-43.1701, -22.939514], [-43.170095, -22.939373], [-43.17011, -22.939148], [-43.170126, -22.939025], [-43.170171, -22.93879], [-43.170256, -22.938537], [-43.17035, -22.938293], [-43.170443, -22.938083], [-43.170531, -22.93795], [-43.170626, -22.937816], [-43.170878, -22.937532], [-43.17118, -22.937268], [-43.17206, -22.936653], [-43.172461, -22.936398], [-43.172646, -22.936246], [-43.172756, -22.936139], [-43.172877, -22.935996], [-43.173008, -22.935814], [-43.173146, -22.93557], [-43.173249, -22.935328], [-43.173366, -22.935016], [-43.173465, -22.93465], [-43.173581, -22.934082], [-43.173603, -22.933857], [-43.173615, -22.933647], [-43.173606, -22.933355], [-43.173562, -22.932906], [-43.17349, -22.932578], [-43.173431, -22.932372], [-43.172808, -22.930322], [-43.172715, -22.930015], [-43.172621, -22.929707], [-43.172108, -22.927975], [-43.17182, -22.927043]]"
Avenida Infante Dom Henrique,Botafogo,"[[-43.177423, -22.943005], [-43.176974, -22.943297], [-43.176584, -22.94354], [-43.176155, -22.943792], [-43.175959, -22.94389], [-43.175652, -22.943997], [-43.175466, -22.944042], [-43.175236, -22.944067], [-43.174927, -22.944063], [-43.174647, -22.944027], [-43.174334, -22.943934], [-43.17406, -22.943808], [-43.173778, -22.943624], [-43.173459, -22.943408], [-43.172984, -22.943081], [-43.172393, -22.942627], [-43.172108, -22.942392], [-43.171335, -22.941698], [-43.170973, -22.941357], [-43.170876, -22.941262], [-43.170744, -22.941108], [-43.170618, -22.940939], [-43.170421, -22.940659], [-43.170316, -22.940436], [-43.170223, -22.940208], [-43.170142, -22.939888], [-43.170113, -22.939672], [-43.1701, -22.939514], [-43.170095, -22.939373], [-43.17011, -22.939148], [-43.170126, -22.939025], [-43.170171, -22.93879], [-43.170256, -22.938537], [-43.17035, -22.938293], [-43.170443, -22.938083], [-43.170531, -22.93795], [-43.170626, -22.937816], [-43.170878, -22.937532], [-43.17118, -22.937268], [-43.17206, -22.936653], [-43.172461, -22.936398], [-43.172646, -22.936246], [-43.172756, -22.936139], [-43.172877, -22.935996], [-43.173008, -22.935814], [-43.173146, -22.93557], [-43.173249, -22.935328], [-43.173366, -22.935016], [-43.173465, -22.93465], [-43.173581, -22.934082], [-43.173603, -22.933857], [-43.173615, -22.933647], [-43.173606, -22.933355], [-43.173562, -22.932906], [-43.17349, -22.932578], [-43.173431, -22.932372], [-43.172808, -22.930322], [-43.172715, -22.930015], [-43.172621, -22.929707], [-43.172108, -22.927975], [-43.17182, -22.927043]]"
Rua Piragibe Frota Aguiar,Copacabana,"[[-43.194133, -22.983915], [-43.195015, -22.98362]]"
Rua Piragibe Frota Aguiar,Ipanema,"[[-43.194133, -22.983915], [-43.195015, -22.98362]]"
Rua Professor Arthur Ramos,Leblon,"[[-43.225259, -22.984171], [-43.224587, -22.983999], [-43.224263, -22.983917], [-43.223433, -22.983705], [-43.223302, -22.983671]]"
Autoestrada Lagoa-Barra,Leblon,"[[-43.21965, -22.977136], [-43.219579, -22.97715], [-43.219483, -22.977148], [-43.219372, -22.977121], [-43.219286, -22.977112], [-43.219198, -22.977112], [-43.219118, -22.977121], [-43.219047, -22.977141], [-43.218999, -22.977168], [-43.218871, -22.977256]]"
Avenida Beira-Mar,Flamengo,"[[-43.172835, -22.925198], [-43.172911, -22.925429]]"
Avenida Carlos Peixoto,Botafogo,"[[-43.177817, -22.956988], [-43.177753, -22.958086], [-43.177739, -22.958241], [-43.177726, -22.958309], [-43.177706, -22.958373], [-43.177425, -22.958925], [-43.1774, -22.958951], [-43.17736, -22.958986], [-43.17731, -22.95901], [-43.17725, -22.959014], [-43.177164, -22.958997], [-43.177078, -22.958955], [-43.176655, -22.958747], [-43.17664, -22.95874], [-43.17655, -22.958686], [-43.176499, -22.958639], [-43.176424, -22.958455], [-43.176393, -22.958369], [-43.176371, -22.958316], [-43.17602, -22.958085], [-43.175901, -22.958001], [-43.175823, -22.95794], [-43.175747, -22.957871], [-43.175686, -22.957799], [-43.17561, -22.957688], [-43.17547, -22.957483], [-43.175355, -22.957316], [-43.175248, -22.957194], [-43.175214, -22.957176], [-43.175177, -22.957176], [-43.175143, -22.957187], [-43.175085, -22.957231], [-43.175074, -22.957258], [-43.175075, -22.957279], [-43.175092, -22.95731], [-43.175217, -22.957464], [-43.175271, -22.957544], [-43.175309, -22.957631], [-43.175415, -22.957947], [-43.175458, -22.958029], [-43.175518, -22.958097], [-43.175744, -22.958301], [-43.175843, -22.958406], [-43.176216, -22.958853], [-43.176653, -22.95929], [-43.176793, -22.959418], [-43.176869, -22.959475], [-43.176968, -22.959539], [-43.177565, -22.959857], [-43.178372, -22.960333], [-43.178528, -22.960442], [-43.178636, -22.960509]]"
Travessa do Procópio,Urca,"[[-43.1905, -22.9645], [-43.178, -22.975]]"
Rua Pires de Almeida,Laranjeiras,"[[-43.194569, -22.938416], [-43.194325, -22.937947], [-43.194296, -22.937885], [-43.194037, -22.937382], [-43.194037, -22.937373], [-43.19404, -22.937367], [-43.194125, -22.937337], [-43.193868, -22.936869], [-43.19374, -22.936709], [-43.193424, -22.936422], [-43.193418, -22.936419], [-43.193413, -22.936419], [-43.193408, -22.936419], [-43.193307, -22.936514]]"
Rua Presidente Carlos de Campos,Laranjeiras,"[[-43.181315, -22.936349], [-43.180961, -22.937023], [-43.180907, -22.937105], [-43.180895, -22.937137], [-43.1809, -22.937177], [-43.180937, -22.937216], [-43.18132, -22.937692], [-43.18146, -22.937818], [-43.181536, -22.937956], [-43.181591, -22.938022], [-43.181634, -22.938062], [-43.181685, -22.938095], [-43.182281, -22.938357], [-43.182852, -22.938608], [-43.183165, -22.93874]]"
Rua Princesa Diana de Gales,São Conrado,"[[-43.269898, -22.999076], [-43.26975, -22.999125], [-43.269713, -22.999145], [-43.26967, -22.999177], [-43.26964, -22.999212], [-43.269616, -22.999249], [-43.269597, -22.9993], [-43.269585, -22.999352], [-43.269581, -22.999425], [-43.26958, -22.999561], [-43.269579, -22.999683], [-43.269579, -22.999732], [-43.269574, -22.999781], [-43.269541, -22.999897], [-43.269517, -22.99997], [-43.269506, -23.000012], [-43.269495, -23.000043], [-43.26948, -23.00008], [-43.269465, -23.0001], [-43.269448, -23.000117], [-43.269413, -23.000138], [-43.269368, -23.000151]]"
Rua Principado de Mônaco,Botafogo,"[[-43.192818, -22.95787], [-43.192723, -22.95788], [-43.191901, -22.957563], [-43.191771, -22.957513], [-43.19165, -22.957467]]"
Rua Quintino Cunha,Gávea,"[[-43.226041, -22.972533], [-43.225801, -22.973018]]"
Rua Paulo VI,Laranjeiras,"[[-43.179439, -22.939895], [-43.179327, -22.939784], [-43.179216, -22.93963], [-43.179016, -22.939138], [-43.178893, -22.938861], [-43.178801, -22.938636], [-43.178769, -22.93854], [-43.17874, -22.938412], [-43.178587, -22.937661], [-43.178422, -22.936892], [-43.178316, -22.936263], [-43.178288, -22.936091], [-43.178224, -22.935617], [-43.178216, -22.93554], [-43.178218, -22.935485], [-43.178225, -22.935435], [-43.178249, -22.935268], [-43.178282, -22.93513]]"
Rua Rumânia,Laranjeiras,"[[-43.194522, -22.939412], [-43.194429, -22.938772], [-43.194359, -22.938547], [-43.194357, -22.9385]]"
Rua Moura Brasil,Laranjeiras,"[[-43.184823, -22.936171], [-43.185148, -22.935591], [-43.185313, -22.935329], [-43.185454, -22.935106], [-43.18545, -22.935032], [-43.185433, -22.935006], [-43.185407, -22.934966], [-43.184689, -22.934659], [-43.184647, -22.934641], [-43.184568, -22.934625], [-43.184507, -22.934633], [-43.184486, -22.93464], [-43.184466, -22.934666], [-43.184437, -22.934703]]"
Rua Mundo Novo,Botafogo,"[[-43.185862, -22.943556], [-43.185891, -22.943537], [-43.18591, -22.943517], [-43.185923, -22.943493], [-43.18592, -22.943229], [-43.185927, -22.943203], [-43.185941, -22.943179], [-43.185961, -22.94316], [-43.185986, -22.943145], [-43.186014, -22.943138], [-43.186258, -22.943072], [-43.186275, -22.943058], [-43.186286, -22.943039], [-43.186288, -22.943018], [-43.186282, -22.942998], [-43.186271, -22.942982], [-43.186255, -22.942971], [-43.186236, -22.942965], [-43.186217, -22.942965], [-43.186195, -22.942969], [-43.185579, -22.943101], [-43.185535, -22.943107], [-43.185492, -22.943102], [-43.18547, -22.943092], [-43.185453, -22.943075], [-43.185447, -22.943053], [-43.185446, -22.94303], [-43.18545, -22.943002], [-43.185467, -22.942976], [-43.185509, -22.942958], [-43.185558, -22.94295], [-43.186171, -22.942883], [-43.186409, -22.942813], [-43.186565, -22.942792], [-43.186614, -22.94277], [-43.186687, -22.942706], [-43.187196, -22.942184], [-43.187222, -22.942163], [-43.187254, -22.94215], [-43.187288, -22.942145], [-43.187322, -22.942149], [-43.187354, -22.942161], [-43.187381, -22.942181], [-43.187402, -22.942207], [-43.187414, -22.942237], [-43.187417, -22.942269], [-43.18741, -22.9423], [-43.187394, -22.942329], [-43.187256, -22.942543], [-43.187236, -22.942578], [-43.187222, -22.942616], [-43.187215, -22.942658], [-43.187217, -22.942701], [-43.187244, -22.943243], [-43.187253, -22.943267], [-43.187268, -22.943289], [-43.187288, -22.943306], [-43.187311, -22.943318], [-43.187336, -22.943324], [-43.187362, -22.943325], [-43.187388, -22.94332], [-43.188618, -22.942998], [-43.188639, -22.942989], [-43.188654, -22.942972], [-43.188662, -22.942952], [-43.188661, -22.94293], [-43.188652, -22.942913], [-43.188638, -22.9429], [-43.18862, -22.942891], [-43.1886, -22.942889], [-43.187789, -22.942965], [-43.187757, -22.942968], [-43.187726, -22.942964], [-43.187696, -22.942953], [-43.18767, -22.942936], [-43.187651, -22.942914], [-43.187637, -22.942888], [-43.18763, -22.942861], [-43.187634, -22.942757], [-43.187646, -22.942715], [-43.187661, -22.942675], [-43.18769, -22.942618], [-43.187727, -22.942564], [-43.187767, -22.942509], [-43.187818, -22.942453], [-43.187887, -22.942381], [-43.187918, -22.942352], [-43.187946, -22.942319], [-43.187976, -22.942277], [-43.188001, -22.942233], [-43.188047, -22.94212], [-43.188065, -22.94206], [-43.188076, -22.941998], [-43.188081, -22.941944], [-43.188082, -22.94189], [-43.18807, -22.941836], [-43.188052, -22.941783], [-43.188026, -22.941733], [-43.187994, -22.941687], [-43.187957, -22.941646], [-43.187914, -22.941609], [-43.187859, -22.941575], [-43.187799, -22.94155], [-43.187736, -22.941533], [-43.187676, -22.941524], [-43.187615, -22.941524], [-43.187554, -22.941531], [-43.187491, -22.941546], [-43.18743, -22.941568], [-43.187382, -22.941594], [-43.187337, -22.941626], [-43.187262, -22.94168], [-43.187171, -22.941731], [-43.18692, -22.941858], [-43.186197, -22.94221], [-43.186101, -22.94225], [-43.186019, -22.942278], [-43.185414, -22.942437], [-43.185391, -22.942446], [-43.185365, -22.942449], [-43.185341, -22.942443], [-43.185319, -22.942431], [-43.185303, -22.942414], [-43.185293, -22.942392], [-43.185291, -22.942371], [-43.185296, -22.94235], [-43.185307, -22.942331], [-43.185323, -22.942316], [-43.185344, -22.942306], [-43.185603, -22.942206], [-43.185896, -22.942084], [-43.1861, -22.941975], [-43.18633, -22.941848], [-43.187073, -22.941435], [-43.187146, -22.941394], [-43.187222, -22.941358], [-43.187296, -22.94133], [-43.187371, -22.941306], [-43.187449, -22.941288], [-43.187663, -22.941251], [-43.187717, -22.941241], [-43.187771, -22.941235], [-43.187826, -22.941234], [-43.187885, -22.941238], [-43.187943, -22.941248], [-43.187999, -22.941263], [-43.18806, -22.941291], [-43.188117, -22.941324], [-43.188171, -22.941362], [-43.188219, -22.941402], [-43.188262, -22.941446], [-43.188301, -22.941493], [-43.188433, -22.94167], [-43.188492, -22.9418], [-43.188534, -22.941973], [-43.188557, -22.942024], [-43.188589, -22.942068], [-43.188626, -22.942102], [-43.188672, -22.942123], [-43.188736, -22.942149], [-43.188918, -22.942163], [-43.189056, -22.942166], [-43.189156, -22.942144], [-43.189213, -22.942125], [-43.18928, -22.94209], [-43.189337, -22.942048], [-43.18939, -22.941992], [-43.189431, -22.941883], [-43.18955, -22.941634], [-43.189608, -22.941491], [-43.189683, -22.941237]]"
Rua Mário de Andrade,Humaitá,"[[-43.197876, -22.952698], [-43.197541, -22.9533], [-43.197457, -22.953414], [-43.197359, -22.95348], [-43.197205, -22.953538], [-43.197159, -22.953561]]"
Rua Nina Rodrigues,Jardim Botânico,"[[-43.215485, -22.960701], [-43.214849, -22.961721]]"
Rua Odílio Bacelar,Urca,"[[-43.168218, -22.953173], [-43.169013, -22.952898], [-43.169113, -22.952868]]"
Rua Marquesa de Santos,Laranjeiras,"[[-43.181598, -22.92962], [-43.181539, -22.929633], [-43.181443, -22.929861], [-43.181401, -22.929961], [-43.181329, -22.930139], [-43.181185, -22.9305], [-43.181056, -22.930818], [-43.18099, -22.930979], [-43.180919, -22.931163], [-43.180889, -22.931238]]"
Rua Martins Ribeiro,Flamengo,"[[-43.178883, -22.932876], [-43.178772, -22.933738], [-43.17868, -22.934185], [-43.178653, -22.934253], [-43.178402, -22.934725]]"
Rua Miguel Pereira,Humaitá,"[[-43.200049, -22.95872], [-43.200271, -22.958551], [-43.200325, -22.958491], [-43.200361, -22.958444], [-43.200389, -22.958402], [-43.200542, -22.958107], [-43.200596, -22.958001], [-43.201552, -22.95688]]"
Rua Ministro Raul Machado,Leblon,"[[-43.221761, -22.979646], [-43.221964, -22.97887], [-43.222187, -22.977897], [-43.222214, -22.977793], [-43.222238, -22.977711], [-43.222277, -22.977581]]"
Rua Lírio da Paz,Urca,"[[-43.1905, -22.9645], [-43.178, -22.975]]"
Rua Major Rubens Vaz,Gávea,"[[-43.228132, -22.97336], [-43.227807, -22.973191], [-43.227528, -22.973085], [-43.226041, -22.972533], [-43.225425, -22.972273], [-43.224789, -22.972004]]"
Rua Marechal Francisco de Moura,Botafogo,"[[-43.193161, -22.94855], [-43.193113, -22.948625], [-43.193104, -22.94866], [-43.193102, -22.948728], [-43.193106, -22.948775], [-43.193077, -22.948793], [-43.193043, -22.948825], [-43.193014, -22.948872], [-43.192999, -22.948924], [-43.192995, -22.948962], [-43.193007, -22.949036], [-43.193026, -22.949083], [-43.193049, -22.949123], [-43.19309, -22.949162], [-43.193243, -22.949256], [-43.1934, -22.949342], [-43.193451, -22.94938], [-43.193486, -22.949425], [-43.193505, -22.949461], [-43.193522, -22.949507], [-43.193529, -22.949561], [-43.193529, -22.9496], [-43.193525, -22.949634], [-43.19351, -22.949666], [-43.193495, -22.9497], [-43.19344, -22.949772], [-43.193268, -22.949893]]"
Rua José Joaquim Seabra,Jardim Botânico,"[[-43.216903, -22.963615], [-43.216258, -22.964122], [-43.216148, -22.964208], [-43.216093, -22.964255], [-43.215706, -22.964562], [-43.215576, -22.964666], [-43.215521, -22.964699], [-43.215448, -22.964727], [-43.215389, -22.964742], [-43.215348, -22.964754], [-43.215283, -22.96477]]"
Rua Julieta Niemeyer,São Conrado,"[[-43.271333, -22.995628], [-43.271258, -22.995678], [-43.271224, -22.995793], [-43.271211, -22.996027], [-43.271262, -22.996404], [-43.27139, -22.996747], [-43.271449, -22.996969], [-43.271461, -22.997234], [-43.271416, -22.997476], [-43.271306, -22.997686], [-43.271172, -22.997825], [-43.270915, -22.997929], [-43.270549, -22.998037], [-43.27037, -22.998057]]"
Rua São Clemente,Humaitá,"[[-43.18249, -22.949096], [-43.18253, -22.94911], [-43.182576, -22.949119], [-43.182656, -22.949129], [-43.182739, -22.949136], [-43.183202, -22.949189], [-43.18342, -22.949214], [-43.183595, -22.949233], [-43.183608, -22.949234], [-43.183759, -22.94925], [-43.183825, -22.949257], [-43.18405, -22.949281], [-43.184104, -22.949285], [-43.184241, -22.9493], [-43.184727, -22.949358], [-43.184761, -22.949361], [-43.184886, -22.949367], [-43.184918, -22.949369], [-43.185116, -22.949381], [-43.185137, -22.949382], [-43.185417, -22.949405], [-43.185564, -22.949417], [-43.185635, -22.949423], [-43.185641, -22.949423], [-43.185692, -22.949425], [-43.185781, -22.949429], [-43.186076, -22.949447], [-43.186157, -22.949453], [-43.18619, -22.949455], [-43.186367, -22.949462], [-43.186397, -22.949464], [-43.186623, -22.949477], [-43.186671, -22.949479], [-43.186765, -22.949482], [-43.186971, -22.949489], [-43.187119, -22.9495], [-43.187248, -22.949509], [-43.1873, -22.949509], [-43.187377, -22.949509], [-43.187395, -22.949509], [-43.187665, -22.949513], [-43.187774, -22.949515], [-43.187927, -22.949515], [-43.188252, -22.949524], [-43.188689, -22.949536], [-43.188766, -22.949541], [-43.188854, -22.949551], [-43.189195, -22.949624], [-43.189279, -22.949642], [-43.189515, -22.949692], [-43.189761, -22.949745], [-43.189793, -22.949752], [-43.189843, -22.949764], [-43.189904, -22.94978], [-43.189981, -22.949799], [-43.190111, -22.949831], [-43.190232, -22.949861], [-43.19028, -22.949873], [-43.190388, -22.949899], [-43.190564, -22.949937], [-43.19063, -22.949951], [-43.190727, -22.949972], [-43.190885, -22.950006], [-43.190968, -22.950027], [-43.191063, -22.950051], [-43.191923, -22.950278], [-43.191997, -22.950298], [-43.192035, -22.950308], [-43.192262, -22.950365], [-43.19254, -22.950447], [-43.192641, -22.950473], [-43.192684, -22.950481], [-43.192806, -22.950505], [-43.19287, -22.950525], [-43.192949, -22.950551], [-43.193329, -22.950737], [-43.193525, -22.950834], [-43.193568, -22.950854], [-43.193621, -22.95088], [-43.193782, -22.950955], [-43.194055, -22.951095], [-43.194222, -22.951182], [-43.194467, -22.951306], [-43.194498, -22.951321], [-43.194665, -22.951405], [-43.19477, -22.951462], [-43.194825, -22.951491], [-43.194914, -22.951539], [-43.194949, -22.951558], [-43.194995, -22.951582], [-43.195045, -22.951612], [-43.195258, -22.951746], [-43.19531, -22.951778], [-43.195377, -22.951821], [-43.195412, -22.951845], [-43.195499, -22.951906], [-43.195548, -22.951941], [-43.195583, -22.95197], [-43.195741, -22.952077], [-43.195844, -22.952156], [-43.196019, -22.95229], [-43.196225, -22.952448], [-43.196269, -22.952482], [-43.196313, -22.952516], [-43.196371, -22.952576], [-43.196408, -22.952624], [-43.19642, -22.952657]]"
Rua Inhangá,Copacabana,"[[-43.181456, -22.967183], [-43.181522, -22.967101], [-43.181564, -22.967048], [-43.181588, -22.967002], [-43.181598, -22.966954], [-43.181594, -22.966888], [-43.181403, -22.966317], [-43.181189, -22.965784], [-43.181146, -22.965638]]"
Rua Joaquim Campos Porto,Jardim Botânico,"[[-43.22824, -22.965281], [-43.228319, -22.965259], [-43.228585, -22.965252], [-43.228858, -22.96525], [-43.228919, -22.965232], [-43.228957, -22.965203], [-43.22902, -22.965137], [-43.229088, -22.965037], [-43.229196, -22.964775], [-43.229207, -22.964708], [-43.229211, -22.964615], [-43.229193, -22.964512], [-43.229127, -22.96443], [-43.229055, -22.964347], [-43.228953, -22.964305], [-43.22887, -22.964269], [-43.228225, -22.963925], [-43.227781, -22.963699], [-43.227604, -22.963617], [-43.226871, -22.963314], [-43.226759, -22.963289], [-43.226631, -22.963285], [-43.226281, -22.963291], [-43.226144, -22.963275], [-43.226026, -22.963239], [-43.225505, -22.963005]]"
Rua Getúlio das Neves,Jardim Botânico,"[[-43.206178, -22.959372], [-43.206061, -22.960378], [-43.206043, -22.9605]]"
Rua Herbert Moses,São Conrado,"[[-43.265085, -22.999521], [-43.265125, -22.999403], [-43.265189, -22.999218], [-43.265539, -22.998193], [-43.265529, -22.99814], [-43.265504, -22.998093], [-43.265435, -22.998015]]"
Rua Engenheiro Álvaro Niemeyer,São Conrado,"[[-43.270399, -22.997317], [-43.270365, -22.997446], [-43.270353, -22.997653], [-43.27037, -22.998057], [-43.270291, -22.998404], [-43.270236, -22.998646]]"
Rua Eurico Cruz,Jardim Botânico,"[[-43.207402, -22.958472], [-43.207092, -22.958412], [-43.207038, -22.958415], [-43.206992, -22.958444], [-43.206959, -22.95848], [-43.206941, -22.958523], [-43.206937, -22.958597], [-43.206951, -22.958682], [-43.207002, -22.958868], [-43.207111, -22.959172], [-43.20709, -22.95943], [-43.207068, -22.959683], [-43.206987, -22.960627]]"
Rua Fadel Fadel,Leblon,"[[-43.220771, -22.98193], [-43.220853, -22.981346], [-43.220896, -22.981079], [-43.220976, -22.980528], [-43.220985, -22.98046], [-43.221148, -22.979651], [-43.22117, -22.979531]]"
Rua Doutor Girondino Estêves,Jardim Botânico,"[[-43.1905, -22.9645], [-43.178, -22.975]]"
Rua Doutor Marques Canário,Leblon,"[[-43.22373, -22.978011], [-43.223634, -22.978034], [-43.223598, -22.978055], [-43.223573, -22.978083], [-43.223396, -22.978699], [-43.223349, -22.978883], [-43.223292, -22.979081]]"
Rua Elmano Cardim,Urca,"[[-43.169539, -22.953219], [-43.170159, -22.952523]]"
Rua Engenheiro Amandino de Carvalho,São Conrado,"[[-43.261036, -22.996793], [-43.260954, -22.996842], [-43.260902, -22.996879], [-43.260864, -22.996914], [-43.260826, -22.996993], [-43.260759, -22.997123], [-43.260701, -22.997234], [-43.260617, -22.997343], [-43.260317, -22.997633], [-43.259972, -22.998038], [-43.259492, -22.998588], [-43.259352, -22.998724]]"
Rua Tavares Bastos,Laranjeiras,"[[-43.189556, -22.930109], [-43.189707, -22.929701], [-43.189776, -22.929567], [-43.189835, -22.929489], [-43.189811, -22.929455], [-43.189791, -22.929396], [-43.189646, -22.929159], [-43.189591, -22.929137], [-43.189526, -22.929087], [-43.18934, -22.929001], [-43.189054, -22.928847], [-43.189009, -22.928836], [-43.188966, -22.92883], [-43.188766, -22.92883], [-43.188645, -22.92883], [-43.188368, -22.92883], [-43.187909, -22.928843], [-43.187862, -22.928835], [-43.187289, -22.928719], [-43.186446, -22.928499], [-43.186344, -22.928487], [-43.186243, -22.928509], [-43.186176, -22.928563], [-43.185928, -22.928771], [-43.185873, -22.928796], [-43.185806, -22.928803], [-43.185514, -22.928775], [-43.184875, -22.928651], [-43.184486, -22.928596], [-43.184341, -22.92857], [-43.183651, -22.928621], [-43.183375, -22.928601], [-43.183013, -22.928593], [-43.182005, -22.928606], [-43.181898, -22.928602], [-43.181844, -22.928576], [-43.181826, -22.928529], [-43.181849, -22.92846], [-43.181879, -22.928404], [-43.182071, -22.927999], [-43.182087, -22.927971], [-43.182106, -22.927955], [-43.182235, -22.927891], [-43.18229, -22.927841], [-43.182321, -22.927799], [-43.18233, -22.927753], [-43.182324, -22.927662], [-43.182307, -22.927504], [-43.182288, -22.927467], [-43.18225, -22.92742], [-43.182078, -22.927359], [-43.181938, -22.927304], [-43.181839, -22.927256], [-43.181777, -22.927212], [-43.18175, -22.927179], [-43.181744, -22.927115], [-43.181737, -22.926972], [-43.181727, -22.926867], [-43.181707, -22.926811], [-43.181583, -22.926627], [-43.181554, -22.926569], [-43.181534, -22.926526], [-43.181519, -22.926484], [-43.181504, -22.92643], [-43.181398, -22.925993], [-43.181372, -22.925965], [-43.181342, -22.92596], [-43.181321, -22.925971], [-43.181307, -22.925995], [-43.181342, -22.926126], [-43.181352, -22.926203], [-43.181346, -22.926285], [-43.181324, -22.926351], [-43.181285, -22.926431], [-43.181287, -22.926468], [-43.181352, -22.926604], [-43.181371, -22.926643], [-43.181399, -22.926692], [-43.181418, -22.92673], [-43.181416, -22.926756], [-43.181403, -22.926774], [-43.181387, -22.926782], [-43.181366, -22.926777], [-43.181346, -22.92676], [-43.181332, -22.926729], [-43.181312, -22.926667], [-43.18124, -22.926545], [-43.181198, -22.926474], [-43.181183, -22.926419], [-43.181181, -22.926354], [-43.181187, -22.926237], [-43.181179, -22.926173], [-43.181159, -22.926131], [-43.181134, -22.926086], [-43.181107, -22.926039], [-43.181052, -22.925957], [-43.181032, -22.925948], [-43.181015, -22.925951], [-43.180997, -22.925962], [-43.180986, -22.925982], [-43.180985, -22.926], [-43.181004, -22.926032], [-43.181045, -22.926087], [-43.181066, -22.926122], [-43.18109, -22.926176], [-43.181101, -22.926235], [-43.181094, -22.926278], [-43.181055, -22.926362], [-43.181019, -22.926441], [-43.180981, -22.926506], [-43.180948, -22.926546], [-43.18092, -22.926559], [-43.180883, -22.926555], [-43.180856, -22.92654], [-43.180837, -22.926506], [-43.180834, -22.926456], [-43.18085, -22.926412], [-43.180878, -22.92632], [-43.180887, -22.92623], [-43.18088, -22.926171], [-43.180871, -22.926116], [-43.18085, -22.926071], [-43.180832, -22.926027], [-43.1808, -22.925968], [-43.180781, -22.92592], [-43.18077, -22.925906], [-43.180754, -22.925897], [-43.18074, -22.925897], [-43.180726, -22.925902], [-43.180713, -22.925912], [-43.180708, -22.925932], [-43.180711, -22.925954], [-43.180741, -22.926034], [-43.180767, -22.926089], [-43.180774, -22.926119], [-43.18078, -22.926158], [-43.18077, -22.92621], [-43.180739, -22.926298], [-43.180686, -22.926365], [-43.18064, -22.926424], [-43.180597, -22.926479], [-43.180542, -22.926523], [-43.180463, -22.926553], [-43.1804, -22.926542], [-43.180357, -22.926509], [-43.180344, -22.926461], [-43.180358, -22.926413], [-43.180395, -22.926331], [-43.180434, -22.926258], [-43.180444, -22.926206], [-43.18043, -22.926162], [-43.180407, -22.926129], [-43.180379, -22.92609], [-43.180333, -22.926032], [-43.18031, -22.925996], [-43.180294, -22.925944], [-43.180285, -22.925888], [-43.180287, -22.925818], [-43.180305, -22.925746], [-43.180317, -22.925696], [-43.180305, -22.925656], [-43.180278, -22.925637], [-43.180229, -22.925631], [-43.180169, -22.925653], [-43.180131, -22.925671], [-43.180086, -22.925705], [-43.180047, -22.925739], [-43.179988, -22.925841], [-43.179677, -22.926558], [-43.179687, -22.926609], [-43.179721, -22.92669], [-43.179759, -22.926736], [-43.179823, -22.926765], [-43.179998, -22.926795], [-43.180029, -22.926816], [-43.180045, -22.926857], [-43.180052, -22.927075], [-43.180055, -22.927206], [-43.179354, -22.927192]]"
Rua Teodor Herzl,Botafogo,"[[-43.186954, -22.946868], [-43.188116, -22.947257]]"
Rua Tereza Aragão,Ipanema,"[[-43.1963, -22.986448], [-43.196373, -22.986404], [-43.196422, -22.98636], [-43.196733, -22.98603], [-43.196796, -22.98597]]"
Rua Urbano Santos,Urca,"[[-43.167833, -22.95185], [-43.167912, -22.951909], [-43.168398, -22.952292], [-43.168671, -22.952513], [-43.169113, -22.952868], [-43.169539, -22.953219], [-43.170042, -22.953627]]"
Rua Vicente de Sousa,Botafogo,"[[-43.184211, -22.946881], [-43.185761, -22.946949]]"
Rua Conselheiro Lafaiete,Ipanema,"[[-43.191955, -22.986683], [-43.192109, -22.986254], [-43.192113, -22.98621], [-43.192139, -22.986167], [-43.192399, -22.985368], [-43.192637, -22.984492], [-43.192973, -22.983501]]"
Rua Coronel Ribeiro Gomes,São Conrado,"[[-43.269929, -22.995515], [-43.269878, -22.995536], [-43.269826, -22.995559], [-43.269652, -22.995663], [-43.269523, -22.995744], [-43.269224, -22.995987], [-43.268924, -22.996269], [-43.268776, -22.996452], [-43.268743, -22.996581], [-43.268761, -22.996705], [-43.26881, -22.996779], [-43.268959, -22.997062], [-43.268993, -22.997179], [-43.269002, -22.997256], [-43.268978, -22.997417], [-43.268922, -22.997595], [-43.268837, -22.997734], [-43.268637, -22.998047], [-43.268561, -22.998169], [-43.268555, -22.998339], [-43.268568, -22.998683]]"
Rua Cruzeiro do Sul,Catete,"[[-43.183013, -22.928593], [-43.183292, -22.927947], [-43.183298, -22.9279], [-43.183274, -22.927854], [-43.183247, -22.927817], [-43.183166, -22.927763], [-43.182836, -22.92755], [-43.182625, -22.927381], [-43.182436, -22.927226], [-43.182374, -22.927167], [-43.182289, -22.927051], [-43.182184, -22.926911], [-43.182013, -22.926686], [-43.181936, -22.926514], [-43.181897, -22.926222], [-43.18188, -22.926199], [-43.181857, -22.926191], [-43.181834, -22.926196], [-43.181822, -22.926212], [-43.18182, -22.926231], [-43.181844, -22.926526], [-43.181916, -22.926801], [-43.181931, -22.926889], [-43.181963, -22.927132], [-43.181973, -22.927183], [-43.182192, -22.927369], [-43.18225, -22.92742]]"
Rua Desembargador Alfredo Russel,Leblon,"[[-43.223984, -22.981061], [-43.224033, -22.98107], [-43.224413, -22.981159], [-43.225063, -22.981309], [-43.22531, -22.981368], [-43.225507, -22.981408], [-43.225709, -22.981423], [-43.226113, -22.981424], [-43.22614, -22.981426], [-43.226155, -22.981431], [-43.226165, -22.981441], [-43.226173, -22.981456], [-43.226186, -22.981439], [-43.226203, -22.981427], [-43.22623, -22.981415], [-43.22642, -22.981396], [-43.226446, -22.981402], [-43.226465, -22.98141], [-43.226481, -22.981428]]"
Rua Clotilde Guimarães,Botafogo,"[[-43.180964, -22.951512], [-43.181044, -22.951608], [-43.181245, -22.951825], [-43.181288, -22.951871], [-43.181404, -22.951995], [-43.181475, -22.952072], [-43.181556, -22.952133], [-43.181668, -22.95218], [-43.181813, -22.952209], [-43.181895, -22.952248], [-43.181948, -22.952283], [-43.181993, -22.952323], [-43.182022, -22.952364], [-43.18204, -22.952428], [-43.182047, -22.952517], [-43.182043, -22.952561], [-43.182036, -22.952645]]"
Rua Bonfim,Copacabana,"[[-43.171623, -22.960569], [-43.171691, -22.960528], [-43.171774, -22.960502], [-43.171922, -22.960403], [-43.171959, -22.960376], [-43.172018, -22.960324], [-43.172024, -22.960271], [-43.172023, -22.960228], [-43.172003, -22.960189], [-43.171997, -22.960138], [-43.172042, -22.96009], [-43.172119, -22.960039], [-43.172161, -22.959986]]"
Rua Capitão César de Andrade,Leblon,"[[-43.226436, -22.980718], [-43.226399, -22.980693], [-43.226352, -22.980683], [-43.225848, -22.980701], [-43.225736, -22.98069], [-43.225306, -22.98058], [-43.224269, -22.980343], [-43.224184, -22.980326]]"
Rua Cardoso Júnior,Botafogo,"[[-43.19044, -22.937846], [-43.190422, -22.937876], [-43.190407, -22.937895], [-43.190382, -22.937913], [-43.190369, -22.937927], [-43.190345, -22.937948], [-43.190074, -22.937991], [-43.18987, -22.938022], [-43.189852, -22.938024], [-43.189836, -22.938026], [-43.189825, -22.938026], [-43.189816, -22.938025], [-43.189807, -22.938024], [-43.1898, -22.938022], [-43.189793, -22.938019], [-43.189785, -22.938015], [-43.189779, -22.93801], [-43.189774, -22.938005], [-43.189769, -22.938], [-43.189766, -22.937994], [-43.189761, -22.937984], [-43.189758, -22.937975], [-43.189757, -22.937965], [-43.189759, -22.937851], [-43.189758, -22.937841], [-43.189756, -22.937831], [-43.189753, -22.937822], [-43.189748, -22.937815], [-43.189743, -22.937809], [-43.189736, -22.937804], [-43.189727, -22.937801], [-43.18972, -22.9378], [-43.189714, -22.937799], [-43.189707, -22.937799], [-43.189701, -22.9378], [-43.189695, -22.937802], [-43.189689, -22.937804], [-43.189681, -22.937809], [-43.189677, -22.937816], [-43.189674, -22.937822], [-43.189671, -22.937831], [-43.189669, -22.937839], [-43.189668, -22.937848], [-43.189661, -22.938248], [-43.189656, -22.938422], [-43.189654, -22.938497], [-43.189645, -22.938809], [-43.18964, -22.938877], [-43.18963, -22.938947], [-43.189625, -22.938972], [-43.189615, -22.939], [-43.189599, -22.939023], [-43.189582, -22.939039], [-43.189552, -22.939058], [-43.189524, -22.939063], [-43.189492, -22.939063], [-43.189445, -22.939061], [-43.189407, -22.939056], [-43.189369, -22.939049], [-43.189341, -22.939041], [-43.189302, -22.939028], [-43.18927, -22.93901], [-43.189231, -22.938978], [-43.189194, -22.938947], [-43.189167, -22.938923], [-43.189147, -22.938906], [-43.189133, -22.938889], [-43.189123, -22.938867], [-43.189115, -22.938834], [-43.189113, -22.938805], [-43.189116, -22.938775], [-43.189129, -22.93875], [-43.189154, -22.938728], [-43.189217, -22.938693], [-43.189246, -22.938675], [-43.189276, -22.938657], [-43.189304, -22.938635], [-43.189324, -22.938615], [-43.18934, -22.938592], [-43.189351, -22.93857], [-43.189362, -22.93854], [-43.189368, -22.938521], [-43.18937, -22.938506], [-43.189371, -22.938497], [-43.189373, -22.938459], [-43.189404, -22.938001], [-43.189404, -22.937973], [-43.189399, -22.937955], [-43.189387, -22.93794], [-43.189374, -22.937928], [-43.189355, -22.937919], [-43.189334, -22.937913], [-43.189316, -22.937912], [-43.189293, -22.937916], [-43.189276, -22.937924], [-43.189261, -22.937935], [-43.18925, -22.937947], [-43.189245, -22.937962], [-43.18924, -22.937979], [-43.189238, -22.938002], [-43.189237, -22.938026], [-43.189234, -22.9382], [-43.189233, -22.938236], [-43.189229, -22.938275], [-43.18922, -22.938328], [-43.189199, -22.938386], [-43.18918, -22.938433], [-43.189161, -22.938464], [-43.18913, -22.938502], [-43.189094, -22.938534], [-43.189063, -22.938555], [-43.189026, -22.938576], [-43.188987, -22.938593], [-43.188934, -22.938609], [-43.188872, -22.938627], [-43.188831, -22.938637], [-43.188805, -22.938647], [-43.188786, -22.938658], [-43.188773, -22.93867], [-43.188757, -22.93869], [-43.188749, -22.93871], [-43.188745, -22.938736], [-43.188746, -22.938762], [-43.188752, -22.938791], [-43.188761, -22.938808], [-43.188784, -22.938839], [-43.188811, -22.938868], [-43.188837, -22.938895], [-43.188899, -22.938959], [-43.188961, -22.939023], [-43.189022, -22.939075], [-43.189238, -22.939247], [-43.189252, -22.939258], [-43.189258, -22.939265], [-43.189264, -22.939273], [-43.189269, -22.939282], [-43.189271, -22.939291], [-43.18927, -22.9393], [-43.189269, -22.939308], [-43.189265, -22.939314], [-43.189257, -22.939324], [-43.189248, -22.939331], [-43.189236, -22.939334], [-43.189222, -22.939337], [-43.189204, -22.939338], [-43.189188, -22.939336], [-43.189168, -22.939329], [-43.189147, -22.93932], [-43.189102, -22.939292], [-43.189044, -22.939252], [-43.188915, -22.939167], [-43.188777, -22.939066], [-43.188685, -22.938984], [-43.188612, -22.938908], [-43.188564, -22.938852], [-43.188542, -22.938821], [-43.188526, -22.938794], [-43.188517, -22.938767], [-43.188511, -22.938723], [-43.188516, -22.93866], [-43.188629, -22.938221], [-43.188635, -22.938192], [-43.188637, -22.938161], [-43.188634, -22.938138], [-43.188628, -22.938118], [-43.188614, -22.938097], [-43.188599, -22.938079], [-43.188401, -22.93786], [-43.188302, -22.937752], [-43.188271, -22.937721], [-43.188241, -22.937699], [-43.188208, -22.937683], [-43.187492, -22.937326], [-43.187441, -22.937303], [-43.187401, -22.937287], [-43.187352, -22.937275], [-43.187319, -22.937271], [-43.187289, -22.93727], [-43.187256, -22.937274], [-43.187223, -22.937282], [-43.187176, -22.937303], [-43.187139, -22.937328], [-43.187122, -22.937351], [-43.187117, -22.93737], [-43.187115, -22.937397], [-43.187121, -22.937426], [-43.18714, -22.937457], [-43.187491, -22.937973], [-43.187764, -22.938367], [-43.187801, -22.938423], [-43.187976, -22.938676], [-43.187999, -22.93871], [-43.188186, -22.938943], [-43.188264, -22.939039], [-43.188328, -22.939115], [-43.188373, -22.939164], [-43.188492, -22.939308], [-43.188767, -22.939609], [-43.188877, -22.939713], [-43.18897, -22.939818], [-43.189022, -22.939888], [-43.189049, -22.939971], [-43.189083, -22.940113], [-43.18912, -22.940223], [-43.189159, -22.940297], [-43.189215, -22.940396], [-43.189274, -22.940472], [-43.189358, -22.940554], [-43.18949, -22.940678], [-43.189549, -22.940743], [-43.1896, -22.940818], [-43.189653, -22.940926], [-43.189673, -22.941069], [-43.189683, -22.941237]]"
Rua Barão de Macaúbas,Botafogo,"[[-43.192262, -22.950365], [-43.192406, -22.949996], [-43.192666, -22.949445], [-43.192701, -22.949411], [-43.192742, -22.949394], [-43.192769, -22.94939], [-43.192807, -22.94939], [-43.192847, -22.949399], [-43.19291, -22.949425], [-43.193027, -22.94949], [-43.193117, -22.949552], [-43.193137, -22.949572], [-43.193153, -22.949604], [-43.193172, -22.949706]]"
Rua Belisário Távora,Laranjeiras,"[[-43.191656, -22.940362], [-43.191762, -22.940426], [-43.191859, -22.940433], [-43.191963, -22.94044], [-43.192076, -22.940457], [-43.192201, -22.940493], [-43.192305, -22.940537], [-43.19239, -22.940588], [-43.192492, -22.940674], [-43.192557, -22.940751], [-43.192618, -22.940828], [-43.192963, -22.941729], [-43.192975, -22.941835], [-43.192989, -22.942275], [-43.19297, -22.942455], [-43.192943, -22.942574], [-43.192828, -22.942784], [-43.192796, -22.942867], [-43.192795, -22.942875], [-43.192791, -22.942889], [-43.192764, -22.943072], [-43.192746, -22.943259], [-43.192729, -22.943353], [-43.192715, -22.943438], [-43.192701, -22.943487], [-43.192623, -22.943598], [-43.192533, -22.943708], [-43.19241, -22.943806], [-43.192365, -22.943831], [-43.192309, -22.943858], [-43.192225, -22.943874], [-43.192136, -22.943886], [-43.192057, -22.94388], [-43.191965, -22.943857], [-43.191037, -22.943626], [-43.191022, -22.943622], [-43.190564, -22.943515], [-43.190499, -22.943472], [-43.190464, -22.943428], [-43.190431, -22.943324], [-43.190415, -22.943178], [-43.190423, -22.943098], [-43.190437, -22.943005]]"
Rua Aparício Borges,Laranjeiras,"[[-43.1905, -22.9645], [-43.178, -22.975]]"
Rua Alegrete,Laranjeiras,"[[-43.193851, -22.939518], [-43.193812, -22.939244], [-43.193772, -22.938737], [-43.193763, -22.938639]]"
Rua Almirante Salgado,Laranjeiras,"[[-43.192894, -22.937593], [-43.192827, -22.937507], [-43.192793, -22.937461], [-43.192787, -22.937411], [-43.192803, -22.937337], [-43.19286, -22.937248], [-43.193229, -22.936799], [-43.193255, -22.936784], [-43.193318, -22.936773], [-43.193362, -22.936784], [-43.193391, -22.936805], [-43.193581, -22.936983], [-43.19359, -22.937002], [-43.193668, -22.937244], [-43.19366, -22.937267], [-43.193639, -22.937285], [-43.193444, -22.937343], [-43.193415, -22.937362], [-43.193394, -22.937391], [-43.193392, -22.937428], [-43.193649, -22.938], [-43.193799, -22.938582], [-43.193803, -22.938602], [-43.193811, -22.938636]]"
Praça Felix Laranjeiras,Urca,"[[-43.1905, -22.9645], [-43.178, -22.975]]"
Praça Nicarágua,Botafogo,"[[-43.176978, -22.942526], [-43.17693, -22.942534], [-43.176902, -22.942536], [-43.176859, -22.942535], [-43.176804, -22.942512], [-43.176785, -22.942488], [-43.176778, -22.942479], [-43.176769, -22.942465], [-43.17676, -22.942445], [-43.17675, -22.942419], [-43.176725, -22.942351], [-43.176699, -22.941541], [-43.176705, -22.941487], [-43.176718, -22.941449], [-43.176766, -22.941353], [-43.176819, -22.941269]]"
Praça Nosa Senhora Auxiliadora,Leblon,"[[-43.223292, -22.979081], [-43.22324, -22.979098], [-43.223197, -22.979103], [-43.223126, -22.979098], [-43.22261, -22.979007], [-43.222269, -22.978931], [-43.221964, -22.97887]]"
Praça Praia Nova,Botafogo,"[[-43.178258, -22.95034], [-43.17819, -22.9503], [-43.178159, -22.950276], [-43.178115, -22.950238], [-43.178085, -22.950207], [-43.178055, -22.950176], [-43.178028, -22.950146], [-43.178003, -22.950108], [-43.178002, -22.950084], [-43.177997, -22.949981], [-43.177998, -22.949958], [-43.178001, -22.949933], [-43.178007, -22.949907], [-43.178017, -22.949886], [-43.178028, -22.949864], [-43.178056, -22.949824], [-43.178121, -22.949745], [-43.178225, -22.94964], [-43.17831, -22.949576], [-43.178438, -22.949483]]"
Praça Tomás Santa Rosa,Urca,"[[-43.1905, -22.9645], [-43.178, -22.975]]"
Praia da Urca,Urca,"[[-43.1905, -22.9645], [-43.178, -22.975]]"
Largo Ibam,Botafogo,"[[-43.197263, -22.958408], [-43.197205, -22.958427], [-43.197183, -22.958436], [-43.197084, -22.958476], [-43.197005, -22.95851]]"
Largo Ibam,Humaitá,"[[-43.197263, -22.958408], [-43.197205, -22.958427], [-43.197183, -22.958436], [-43.197084, -22.958476], [-43.197005, -22.95851]]"
Largo Ibrahim Sued,Copacabana,"[[-43.178499, -22.967471], [-43.178602, -22.9673], [-43.178659, -22.967237], [-43.178692, -22.967222], [-43.178727, -22.967221], [-43.178767, -22.967235], [-43.178792, -22.967254], [-43.178807, -22.967286], [-43.178805, -22.96733], [-43.178784, -22.967394], [-43.178676, -22.967575]]"
Marechal Cantuária,Urca,"[[-43.167965, -22.950807], [-43.167697, -22.95059], [-43.166908, -22.949861], [-43.165956, -22.949005], [-43.165786, -22.948871], [-43.165624, -22.948765], [-43.165439, -22.948677], [-43.165097, -22.948525], [-43.164879, -22.948451], [-43.164582, -22.948379], [-43.164178, -22.948321], [-43.164074, -22.948326], [-43.163921, -22.948326], [-43.163673, -22.948496]]"
Rua da Caixa d'água (NR),Copacabana,"[[-43.1905, -22.9645], [-43.178, -22.975]]"
Rua das Flores,Botafogo,"[[-43.173746, -22.95457], [-43.173703, -22.954578], [-43.173338, -22.95465]]"
Rua das Flores,Urca,"[[-43.173746, -22.95457], [-43.173703, -22.954578], [-43.173338, -22.95465]]"
Rua Álvaro Americano,Gávea,"[[-43.1905, -22.9645], [-43.178, -22.975]]"
Jardim de Alah,Ipanema,"[[-43.215972, -22.984789], [-43.215863, -22.984793], [-43.215857, -22.984743], [-43.215853, -22.984706], [-43.215751, -22.984329], [-43.215738, -22.984254], [-43.215752, -22.984186], [-43.215776, -22.984126], [-43.215775, -22.984057], [-43.215742, -22.983986], [-43.215687, -22.98394], [-43.215642, -22.983877], [-43.215618, -22.983811], [-43.215602, -22.983751], [-43.21559, -22.983712], [-43.215582, -22.983684], [-43.215539, -22.983582], [-43.215461, -22.983492], [-43.215427, -22.983418], [-43.215423, -22.983334], [-43.215409, -22.983254], [-43.214898, -22.981885], [-43.214897, -22.981804], [-43.214656, -22.981198], [-43.214525, -22.98086], [-43.214457, -22.980685], [-43.214422, -22.980605], [-43.214402, -22.980561], [-43.214391, -22.980544], [-43.214368, -22.980532], [-43.214329, -22.980529], [-43.214044, -22.980544], [-43.213994, -22.980551], [-43.21395, -22.980565], [-43.2136, -22.980581], [-43.213541, -22.980593], [-43.213519, -22.980605], [-43.213501, -22.980618], [-43.213478, -22.980655], [-43.213466, -22.980693], [-43.21346, -22.980734], [-43.213505, -22.980853], [-43.213544, -22.980958], [-43.21355, -22.981007], [-43.213537, -22.981055], [-43.213536, -22.981123], [-43.213593, -22.981278], [-43.21361, -22.981322], [-43.213687, -22.981498], [-43.213735, -22.981536], [-43.21378, -22.981573], [-43.213833, -22.981647], [-43.213997, -22.982078], [-43.214615, -22.983721], [-43.215046, -22.984777], [-43.21522, -22.985425], [-43.215275, -22.985643], [-43.215249, -22.986015], [-43.215269, -22.986021], [-43.215292, -22.986035], [-43.21581, -22.986108], [-43.215854, -22.9861], [-43.215874, -22.986085], [-43.215872, -22.986055], [-43.215972, -22.984789]]"
Espaço Mario de Andrade,Urca,"[[-43.169894, -22.954934], [-43.170321, -22.954801], [-43.170428, -22.955101]]"
Espaço Pela Paz,Laranjeiras,"[[-43.1905, -22.9645], [-43.178, -22.975]]"
Estrada do Cantagalo,Copacabana,"[[-43.196108, -22.981589], [-43.196176, -22.98155], [-43.196206, -22.981516], [-43.196249, -22.981469], [-43.196461, -22.98119], [-43.196499, -22.981116], [-43.196538, -22.98103], [-43.196583, -22.980956], [-43.19662, -22.980919], [-43.196666, -22.980907], [-43.196712, -22.980914], [-43.196745, -22.980945], [-43.196847, -22.981099], [-43.196877, -22.981143], [-43.196911, -22.98117], [-43.196952, -22.981175], [-43.196993, -22.981182], [-43.197008, -22.981179], [-43.197049, -22.981145], [-43.197063, -22.981103], [-43.197075, -22.98105], [-43.197113, -22.980955], [-43.197142, -22.980901], [-43.197185, -22.980874], [-43.197232, -22.980854], [-43.197285, -22.980848], [-43.197316, -22.980852], [-43.197587, -22.980855], [-43.197664, -22.980847], [-43.197737, -22.98083], [-43.197783, -22.980809], [-43.197822, -22.980778], [-43.197843, -22.980759], [-43.197907, -22.980701], [-43.197955, -22.980646], [-43.197989, -22.98062], [-43.198035, -22.980601], [-43.198098, -22.980601]]"
Estrada do Cantagalo,Ipanema,"[[-43.196108, -22.981589], [-43.196176, -22.98155], [-43.196206, -22.981516], [-43.196249, -22.981469], [-43.196461, -22.98119], [-43.196499, -22.981116], [-43.196538, -22.98103], [-43.196583, -22.980956], [-43.19662, -22.980919], [-43.196666, -22.980907], [-43.196712, -22.980914], [-43.196745, -22.980945], [-43.196847, -22.981099], [-43.196877, -22.981143], [-43.196911, -22.98117], [-43.196952, -22.981175], [-43.196993, -22.981182], [-43.197008, -22.981179], [-43.197049, -22.981145], [-43.197063, -22.981103], [-43.197075, -22.98105], [-43.197113, -22.980955], [-43.197142, -22.980901], [-43.197185, -22.980874], [-43.197232, -22.980854], [-43.197285, -22.980848], [-43.197316, -22.980852], [-43.197587, -22.980855], [-43.197664, -22.980847], [-43.197737, -22.98083], [-43.197783, -22.980809], [-43.197822, -22.980778], [-43.197843, -22.980759], [-43.197907, -22.980701], [-43.197955, -22.980646], [-43.197989, -22.98062], [-43.198035, -22.980601], [-43.198098, -22.980601]]"
Avenida Rui Barbosa,Botafogo,"[[-43.175476, -22.943382], [-43.175325, -22.943374], [-43.17507, -22.9433], [-43.174948, -22.943251], [-43.174828, -22.943186], [-43.174712, -22.943106], [-43.174635, -22.943041], [-43.174579, -22.942988], [-43.174503, -22.942916], [-43.174161, -22.942588], [-43.174126, -22.942554], [-43.173864, -22.942302], [-43.173493, -22.942033], [-43.173448, -22.942001], [-43.173402, -22.941967], [-43.172968, -22.941654], [-43.172879, -22.941593], [-43.171765, -22.940803], [-43.171627, -22.940654], [-43.171591, -22.940594], [-43.171306, -22.940087], [-43.171171, -22.939847], [-43.171053, -22.939636], [-43.171029, -22.939591], [-43.170964, -22.939472], [-43.170929, -22.939363], [-43.170915, -22.939265], [-43.170913, -22.939124], [-43.170922, -22.938994], [-43.17093, -22.938953], [-43.17095, -22.938849], [-43.171008, -22.938725], [-43.171059, -22.938652], [-43.171081, -22.938624]]"
Avenida São Sebastião,Urca,"[[-43.159384, -22.943814], [-43.159407, -22.943887], [-43.159425, -22.943936], [-43.15945, -22.943979], [-43.159539, -22.944111], [-43.159566, -22.944142], [-43.159593, -22.944164], [-43.15962, -22.944179], [-43.159666, -22.9442], [-43.15981, -22.944242], [-43.159884, -22.944266], [-43.159925, -22.944295], [-43.159962, -22.944328], [-43.160003, -22.944379], [-43.160054, -22.944464], [-43.1601, -22.944563], [-43.160113, -22.944606], [-43.160119, -22.944664], [-43.160121, -22.944746], [-43.160117, -22.944823], [-43.160098, -22.944894], [-43.160031, -22.945026], [-43.160003, -22.945078], [-43.159985, -22.945119], [-43.159979, -22.945155], [-43.159984, -22.945183], [-43.160006, -22.945219], [-43.160117, -22.945326], [-43.160195, -22.945415], [-43.160223, -22.945456], [-43.16028, -22.945571], [-43.160356, -22.945697], [-43.160379, -22.945722], [-43.160447, -22.94578], [-43.160569, -22.945867], [-43.160627, -22.945914], [-43.160651, -22.945956], [-43.16068, -22.946033], [-43.160706, -22.946139], [-43.160738, -22.946209], [-43.1608, -22.946304], [-43.160913, -22.946457], [-43.160953, -22.946502], [-43.161153, -22.946671], [-43.161527, -22.947133], [-43.161708, -22.947353], [-43.161894, -22.947621], [-43.16251, -22.94861], [-43.162605, -22.948705], [-43.162717, -22.948776], [-43.162864, -22.948823], [-43.162943, -22.948826], [-43.163072, -22.9488], [-43.16348, -22.948663], [-43.163567, -22.948597], [-43.163673, -22.948496]]"
Avenida Nossa Senhora de Copacabana,Ipanema,"[[-43.189798, -22.986673], [-43.189802, -22.986627], [-43.189836, -22.98651], [-43.189961, -22.986086], [-43.190037, -22.985835], [-43.190081, -22.985685], [-43.19012, -22.985556], [-43.190261, -22.985084], [-43.190293, -22.984981], [-43.190343, -22.984812], [-43.190383, -22.984679], [-43.190557, -22.984101], [-43.190602, -22.983951], [-43.190657, -22.983782], [-43.190853, -22.983117], [-43.190896, -22.982971], [-43.190938, -22.982831], [-43.190976, -22.982674], [-43.191054, -22.982276], [-43.191105, -22.981963], [-43.191132, -22.981782], [-43.191137, -22.981654], [-43.1911, -22.980984], [-43.191091, -22.980819], [-43.191083, -22.980656], [-43.191048, -22.97992], [-43.191026, -22.979674], [-43.190979, -22.979429], [-43.190944, -22.979272], [-43.190878, -22.978992], [-43.190837, -22.978839], [-43.190805, -22.978716], [-43.190642, -22.978096], [-43.190603, -22.977949], [-43.19036, -22.977075], [-43.190318, -22.976927], [-43.190284, -22.976799], [-43.19009, -22.976085], [-43.190029, -22.975883], [-43.189948, -22.97572], [-43.189575, -22.975053], [-43.189492, -22.974913], [-43.189461, -22.974863], [-43.189416, -22.974793], [-43.189005, -22.974162], [-43.188909, -22.974017], [-43.188846, -22.973925], [-43.188476, -22.973329], [-43.188427, -22.97325], [-43.187956, -22.97252], [-43.187576, -22.971939], [-43.187481, -22.971798], [-43.187418, -22.971711], [-43.187351, -22.97163], [-43.187233, -22.9715], [-43.187117, -22.971376], [-43.187024, -22.971275], [-43.186902, -22.971154], [-43.186828, -22.971081], [-43.186445, -22.970703], [-43.186116, -22.970392], [-43.186029, -22.970295], [-43.185985, -22.970249], [-43.18589, -22.970173], [-43.184768, -22.969255], [-43.184711, -22.969208], [-43.184619, -22.969133], [-43.184485, -22.969047], [-43.184006, -22.96874], [-43.183851, -22.96864], [-43.183772, -22.968586], [-43.183641, -22.968505], [-43.183061, -22.968133], [-43.182908, -22.968034], [-43.182766, -22.967944], [-43.182102, -22.967517], [-43.181959, -22.967425], [-43.181818, -22.967334], [-43.181672, -22.967241], [-43.181568, -22.967203], [-43.181456, -22.967183], [-43.180576, -22.967157], [-43.180443, -22.967133], [-43.18032, -22.967088], [-43.178958, -22.966339], [-43.178809, -22.966257], [-43.17868, -22.966186], [-43.177961, -22.96579], [-43.177797, -22.965699], [-43.177691, -22.965643], [-43.176988, -22.965235], [-43.176947, -22.965213], [-43.176821, -22.965152], [-43.176736, -22.965111], [-43.176694, -22.965091], [-43.17595, -22.964759], [-43.175913, -22.964744], [-43.175784, -22.964691], [-43.175687, -22.964646], [-43.175659, -22.964633], [-43.174956, -22.964321], [-43.174906, -22.964301], [-43.174823, -22.964266], [-43.174389, -22.964081], [-43.174324, -22.964054], [-43.17422, -22.964009], [-43.174087, -22.963956], [-43.173909, -22.963872], [-43.173744, -22.963801], [-43.173221, -22.963583], [-43.173139, -22.963547], [-43.173043, -22.963507]]"
Travessa Pinto da Rocha,Laranjeiras,"[[-43.18393, -22.935851], [-43.183896, -22.935842], [-43.183803, -22.935819], [-43.183723, -22.935799], [-43.183687, -22.935783], [-43.182917, -22.935443]]"
