Rua,Bairro,Path_Coordinates
Rua do Catete,Catete,"[[-43.17559571416154, -22.926252759286914], [-43.17539839719314, -22.92578877140329], [-43.17608640815247, -22.926476734122406], [-43.17535405586092, -22.92736056689807], [-43.17493791070533, -22.927158336874584]]"
Rua Voluntários da Pátria,Botafogo,"[[-43.18702596533593, -22.949905344155194], [-43.18765915631622, -22.95054169422078], [-43.18760964345296, -22.950933209734863], [-43.188027185172565, -22.95106931969758], [-43.18874819745126, -22.950845613908136]]"
Rua das Laranjeiras,Laranjeiras,"[[-43.18608894423164, -22.936363580094696], [-43.186060475354815, -22.93696423253038], [-43.186967574529376, -22.936779403392656], [-43.187626526282, -22.93656431368885], [-43.1867287552075, -22.937434210502882]]"
Rua Visconde de Pirajá,Ipanema,"[[-43.20641396731596, -22.98457231738496], [-43.20653366232848, -22.984203851331934], [-43.20654330850826, -22.984959774862244], [-43.205724667704104, -22.985890997820015], [-43.2053996231354, -22.986373437856816]]"
Rua Barata Ribeiro,Copacabana,"[[-43.18459087326684, -22.96721973832394], [-43.18404060762012, -22.966280569068413], [-43.183250952919266, -22.965401571185286], [-43.18240720444922, -22.965205771227662], [-43.18301523872438, -22.966028786223557]]"
Avenida Nossa Senhora de Copacabana,Copacabana,"[[-43.184071905809354, -22.968167936261864], [-43.18435839915597, -22.96751046124356], [-43.18427300698965, -22.967948592224186], [-43.18366861302814, -22.968666743774236], [-43.18269483915494, -22.969517642486878]]"
Praia de Botafogo,Botafogo,"[[-43.18340723142927, -22.954866867297255], [-43.18294921709319, -22.95445315260956], [-43.18380112778972, -22.95391061191619], [-43.18456938967067, -22.954193680459102], [-43.18432279341702, -22.95346747360735]]"
Avenida Atlântica,Copacabana,"[[-43.18374890006783, -22.968634106069707], [-43.18347378512512, -22.96817489371303], [-43.1835293552748, -22.96740046822788], [-43.183102865700356, -22.968161279736], [-43.182980311305215, -22.967639709638767]]"
Rua Marquês de Abrantes,Botafogo,"[[-43.18573475388985, -22.951763603023707], [-43.18651897103586, -22.95271276477022], [-43.18624615021333, -22.953649906398844], [-43.186229008831, -22.95402119443669], [-43.186730424372705, -22.95320606148884]]"
Rua Marquês de Abrantes,Flamengo,"[[-43.17893812054103, -22.93832721100705], [-43.17961567796652, -22.93874770810122], [-43.17899943720739, -22.937888312796538], [-43.17825651602701, -22.937621505283516], [-43.17888337590924, -22.937014161129717]]"
Rua Humaitá,Humaitá,"[[-43.19262345220046, -22.954155359069016], [-43.1934033483514, -22.95451935211907], [-43.19354913277415, -22.95506348179399], [-43.19282767160764, -22.954427452262145], [-43.19280617700248, -22.955413548001083]]"
Rua Senador Vergueiro,Flamengo,"[[-43.17737430897158, -22.938980807795996], [-43.17772790310754, -22.938094988388173], [-43.17732186518975, -22.938057407144687], [-43.17637830102431, -22.93833014793993], [-43.17687473643266, -22.937405253350047]]"
Largo do Machado,Catete,"[[-43.18107867831587, -22.926790957033734], [-43.18107332026941, -22.926571828365773], [-43.18151602734094, -22.927468870863272], [-43.182036903559606, -22.92665233909134], [-43.18205799803905, -22.92736254934716]]"
Avenida Prado Júnior,Copacabana,"[[-43.181130282308025, -22.966467186715565], [-43.1806738496108, -22.96699191162758], [-43.18040923794961, -22.96725634536214], [-43.18033768858146, -22.96698928594062], [-43.17966708359028, -22.96780870640051]]"
Rua Siqueira Campos,Copacabana,"[[-43.18215464234087, -22.970255349150673], [-43.18312146668301, -22.96990022042699], [-43.18366847513261, -22.969876034310392], [-43.1843197422746, -22.969585688729573], [-43.184546271582, -22.96920381325337]]"
Calçada Compartilhada Rua das Laranjeiras,Laranjeiras,"[[-43.19011915887256, -22.937053601893698], [-43.1893644801658, -22.936204214657142], [-43.18904451207373, -22.93668833140171], [-43.18893411045053, -22.93605388700131], [-43.18945040586873, -22.9359945858446]]"
Avenida Ataulfo de Paiva,Leblon,"[[-43.22090139125636, -22.983397491657023], [-43.221202972107136, -22.983719432074924], [-43.22040875158723, -22.983267520717185], [-43.219849000495515, -22.982493347868655], [-43.220680720565525, -22.982209284576346]]"
Rua Pacheco Leão,Jardim Botânico,"[[-43.2229448176903, -22.964361425642043], [-43.22261781415208, -22.965158482556312], [-43.22329619804925, -22.96614835938862], [-43.222912407653865, -22.966050891809886], [-43.223463869034944, -22.96574696929088]]"
Rua Jardim Botânico,Jardim Botânico,"[[-43.21852105156929, -22.966047601811045], [-43.2178226047483, -22.96574833601295], [-43.21768598754163, -22.96543311022835], [-43.21795055593551, -22.966245760692694], [-43.218462576648754, -22.96671535595733]]"
Calçadão de Copacabana,Copacabana,"[[-43.181913168244016, -22.965147720668938], [-43.18190789405781, -22.964558098061854], [-43.18192285867017, -22.964404290292602], [-43.18147795443965, -22.965013804317007], [-43.182429322506785, -22.965452259592126]]"
Rua Teixeira de Melo,Ipanema,"[[-43.20127642853799, -22.980757248493884], [-43.20153611113748, -22.979927519713442], [-43.200679474012304, -22.980896606480385], [-43.19974616437422, -22.981040238183752], [-43.199040145463286, -22.980112998229572]]"
Ciclofaixa Rua das Laranjeiras,Laranjeiras,"[[-43.18889846796907, -22.933993179970898], [-43.18878486544415, -22.934654194477524], [-43.188392805850796, -22.933781884929203], [-43.18919845286325, -22.933641762589026], [-43.188218345163044, -22.93341174813563]]"
Orla Copacabana,Copacabana,"[[-43.18125538829347, -22.965235761568433], [-43.180850420125495, -22.96484173008644], [-43.18126323643697, -22.965122747784], [-43.18064300964761, -22.964504025473044], [-43.179816528542496, -22.963769880835883]]"
Rua São Clemente,Botafogo,"[[-43.184400216415334, -22.9501102289262], [-43.18380863107646, -22.949706295171683], [-43.184132640762755, -22.94892628448805], [-43.18494467688307, -22.94917511858277], [-43.18587279233547, -22.949018558300775]]"
Avenida Vieira Souto,Ipanema,"[[-43.203455000436584, -22.98468075248723], [-43.204380304059086, -22.98561975198735], [-43.204659922776266, -22.98497455086603], [-43.204615436256155, -22.98572042984073], [-43.20518379420116, -22.98518044273453]]"
Rua Prudente de Morais,Ipanema,"[[-43.20381187221059, -22.986089909672987], [-43.203537012407594, -22.986008639429766], [-43.20258530824867, -22.98555645676232], [-43.20293939530279, -22.98552385606572], [-43.20339773080027, -22.98493348367618]]"
Rua Dois de Dezembro,Catete,"[[-43.17552410951193, -22.928347895539506], [-43.17513216109975, -22.92767593529848], [-43.1757855724596, -22.927858029409652], [-43.17628508666327, -22.92854515532431], [-43.17585589481787, -22.9284467019949]]"
Rua Senador Vergueiro,Botafogo,"[[-43.18387261849983, -22.94917080831602], [-43.18364917700736, -22.949062100210995], [-43.18415371502836, -22.949222900086138], [-43.18363802280743, -22.949510954728837], [-43.184405877526416, -22.950482167751577]]"
Rua General Glicério,Laranjeiras,"[[-43.18657805284372, -22.933967236495935], [-43.18738238452242, -22.93401888883776], [-43.18743544098086, -22.934035657087524], [-43.187567737682386, -22.934689253347702], [-43.18733603748628, -22.934892243878906]]"
Rua Sorocaba,Botafogo,"[[-43.184544840505716, -22.95265232431224], [-43.18383186082334, -22.952646051795078], [-43.184505991969175, -22.95232866453184], [-43.184221153412764, -22.95318752703704], [-43.18404960225022, -22.954134504415958]]"
Rua Professor Álvaro Rodrigues,Botafogo,"[[-43.18444027068934, -22.952570980442758], [-43.184349037110714, -22.952654474661774], [-43.18457683183511, -22.95177154504422], [-43.1837661305512, -22.950849163916573], [-43.18462740794945, -22.951457581646995]]"
Rua Nelson Mandela,Botafogo,"[[-43.1842019593595, -22.95433334223546], [-43.18456400809891, -22.95519096493854], [-43.18551746422744, -22.954501214316604], [-43.18595375467789, -22.953872277351426], [-43.18556028034716, -22.954635947696183]]"
Rua Pedro Américo,Catete,"[[-43.17647911441769, -22.924089573737177], [-43.177124235330126, -22.924525504592033], [-43.17651056585159, -22.92402427508875], [-43.17668533049777, -22.92304326480475], [-43.17613250457629, -22.923299228633166]]"
Rua Vinícius de Moraes,Ipanema,"[[-43.20442603583575, -22.98124952348894], [-43.20391695008758, -22.980747781353358], [-43.203111844274225, -22.981541533615687], [-43.20245892934201, -22.98153102887079], [-43.20166788288502, -22.98189092966873]]"
Avenida Princesa Isabel,Copacabana,"[[-43.18515227993928, -22.965067708141486], [-43.18425215600518, -22.965429080866304], [-43.184105280228934, -22.96452786657243], [-43.184208389184974, -22.96426419214809], [-43.184551060094236, -22.964677770604695]]"
Rua Machado de Assis,Flamengo,"[[-43.174662291143235, -22.934950525737644], [-43.17467345053383, -22.935768113531548], [-43.17457439276918, -22.936652996011514], [-43.17379898440366, -22.936769935008765], [-43.17456485037081, -22.937068104983663]]"
Rua do Catete,Flamengo,"[[-43.17879326394326, -22.935990691620102], [-43.178391325680344, -22.936822478007873], [-43.17774760556176, -22.937676951995144], [-43.17858490800048, -22.93726446754083], [-43.17761162884348, -22.93809479211266]]"
Rua Bento Lisboa,Catete,"[[-43.1756165085357, -22.923623202596456], [-43.17510975216518, -22.92265120046881], [-43.17594275073178, -22.92289868129775], [-43.17582594223231, -22.922344387465895], [-43.17501323346212, -22.9224959434474]]"
Avenida Pasteur,Urca,"[[-43.16318803614803, -22.957931878131394], [-43.16395040031549, -22.95881927158003], [-43.16365197971126, -22.959584219086477], [-43.16348524218107, -22.959092129327946], [-43.16373550102202, -22.958167784230998]]"
Praia do Flamengo,Flamengo,"[[-43.173620664763355, -22.938358424968882], [-43.17268090710994, -22.939334116019502], [-43.171898620882544, -22.9402477961956], [-43.170912691290305, -22.940192393977426], [-43.1708049827215, -22.941044800847955]]"
Rua da Passagem,Botafogo,"[[-43.18412550786609, -22.951123608171187], [-43.18387039170592, -22.951214526041653], [-43.18306807568494, -22.951045897417806], [-43.18350614930576, -22.951955004657123], [-43.18272562173797, -22.95105418168897]]"
Rua Domingos Ferreira,Copacabana,"[[-43.184571273041655, -22.968835712902113], [-43.1848645685856, -22.968908316092232], [-43.18570909931167, -22.96874100386853], [-43.18473667782271, -22.967792214253198], [-43.184664485090025, -22.96739589082516]]"
Rua Belfort Roxo,Copacabana,"[[-43.184724298363925, -22.966391612964678], [-43.18407922387808, -22.96556975859569], [-43.1836277848613, -22.964670158769106], [-43.18379129878872, -22.964443328377236], [-43.18305917100972, -22.96357787141053]]"
Rua Figueiredo de Magalhães,Copacabana,"[[-43.180836680015304, -22.96824121979873], [-43.181535846233096, -22.967266667540102], [-43.181774064519836, -22.967078406109398], [-43.18108982667356, -22.966138577313767], [-43.181152440353976, -22.965461919904346]]"
Rua Maria Quitéria,Ipanema,"[[-43.20181166574247, -22.986061747020095], [-43.2008122303959, -22.985435945001836], [-43.20070136698469, -22.984442671327688], [-43.199811835524926, -22.983904696497326], [-43.20031713932144, -22.98320540171597]]"
Avenida Bartolomeu Mitre,Leblon,"[[-43.22106295219329, -22.983075693836447], [-43.220719550824484, -22.98361840822544], [-43.221003225388415, -22.98338215174452], [-43.22066007899723, -22.98415503656012], [-43.22011544221375, -22.984114421158313]]"
Praça Demétrio Ribeiro,Copacabana,"[[-43.182334372170786, -22.967188558967354], [-43.18252740643836, -22.96643525176204], [-43.18346984108573, -22.96716722130514], [-43.18322922198303, -22.96665694679379], [-43.183803293660006, -22.96624878725759]]"
Rua Real Grandeza,Botafogo,"[[-43.18476049387887, -22.952796474647158], [-43.18488554403482, -22.95301198655696], [-43.18518903310078, -22.95220366916797], [-43.184621727075296, -22.95217569018965], [-43.18437755367484, -22.952382604625008]]"
Rua Dias Ferreira,Leblon,"[[-43.21914047424903, -22.987917559114425], [-43.21962398547243, -22.987933326528267], [-43.21866392032186, -22.98801505501579], [-43.21900641710128, -22.988029818827805], [-43.21952612586373, -22.98776301711917]]"
Rua Mena Barreto,Botafogo,"[[-43.187388583838924, -22.954131724966253], [-43.187106834349315, -22.954854070620954], [-43.18741549978267, -22.955490310452156], [-43.187467576502144, -22.954696733632343], [-43.18812293675974, -22.9543616181553]]"
Rua Dois de Dezembro,Flamengo,"[[-43.177728457965806, -22.938686389621566], [-43.17855105289829, -22.939332368653012], [-43.17862949536223, -22.940091096910812], [-43.17890095564013, -22.940678429474], [-43.178520165982874, -22.94067159493229]]"
Rua Silveira Martins,Flamengo,"[[-43.17890944580831, -22.935932597663054], [-43.178067701007244, -22.93518544041484], [-43.17851394571095, -22.93606328449513], [-43.17801742633018, -22.935450881935544], [-43.17859872768351, -22.936081839896833]]"
Rua Paissandu,Laranjeiras,"[[-43.18858651816259, -22.93539047137082], [-43.18809157628632, -22.935465401938554], [-43.18858670239763, -22.936392035532773], [-43.187796288722254, -22.935965336361004], [-43.187732061751724, -22.935941981476773]]"
Rua Silveira Martins,Catete,"[[-43.17984517697819, -22.92530429640127], [-43.18009060865198, -22.92576580993937], [-43.180446450320815, -22.926725667543817], [-43.18079145561646, -22.927302771529824], [-43.18001040105498, -22.928063247266184]]"
Rua General Polidoro,Botafogo,"[[-43.18530934680642, -22.950164972568356], [-43.185235133722784, -22.95099113199218], [-43.184744254774415, -22.950817449756137], [-43.18548909416882, -22.95095413066368], [-43.18576292957602, -22.95138657885208]]"
Rua Farme de Amoedo,Ipanema,"[[-43.201080908507244, -22.984263419644613], [-43.20160645492377, -22.9840518700059], [-43.2023007366454, -22.98484830506066], [-43.20297937389888, -22.98535638960389], [-43.20340918356149, -22.985983255555787]]"
Praça Santos Dumont,Gávea,"[[-43.22985293166258, -22.97811859752603], [-43.22888817442876, -22.978297803872053], [-43.22909246323067, -22.979073726067718], [-43.22836144897888, -22.978134785201167], [-43.22884564332479, -22.97750064105927]]"
Terminal Rodoviário da PUC-Rio,Gávea,"[[-43.229659422641916, -22.973023744065234], [-43.2300994644546, -22.972880518686296], [-43.23072537695748, -22.97234153281991], [-43.23087450408025, -22.9726941743471], [-43.231389684615415, -22.97267895358973]]"
Rua Voluntários da Pátria,Humaitá,"[[-43.19451257067146, -22.957268216680557], [-43.19455029046775, -22.95795949125001], [-43.195446643394106, -22.957894312384905], [-43.196177814040226, -22.958221103828517], [-43.19519789357545, -22.959094353887572]]"
Avenida Pasteur,Botafogo,"[[-43.18421098366665, -22.953372156071417], [-43.18401970618544, -22.952851700351637], [-43.18419602435714, -22.952908547974538], [-43.183336966068644, -22.95321081144145], [-43.18240691224731, -22.952549572625877]]"
Rua Constante Ramos,Copacabana,"[[-43.184612601603, -22.964869957259076], [-43.18413036030442, -22.965736964724343], [-43.183446702750906, -22.965588018497982], [-43.18285616812719, -22.96630847374473], [-43.18352885624146, -22.966905219104632]]"
Rua São Salvador,Laranjeiras,"[[-43.18766160745139, -22.93510881667582], [-43.18690720636976, -22.935391155707574], [-43.186274007490816, -22.93560626549273], [-43.18652011863197, -22.935727995675588], [-43.18691736288364, -22.93580263610425]]"
Rua Ministro Viveiros de Castro,Copacabana,"[[-43.18030255256035, -22.96910672382912], [-43.18021544683812, -22.969338941386376], [-43.179966970846294, -22.968525997164445], [-43.179087306599065, -22.96929220108303], [-43.17941749536975, -22.969036784976886]]"
Rua Corrêa Dutra,Catete,"[[-43.178099233448144, -22.92477956346443], [-43.177522039025696, -22.923991778298326], [-43.1778985948901, -22.92468842853886], [-43.177410702304954, -22.92519145025923], [-43.177270922935215, -22.92612438538976]]"
Rua Visconde de Ouro Preto,Botafogo,"[[-43.183372456171966, -22.952847509507702], [-43.1826795515885, -22.953626246033792], [-43.182884977007376, -22.954371268709128], [-43.18358514215268, -22.95377667797757], [-43.183140637015896, -22.954318175187105]]"
Rua Barão da Torre,Ipanema,"[[-43.20374365333991, -22.982236309333196], [-43.204052261352906, -22.98273271121538], [-43.20323536023024, -22.983369515781778], [-43.20343365739671, -22.983202732192247], [-43.20253909071749, -22.98327872058496]]"
Rua Arnaldo Quintela,Botafogo,"[[-43.18463127458739, -22.951864667926692], [-43.1838870267695, -22.95282844755905], [-43.18375676040232, -22.95196421099408], [-43.182911761639964, -22.951570909346326], [-43.18360668355414, -22.9511564320777]]"
Rua Ronald de Carvalho,Copacabana,"[[-43.181281334586245, -22.967955215972186], [-43.18043019756043, -22.967086481942648], [-43.181203721468755, -22.96718480319984], [-43.18052592529586, -22.966215120801913], [-43.17968424153062, -22.966965795439506]]"
Ciclovia Mané Garrincha,Botafogo,"[[-43.18590598377678, -22.95135234738553], [-43.18623558929349, -22.952242824107888], [-43.18722632524748, -22.95163711721069], [-43.1874299878603, -22.951970118867308], [-43.18659027662747, -22.951895327661433]]"
Ciclovia Mané Garrincha,Copacabana,"[[-43.18298669235466, -22.96607499251134], [-43.183081813322396, -22.96662578286546], [-43.18372903934938, -22.9673440688247], [-43.183891188450374, -22.96734733327922], [-43.18416640065214, -22.966517641477086]]"
Rua Tonelero,Copacabana,"[[-43.1817187757679, -22.970421433260473], [-43.18079663513296, -22.971065361326733], [-43.180967386885506, -22.97176803587123], [-43.17997363838182, -22.97259733653507], [-43.179782868347175, -22.972592946514407]]"
Rua Conde de Irajá,Botafogo,"[[-43.18291167426335, -22.953640566441425], [-43.18353029882203, -22.95423028716046], [-43.18358616493181, -22.955157187824764], [-43.18445474765296, -22.95502750555824], [-43.18454816998346, -22.954476450324847]]"
Rua Fernandes Guimarães,Botafogo,"[[-43.18494215801215, -22.952495421634747], [-43.18557830175116, -22.953184941142887], [-43.18468607082689, -22.95246136990086], [-43.18514458148061, -22.9527147512683], [-43.18532711313841, -22.95242675218182]]"
Rua Paulo Barreto,Botafogo,"[[-43.184346456348536, -22.950604166626913], [-43.18490251202467, -22.951549974641907], [-43.184558726537475, -22.952087825048732], [-43.18535050937351, -22.953048403973224], [-43.1859934200494, -22.952448571802478]]"
Rua Hilário de Gouveia,Copacabana,"[[-43.184240966854, -22.969903351643445], [-43.18352957391779, -22.969458817779735], [-43.18373520685855, -22.9687983780506], [-43.18432523826772, -22.96846220777746], [-43.183532566630674, -22.96887591231694]]"
Rua Buarque de Macedo,Flamengo,"[[-43.17924080677676, -22.938452682469123], [-43.17907472365482, -22.939089811598944], [-43.17828938023267, -22.93924696249776], [-43.178605745529275, -22.93861207537428], [-43.17884636071294, -22.939093228507417]]"
Rua Buarque de Macedo,Catete,"[[-43.17884353008685, -22.924755106552904], [-43.17897127702858, -22.9246510121912], [-43.178074370414656, -22.925062080672117], [-43.178794144063126, -22.924534869083796], [-43.17881928166663, -22.923797933132]]"
Rua Capitão Salomão,Humaitá,"[[-43.19786518415008, -22.956448718973185], [-43.19778191572076, -22.956911364254417], [-43.198266140349894, -22.956644407814764], [-43.197596279876294, -22.957365695666617], [-43.19754489951169, -22.95639689130521]]"
Galeria Triangular,Botafogo,"[[-43.18281420716063, -22.954789655940715], [-43.182661174209606, -22.955554153774933], [-43.18255281820458, -22.95600604333356], [-43.18189333459716, -22.955703202556855], [-43.18287134293985, -22.956290360013334]]"
Rua Humberto de Campos,Leblon,"[[-43.22111552138698, -22.983556659534624], [-43.22078544803789, -22.983355625813758], [-43.219956624146036, -22.98400488325651], [-43.220190347089535, -22.984167342206725], [-43.22109641515598, -22.984129506796158]]"
Ciclovia Mané Garrincha,Urca,"[[-43.1623810873432, -22.95750320799245], [-43.16260249611511, -22.958012509773088], [-43.162891150682185, -22.958435122299548], [-43.16329690725094, -22.957997030489178], [-43.16334480644654, -22.957864221208585]]"
Rua Garcia d'Ávila,Ipanema,"[[-43.20571035772846, -22.982004567416737], [-43.20618582963986, -22.982942201146614], [-43.20708297801289, -22.982752045285213], [-43.20688929231506, -22.98275931279081], [-43.20634746790757, -22.983090825009178]]"
Rua Rodolfo Dantas,Copacabana,"[[-43.18272705210276, -22.96613086746278], [-43.18285739742556, -22.965754062669927], [-43.18221919279021, -22.96626125860345], [-43.1818297998485, -22.965662426845512], [-43.18164933851476, -22.96611813657105]]"
Rua São João Batista,Botafogo,"[[-43.18747908821448, -22.949396118547224], [-43.187587076668564, -22.948495643839582], [-43.18750327477381, -22.949125377981904], [-43.18703882500099, -22.948379486310152], [-43.18672125826757, -22.94776636401443]]"
Rua Marquês de São Vicente,Gávea,"[[-43.23006345021814, -22.977101991946846], [-43.22908811420215, -22.977659573063207], [-43.230009260579415, -22.976771454383833], [-43.22915876394458, -22.976360304038803], [-43.22902287348348, -22.976999153348547]]"
Rua Paissandu,Flamengo,"[[-43.17761590595577, -22.935515478396518], [-43.17667378946544, -22.934666686005766], [-43.176725361032126, -22.93377815302754], [-43.17603626223506, -22.93305406772556], [-43.17537843128676, -22.933415866779075]]"
Rua Machado de Assis,Catete,"[[-43.180576598685334, -22.927119946976273], [-43.18018402113358, -22.927966040573015], [-43.17973448759052, -22.928286290645477], [-43.18010390691486, -22.92915557796388], [-43.17952246058518, -22.92907659537913]]"
Rua Santa Clara,Copacabana,"[[-43.1820048208709, -22.965184133510583], [-43.18295601930779, -22.965718214561075], [-43.18391348048609, -22.964978016813273], [-43.18385560621804, -22.964228613467906], [-43.18325803974649, -22.96335047807088]]"
Lagoa/Botafogo,Botafogo,"[[-43.185888414518345, -22.950296870266413], [-43.18563340359191, -22.950337119025807], [-43.18466523665351, -22.949589764797434], [-43.18482970308917, -22.949053217969706], [-43.18435453848599, -22.94921050396515]]"
Orla Ipanema,Ipanema,"[[-43.205276566050074, -22.984272267054155], [-43.20580935054797, -22.984679650813245], [-43.20677360267851, -22.985595464433974], [-43.20691805641104, -22.984620019654503], [-43.206558761845656, -22.984851366360186]]"
Pacheco Leão/General Garzon,Jardim Botânico,"[[-43.22246353398612, -22.963281929913506], [-43.221705297370995, -22.963446768361937], [-43.2217704943485, -22.962557304317354], [-43.22243642645631, -22.96233048153893], [-43.222973083053546, -22.961348144286656]]"
Lagoa/Botafogo,Humaitá,"[[-43.1949238689339, -22.955353579230728], [-43.19557081286989, -22.95589223960729], [-43.1961979363456, -22.956451267189152], [-43.19649768582727, -22.955892098242018], [-43.195559480566985, -22.956776412888892]]"
Rua Bolívar,Copacabana,"[[-43.18465662850468, -22.964530553064122], [-43.18414015155327, -22.964738069026318], [-43.18483235974059, -22.96434602779021], [-43.18538347859692, -22.96371436154023], [-43.18530952975113, -22.964266726310584]]"
Rua República do Peru,Copacabana,"[[-43.180435234824216, -22.969951078975615], [-43.181176204981654, -22.97041987889044], [-43.1802649019852, -22.9696423827307], [-43.179645869835745, -22.96891812749617], [-43.179544155094526, -22.96860764353489]]"
Rua General Venâncio Flores,Leblon,"[[-43.22314147729744, -22.986563868897928], [-43.223149725827284, -22.986117028670552], [-43.22370935942338, -22.986954936238735], [-43.2245570977044, -22.986588418711417], [-43.22456680465037, -22.98588600488332]]"
Rua General Severiano,Botafogo,"[[-43.186213144752585, -22.949951914204448], [-43.18608168082459, -22.94959588189933], [-43.185324420851884, -22.950061825358993], [-43.18500751718257, -22.94946697331578], [-43.18427292878065, -22.94876580985759]]"
Rua Arno Konder,Flamengo,"[[-43.175319155369436, -22.935515171229984], [-43.17481372209032, -22.935277948473555], [-43.174051980571925, -22.93596073826297], [-43.17499348600585, -22.93521705120748], [-43.17573574627091, -22.934565417706352]]"
Rua Visconde de Caravelas,Humaitá,"[[-43.193092197855286, -22.95803544062371], [-43.19307726238777, -22.957371172267795], [-43.19350318612142, -22.95835840052436], [-43.19254081376536, -22.95812454668761], [-43.193021206603234, -22.95786091963358]]"
Rua Bambina,Botafogo,"[[-43.187658116167036, -22.95022092762909], [-43.18757558300968, -22.949698871824086], [-43.18789183867761, -22.948772887816368], [-43.187027782466586, -22.9485076440301], [-43.186153325492114, -22.94930262457412]]"
Rua Andrade Pertence,Catete,"[[-43.177050967468126, -22.926694218598318], [-43.17688662654778, -22.92755951739538], [-43.17664479551224, -22.927867751281475], [-43.17590172189993, -22.928776267213852], [-43.17496396618936, -22.927829289275497]]"
Rua Farani,Botafogo,"[[-43.188152478501245, -22.950350420824424], [-43.188505258062946, -22.951306173721367], [-43.18796444322733, -22.95132888734056], [-43.18807263781458, -22.950962296587345], [-43.187078388814264, -22.951415043254784]]"
Rua Xavier da Silveira,Copacabana,"[[-43.1809311427075, -22.969518257072853], [-43.18148960348192, -22.96913089262129], [-43.18112860487777, -22.969966130530057], [-43.18158208582378, -22.969657108101494], [-43.18227997004021, -22.968755380976994]]"
Travessa dos Tamoios,Flamengo,"[[-43.175568844314014, -22.93718163609844], [-43.17602041390932, -22.937386447302515], [-43.17620174589669, -22.936418492006595], [-43.17674183668491, -22.935630293599235], [-43.177679568519146, -22.936204084191186]]"
Galeria Hollywood,Laranjeiras,"[[-43.18796074055985, -22.93391385050096], [-43.18858968952845, -22.93297746364513], [-43.188036495822864, -22.932240217309218], [-43.18734692936663, -22.93169837361993], [-43.18709448872337, -22.931176325638045]]"
Rua Visconde de Caravelas,Botafogo,"[[-43.184600098112874, -22.949374912913104], [-43.18463705340985, -22.94878183833115], [-43.18538668182545, -22.949547221953225], [-43.18552607003565, -22.949176091378767], [-43.185542880942165, -22.949775041925367]]"
Rodolfo Dantas,Copacabana,"[[-43.18091464539617, -22.96888603957339], [-43.181004205098006, -22.969265315655544], [-43.18185931132242, -22.97024207457573], [-43.18189943365299, -22.970457087462915], [-43.18231610849557, -22.970257046366676]]"
Avenida Delfim Moreira,Leblon,"[[-43.224462287047906, -22.984120894066642], [-43.22525242669107, -22.984159880172125], [-43.224279101504536, -22.9846757901404], [-43.22428132519763, -22.9853907990546], [-43.22387639525654, -22.985154487585962]]"
Rua Raul Pompéia,Copacabana,"[[-43.182593730139686, -22.96854123215054], [-43.18289247627727, -22.96936549915225], [-43.18373531928296, -22.970299092934667], [-43.184469887774874, -22.970505246382263], [-43.1840909578366, -22.97037016468574]]"
Rua Miguel Lemos,Copacabana,"[[-43.185072592957994, -22.969495104506446], [-43.18465964150502, -22.96922224400736], [-43.18378721701254, -22.970159071717706], [-43.183704624341935, -22.971055129150404], [-43.18296268609444, -22.970637008111503]]"
Galeria do Edifício Rio Parnaíba,Flamengo,"[[-43.17451104931752, -22.93766329884474], [-43.1737214160054, -22.93850306915197], [-43.17308682046547, -22.938407884399663], [-43.172799665075075, -22.938503247830624], [-43.17233648603156, -22.938450442508753]]"
Rua Jangadeiros,Ipanema,"[[-43.20604273191932, -22.984917380595938], [-43.2066043039446, -22.984173813462753], [-43.20693051236106, -22.983222082951116], [-43.20635111534678, -22.98385784711974], [-43.20635472391387, -22.983540431568738]]"
Rua Artur Bernardes,Catete,"[[-43.17532199650366, -22.927129271552012], [-43.175021345130965, -22.92617968522772], [-43.1746608886461, -22.926780600325863], [-43.17559958364169, -22.927636203507905], [-43.17567433772821, -22.928120837730884]]"
Rua Duvivier,Copacabana,"[[-43.18314703999331, -22.9660437608728], [-43.183404962467336, -22.966351890887708], [-43.18432474408451, -22.965376591760236], [-43.184167393267366, -22.964642528767993], [-43.18371687794654, -22.964765297929613]]"
Avenida General San Martin,Leblon,"[[-43.22216967443876, -22.983395788815933], [-43.221984973781574, -22.98384213322146], [-43.22256364940356, -22.983017406530227], [-43.22230052896337, -22.9827714733631], [-43.22303739359312, -22.98230524731827]]"
Rua Senador Corrêa,Laranjeiras,"[[-43.18937474005046, -22.93802190134678], [-43.19001278614504, -22.937079111158695], [-43.19002823043214, -22.936370340971955], [-43.1892867306296, -22.936875878823148], [-43.18925709592174, -22.936985268313144]]"
Avenida Henrique Dumont,Ipanema,"[[-43.20465351078009, -22.98541885676449], [-43.20513724391469, -22.98448003211982], [-43.20548686378624, -22.984166558790736], [-43.20622511646481, -22.983619612539364], [-43.20631753738204, -22.982679970449208]]"
Rua Aires Saldanha,Copacabana,"[[-43.18258135630866, -22.969481452569475], [-43.1819235895769, -22.969807446216613], [-43.18242616103172, -22.969945671169288], [-43.18201260659795, -22.96971138119608], [-43.18267736816537, -22.970377297380278]]"
Rua Antônio Mendes Campos,Catete,"[[-43.1784522147455, -22.924517172834268], [-43.177840874439596, -22.92382883193633], [-43.17710433187857, -22.923658123207538], [-43.17788049263977, -22.924246440787464], [-43.17876631892759, -22.92470694156443]]"
Condomínio Armon,Botafogo,"[[-43.18756734051594, -22.95466393875599], [-43.186699590480885, -22.95475954069942], [-43.18668512086351, -22.955127228489467], [-43.18738843446158, -22.956044082771367], [-43.18645819706871, -22.95507082252545]]"
Catete 228,Catete,"[[-43.17609249023288, -22.924665280373105], [-43.176061298175725, -22.92475580066184], [-43.17572756966063, -22.924778107501325], [-43.176667622480885, -22.92549880499181], [-43.176258260955414, -22.92588294510863]]"
Praça Cardeal Arcoverde,Copacabana,"[[-43.18513659570526, -22.964680527723356], [-43.18524909526665, -22.964335323486907], [-43.18589479568775, -22.963599038978153], [-43.18521856510846, -22.963213787073702], [-43.18485206905188, -22.962324558634755]]"
Rua General Cristóvão Barcelos,Laranjeiras,"[[-43.18737634152017, -22.933886570093126], [-43.18651444412916, -22.934825795973733], [-43.1861614173576, -22.93444674247167], [-43.18584364641714, -22.935015392166875], [-43.185541180463055, -22.935227663355565]]"
Rua Dezenove de Fevereiro,Botafogo,"[[-43.18801072776684, -22.948903517645373], [-43.18819691184539, -22.94794916927693], [-43.18763214087727, -22.947207662376258], [-43.187155242458765, -22.947073629854284], [-43.187346961815464, -22.94631659873168]]"
Rua Francisco Sá,Copacabana,"[[-43.18112628919134, -22.965652924348355], [-43.181255122561716, -22.965057297050638], [-43.18201470445097, -22.96442162861829], [-43.18300318712998, -22.964332650422367], [-43.18327026406023, -22.964683478762566]]"
Rua Francisco Otaviano,Ipanema,"[[-43.20430783826426, -22.984068651392377], [-43.204561334681, -22.984593563130627], [-43.205414942833464, -22.9851390238761], [-43.20507851723635, -22.984932126689337], [-43.20515152914875, -22.98469314599732]]"
Rua Ipiranga,Laranjeiras,"[[-43.187924908734225, -22.935985509289182], [-43.188242413078974, -22.936934225157568], [-43.18844476751718, -22.937173833919996], [-43.18837756242373, -22.937013489181542], [-43.187847795900645, -22.936797678995955]]"
Tricolor,Botafogo,"[[-43.18819060450394, -22.94916685782427], [-43.18917547875398, -22.949775301852902], [-43.18837941765608, -22.949480352424594], [-43.18752534856649, -22.94999338783144], [-43.18665647651288, -22.95087285305086]]"
Rua Aníbal de Mendonça,Ipanema,"[[-43.20545934059368, -22.983484769444882], [-43.20584476066382, -22.983915023640957], [-43.20576643811047, -22.983308971845293], [-43.20554577054385, -22.98368635644698], [-43.20600052254238, -22.983254055098534]]"
Rua Visconde do Cruzeiro,Flamengo,"[[-43.17531329287621, -22.93861310390279], [-43.175262966108875, -22.9392502272074], [-43.17604921226268, -22.938832134683953], [-43.17653608669528, -22.938697510244694], [-43.17656899540184, -22.93777165649422]]"
Rua Fernando Osório,Flamengo,"[[-43.17560109174644, -22.939439524802868], [-43.175397868106145, -22.938536718118456], [-43.17462945517945, -22.937898340399602], [-43.175205365499636, -22.938442180855706], [-43.17538330856002, -22.938220218878005]]"
Rua General Severiano,Urca,"[[-43.16457877664615, -22.95587947172418], [-43.16502916457505, -22.955318420693693], [-43.165181688067754, -22.954673192056667], [-43.16599061744009, -22.954338092258084], [-43.16608708208261, -22.954090373608732]]"
Rua Corrêa Dutra,Flamengo,"[[-43.17422321753474, -22.935278757530334], [-43.175031788423695, -22.935845277930152], [-43.17474784542281, -22.93679800075806], [-43.17465445059738, -22.936583812685882], [-43.17487263860557, -22.93711991849365]]"
Rua Dias da Rocha,Copacabana,"[[-43.184881361484656, -22.96457328687871], [-43.185072723948444, -22.964182997770614], [-43.18463752841713, -22.96432659854076], [-43.183655016429725, -22.96394172623811], [-43.18444679713096, -22.964684937659204]]"
Rua das Palmeiras,Botafogo,"[[-43.18782348378606, -22.95325503600064], [-43.18703510203673, -22.954083719501448], [-43.1873883589125, -22.95469998485201], [-43.18767836630084, -22.955246672047554], [-43.18764024671902, -22.95610782436206]]"
Rua Francisco Otaviano,Copacabana,"[[-43.18245992851237, -22.96909772750854], [-43.182158173774276, -22.968337569333418], [-43.18250950626805, -22.968271653760315], [-43.18217053235765, -22.968605649934197], [-43.18184685397795, -22.967617371211755]]"
Rua Barão de Ipanema,Copacabana,"[[-43.18533914594439, -22.9677087663263], [-43.18442389537538, -22.967584172694544], [-43.18404388559374, -22.96823356680983], [-43.18397223022479, -22.96883169943251], [-43.184071488352274, -22.969638346533216]]"
Vila Glória,Catete,"[[-43.176527300235264, -22.924510529653077], [-43.177058016071555, -22.923656174014116], [-43.177753184044896, -22.923857542182496], [-43.17689918210905, -22.92287257517818], [-43.17621511552029, -22.92279266091762]]"
Rua Paula Freitas,Copacabana,"[[-43.181168377477015, -22.969965253407306], [-43.18051624221651, -22.970709826440036], [-43.180098752821024, -22.970145770264693], [-43.18049249610913, -22.971073449503645], [-43.18077222329419, -22.971547224363825]]"
Rua Rainha Guilhermina,Leblon,"[[-43.22286685413605, -22.985477186555727], [-43.22297244905504, -22.98568322352158], [-43.22294109019965, -22.985482034854858], [-43.22294716323383, -22.98464325090843], [-43.22224431331834, -22.983658934878783]]"
Rua Marquês de Paraná,Flamengo,"[[-43.174495301749054, -22.939001801612687], [-43.17373935310816, -22.939240555025734], [-43.17312750230793, -22.93850444164552], [-43.17351814402973, -22.937924380772905], [-43.1737121836722, -22.938762542206803]]"
Rua Gomes Carneiro,Ipanema,"[[-43.20114633879484, -22.984323401640772], [-43.20050137766757, -22.984041457486082], [-43.19977734870302, -22.984776408140597], [-43.199803224865384, -22.98393089375957], [-43.19927360526358, -22.983718387884068]]"
Rua Clarice Índio do Brasil,Flamengo,"[[-43.178521756047026, -22.937308021833363], [-43.17938541142826, -22.93757295298878], [-43.180115078849944, -22.938521329174883], [-43.18001601977815, -22.937595098951704], [-43.18015102402149, -22.936663454629397]]"
Rua Joana Angélica,Ipanema,"[[-43.20636601189443, -22.983762929868202], [-43.20693393552941, -22.983481277238823], [-43.206633533344615, -22.98324210132903], [-43.20751083409039, -22.983938051622772], [-43.20759123324285, -22.983376528450634]]"
Rua Alice,Laranjeiras,"[[-43.18662978862685, -22.93875331663402], [-43.18715142841842, -22.937785958783493], [-43.18790865853957, -22.93850146004612], [-43.188706566917546, -22.938894909750985], [-43.18958198332128, -22.938510587067597]]"
Rua Clarice Índio do Brasil,Botafogo,"[[-43.18460868337061, -22.950016178382963], [-43.18436089169803, -22.95040367114139], [-43.18450872493025, -22.950349588213566], [-43.183735516499766, -22.951088167460085], [-43.18434627147612, -22.951188598162442]]"
Rua Sebastião de Lacerda,Laranjeiras,"[[-43.18639831371664, -22.9341347726266], [-43.18737625118778, -22.933596162839315], [-43.18741356288451, -22.933763854842955], [-43.18789393646702, -22.934725470289308], [-43.18861971705556, -22.934204890643063]]"
Rua Lopes Quintas,Jardim Botânico,"[[-43.2215527912544, -22.967927275352135], [-43.220949717030635, -22.966975527842315], [-43.22097400894278, -22.966056374553673], [-43.220878089964835, -22.96683690215632], [-43.22018937579936, -22.9669281474872]]"
Rua Mário Portela,Laranjeiras,"[[-43.18885194443866, -22.938199708011837], [-43.18889990817992, -22.93772499385706], [-43.18911095562278, -22.937973217286768], [-43.188540922535104, -22.938054323749956], [-43.1876302531621, -22.937270154372076]]"
Via Martins da Mota,Catete,"[[-43.17867438125567, -22.92437119176348], [-43.17799263809682, -22.924861850519388], [-43.177189114112544, -22.925784997821463], [-43.17691471115893, -22.925862042892213], [-43.17612447567752, -22.925543335047802]]"
Rua Gago Coutinho,Laranjeiras,"[[-43.18768955186833, -22.938700087756636], [-43.18721468433089, -22.939399749755], [-43.186854228772475, -22.939375305913376], [-43.187684644740386, -22.940291960112173], [-43.18854047606839, -22.939859313336047]]"
Avenida Epitácio Pessoa,Ipanema,"[[-43.202574949843246, -22.980660991610204], [-43.202981878680674, -22.9809544887932], [-43.20243257161831, -22.981255082333707], [-43.203062180482576, -22.980932341111565], [-43.20386538918315, -22.981584122440896]]"
Praça José de Alencar,Flamengo,"[[-43.17927433023382, -22.93810972143005], [-43.178338610164126, -22.938945378095095], [-43.17780016386845, -22.93935448854014], [-43.17803628458914, -22.93910516140243], [-43.17879351175282, -22.93969378687804]]"
Praça David Ben Gurion,Laranjeiras,"[[-43.187618187200506, -22.935236574478754], [-43.186681209645315, -22.93615267203189], [-43.187095565571916, -22.935555243648583], [-43.186891802392644, -22.934595302989866], [-43.18639565603379, -22.93443045767345]]"
BRS 2 Farme de Amoedo,Ipanema,"[[-43.204970394964036, -22.985631425521802], [-43.20552116374035, -22.98477525824115], [-43.20565700997446, -22.985030924193474], [-43.20543113080947, -22.985152114214085], [-43.20594974538581, -22.984265962538597]]"
Rua Raimundo Corrêa,Copacabana,"[[-43.181825135124065, -22.965178450598746], [-43.18119324124613, -22.96560663702027], [-43.180500212568745, -22.96488389702754], [-43.1809957305284, -22.964046043960263], [-43.181074651533855, -22.96353596010277]]"
Rua das Laranjeiras,Catete,"[[-43.177363028973915, -22.923841315321003], [-43.17727297513612, -22.924486457782063], [-43.176398199003124, -22.923517118303014], [-43.17706856937166, -22.92443077083142], [-43.176616609551694, -22.92516731328451]]"
Rua Almirante Gonçalves,Copacabana,"[[-43.18065578183193, -22.96746488384229], [-43.18057130742095, -22.966999280752756], [-43.18055458632711, -22.96681858537184], [-43.18042454234139, -22.9672234884692], [-43.17967789650967, -22.9668457178651]]"
Rua Marques,Humaitá,"[[-43.19523065515348, -22.958039570190273], [-43.19573729742444, -22.95902090695062], [-43.19475367752174, -22.958567983520393], [-43.19495068889002, -22.95936962732122], [-43.19554261762076, -22.958769485383822]]"
Rua São Salvador,Flamengo,"[[-43.17827185159231, -22.936004087298436], [-43.177704268023334, -22.936293318161063], [-43.17869380879625, -22.936184865132798], [-43.17962318608637, -22.935662883612743], [-43.18021822496603, -22.93517141604728]]"
Rua Pinheiro Guimarães,Botafogo,"[[-43.18740667169801, -22.95293841030197], [-43.18665337017435, -22.95332720187099], [-43.18691675111334, -22.952334533195735], [-43.18647260923693, -22.952437311933824], [-43.18628652056856, -22.951664920372895]]"
Rubro-Negra,Gávea,"[[-43.23298069041837, -22.97442629112102], [-43.23326970439749, -22.9741871124461], [-43.23408372311785, -22.973598717783545], [-43.234121777338075, -22.97342231324965], [-43.23499207014911, -22.97313766219784]]"
Avenida Rodrigo Otávio,Gávea,"[[-43.22937907400042, -22.975236039433504], [-43.22876909600106, -22.97488310355905], [-43.2281189971807, -22.975343462118794], [-43.228964880622435, -22.97534695075427], [-43.229296403985046, -22.97622984889578]]"
Avenida Prefeito Mendes de Morais,São Conrado,"[[-43.18209638566135, -22.969368310211966], [-43.18280148060794, -22.969487912216056], [-43.1829334418756, -22.969831526708838], [-43.183492217970176, -22.970654325849477], [-43.1830208917417, -22.97045787526135]]"
Rua dos Oitis,Gávea,"[[-43.23047251168023, -22.974744608802787], [-43.229901208444076, -22.97447225407337], [-43.23008139866468, -22.97523558169152], [-43.23031373276081, -22.97455597712025], [-43.230138194039085, -22.974412232577794]]"
Galeria 216,Catete,"[[-43.18114281974881, -22.926492932267546], [-43.18047942566145, -22.927444548739764], [-43.180443268128975, -22.92789840711982], [-43.17956190963874, -22.92830095597264], [-43.179702596013264, -22.92878236245491]]"
Rua Muniz Barreto,Botafogo,"[[-43.183484140141225, -22.95378339149292], [-43.18351820239705, -22.953867017719443], [-43.18435699936954, -22.95460005777461], [-43.18436407706483, -22.95414417916066], [-43.18390506060752, -22.95427047775543]]"
Rua Guilhermina Guinle,Botafogo,"[[-43.187487875506335, -22.951238649103132], [-43.1871739651938, -22.950735898931075], [-43.188036049161084, -22.94982266968891], [-43.1884716750117, -22.950708560246607], [-43.18897771741356, -22.951185148879134]]"
Rua Visconde de Carandaí,Jardim Botânico,"[[-43.21844361042549, -22.96636830164323], [-43.217890189311575, -22.966468821958326], [-43.217915046924226, -22.967338089643196], [-43.218789740517316, -22.96827086244283], [-43.21951124977508, -22.96745798753614]]"
Avenida Portugal,Urca,"[[-43.160600999925876, -22.955915940042445], [-43.16027342055352, -22.956872293248892], [-43.1601530841866, -22.955945504380466], [-43.16104856842802, -22.9550718594564], [-43.1615282528461, -22.955234272818252]]"
Avenida João Luís Alves,Urca,"[[-43.16207495239115, -22.956460819625335], [-43.16194429188201, -22.957064624359816], [-43.16100028122275, -22.95713675938644], [-43.161301268478574, -22.95691970484105], [-43.16199877482111, -22.95769151327127]]"
Avenida Padre Leonel Franca,Gávea,"[[-43.2296326632703, -22.973496303652954], [-43.230403125526564, -22.973449521830204], [-43.22995749692015, -22.972729242443506], [-43.22954182672569, -22.973593905719706], [-43.2303783760342, -22.97350682928502]]"
Rua Aristides Espínola,Leblon,"[[-43.219025811117994, -22.987805352759022], [-43.21868776644334, -22.98710540201606], [-43.21886423536017, -22.987180810894056], [-43.21877337162136, -22.986878863959756], [-43.21874836632382, -22.987754317747992]]"
Rua Von Martius,Jardim Botânico,"[[-43.218282330803696, -22.967688260534675], [-43.21876508913392, -22.968285532970402], [-43.219104659004174, -22.968956120263538], [-43.21906588728517, -22.968442617252162], [-43.21831022712887, -22.969032854703862]]"
Rua Ribeiro de Almeida,Laranjeiras,"[[-43.188092563934916, -22.93766722273171], [-43.1875485389823, -22.93669724341943], [-43.18841812979978, -22.93764290857698], [-43.18759968938806, -22.937715045823353], [-43.18760406437199, -22.937637642227447]]"
Rua Pompeu Loureiro,Copacabana,"[[-43.183417479954954, -22.9655673810364], [-43.182488526647155, -22.96501615733455], [-43.18244186738477, -22.965608624416294], [-43.1818561585467, -22.966034348500123], [-43.1815869937116, -22.96587916176836]]"
Rua Desembargador Burle,Humaitá,"[[-43.19480182679652, -22.953509459589558], [-43.194410028560185, -22.954193549943888], [-43.19477650520605, -22.953607027243013], [-43.19396421869652, -22.952892668729014], [-43.19299717575109, -22.953338859754258]]"
Avenida Rainha Elizabeth,Copacabana,"[[-43.18033606173995, -22.969394650964574], [-43.18103185317351, -22.969086065859923], [-43.18080125712337, -22.969205419023186], [-43.18003642438656, -22.97003849085321], [-43.180026010839406, -22.969431283782328]]"
Rua Carlos Gois,Leblon,"[[-43.22069248000717, -22.982895338085783], [-43.22136057021658, -22.982625995539276], [-43.22150559084074, -22.981862140022667], [-43.22248037580079, -22.9825376732111], [-43.222425576556546, -22.982418161843825]]"
Ciclovia Stuart Angel Jones,Urca,"[[-43.16161102105796, -22.95752356049214], [-43.16089466695164, -22.958148736603945], [-43.160813079441674, -22.95751060957622], [-43.16118437921531, -22.957090123978976], [-43.16054110541989, -22.95714778818111]]"
Rua Ministro Tavares de Lira,Flamengo,"[[-43.17443050448538, -22.936734725316498], [-43.175082981299106, -22.937064309221757], [-43.17443102487369, -22.936640281181095], [-43.17495127664818, -22.937439006224047], [-43.17525539382502, -22.938155062244526]]"
Estrada da Gávea,São Conrado,"[[-43.18147442859513, -22.97019311449071], [-43.180791533488964, -22.97048836459749], [-43.17983332361293, -22.970545790262694], [-43.1805807941298, -22.970277505986104], [-43.18093058609894, -22.969925150861954]]"
Duvivier,Copacabana,"[[-43.18056557644656, -22.969450711376947], [-43.17989149419608, -22.9699963522629], [-43.17960573037596, -22.970437800085993], [-43.17958042086967, -22.970049498938973], [-43.18015513211693, -22.97043887758558]]"
Rua Ministro Tavares de Lira,Catete,"[[-43.17567017108931, -22.924581023256813], [-43.175138041536236, -22.923838614292286], [-43.17480807172928, -22.92326171960578], [-43.173993681667866, -22.92374114589065], [-43.1738728004059, -22.923399681266837]]"
Largo dos Leões,Humaitá,"[[-43.19281261834286, -22.956237850372787], [-43.19305181724492, -22.95614455393241], [-43.193830376058266, -22.95519095327539], [-43.19474632670792, -22.955345856418766], [-43.19391017360352, -22.954866048177234]]"
Rua Joaquim Nabuco,Copacabana,"[[-43.18023537903014, -22.96874669061723], [-43.17962556547646, -22.968238766810035], [-43.17869994476231, -22.969202753698834], [-43.179090442571535, -22.968749411714693], [-43.179527400174706, -22.968090622384974]]"
Rua José Linhares,Leblon,"[[-43.22145580914013, -22.984577884135238], [-43.221972021483616, -22.98538481519485], [-43.22203448555269, -22.986360007122293], [-43.221837770584095, -22.986757476600772], [-43.22223793236108, -22.987163000985355]]"
Rua Barão de Icaraí,Flamengo,"[[-43.17428641675365, -22.934282630028846], [-43.17409997361344, -22.933947020662394], [-43.17472931325438, -22.933162415666114], [-43.17525029291456, -22.934004477341734], [-43.17618095238111, -22.933415320784334]]"
Rua Conselheiro Lafaiete,Copacabana,"[[-43.18257132586574, -22.965365823436976], [-43.18190857883697, -22.966238541618402], [-43.18267871284285, -22.966040584602048], [-43.18185945920398, -22.9668528700324], [-43.18120088560534, -22.966514469506524]]"
João Saldanha,Copacabana,"[[-43.18311743553807, -22.96739532188947], [-43.183248243616355, -22.96776142871389], [-43.183044396754326, -22.96721366940243], [-43.18315763672557, -22.96642862282252], [-43.18289502161938, -22.96621444366508]]"
Rua Visconde da Graça,Jardim Botânico,"[[-43.219925817334726, -22.96657539918975], [-43.22015679467944, -22.967366949584132], [-43.21985234616035, -22.96739161544689], [-43.21965104402725, -22.966490553341718], [-43.219638511908265, -22.966003365509366]]"
Praça Serzedelo Correia,Copacabana,"[[-43.183528881440765, -22.96897365051495], [-43.18443758394976, -22.969028663804938], [-43.18488395533418, -22.96974861560983], [-43.185221261319974, -22.96880555022803], [-43.185829065894495, -22.968841468111805]]"
Praça José de Alencar,Catete,"[[-43.17820056422932, -22.92725804452937], [-43.179185236164024, -22.92824703293105], [-43.180111793439025, -22.928808895312848], [-43.18043407214035, -22.929592843804585], [-43.180289974853615, -22.928987672445427]]"
Rua Professor Ortiz Monteiro,Laranjeiras,"[[-43.18841790975258, -22.9335094776834], [-43.188183776720344, -22.93433529214981], [-43.18849333043474, -22.935107615362856], [-43.18774488538537, -22.93509279148542], [-43.18734036785331, -22.93510569832474]]"
Praça Ozanan,Botafogo,"[[-43.185932543546414, -22.95325161084688], [-43.18611050139588, -22.9534079544898], [-43.185682436106944, -22.95259273248469], [-43.18606369067122, -22.95237692205651], [-43.18515356964825, -22.951729341288065]]"
Rua Marechal Cantuária,Urca,"[[-43.16569318771134, -22.954181591778898], [-43.166574138310644, -22.95466637733823], [-43.16620095848366, -22.954458786432333], [-43.16643328071757, -22.9552298111562], [-43.16669517467405, -22.95531733813829]]"
Rua General Artigas,Leblon,"[[-43.2242739540128, -22.98429293171315], [-43.22456441142913, -22.985132571684986], [-43.224227266135685, -22.984249120261747], [-43.22450342615401, -22.9838917803484], [-43.22548316378595, -22.983704458765985]]"
Travessa Carlos de Sá,Catete,"[[-43.176057808439204, -22.92482455918993], [-43.1768166916064, -22.924376613078998], [-43.17768380391769, -22.923571706464426], [-43.1783995296701, -22.92350377151933], [-43.17855546114985, -22.924480358297867]]"
BRS 1 Paula Freitas,Copacabana,"[[-43.18543756556614, -22.967036800679594], [-43.18532028077324, -22.967790794089346], [-43.18486193379814, -22.968104459383], [-43.18417072507216, -22.967799876085817], [-43.18431086291738, -22.96741489043248]]"
Rua Cândido Gaffrée,Urca,"[[-43.161266089040474, -22.956162119007328], [-43.16066932835944, -22.956269279974524], [-43.159954203684116, -22.955624435227186], [-43.16009223324309, -22.954791164755505], [-43.159927835749905, -22.955153431118863]]"
Rua Tavares Bastos,Catete,"[[-43.177169569889045, -22.924266484824138], [-43.177835849485646, -22.924517379050098], [-43.178550661197484, -22.924656320373174], [-43.178858906276005, -22.923876126302805], [-43.1798080107562, -22.92456720680836]]"
João Saldanha,Ipanema,"[[-43.20656972866691, -22.984356375000512], [-43.206947293676784, -22.98453711721072], [-43.20673573517788, -22.98418287593125], [-43.20729995006937, -22.984453688474854], [-43.20739194682698, -22.983477616542544]]"
Rua Redentor,Ipanema,"[[-43.20683477968078, -22.983486461802045], [-43.205906744866546, -22.983475551566222], [-43.206828752841396, -22.98370713814025], [-43.2070527793215, -22.98464522655841], [-43.20800607512884, -22.985325176685482]]"
Rua Cardoso Júnior,Laranjeiras,"[[-43.1853995009019, -22.937364531368164], [-43.18448766324399, -22.938132253447762], [-43.18371085589938, -22.938504320013006], [-43.1830574411799, -22.938298434260048], [-43.18348063030426, -22.937330407933626]]"
Rua Conde de Baependi,Laranjeiras,"[[-43.188757677374475, -22.93678692857158], [-43.18944938728812, -22.936704113356882], [-43.1893659776633, -22.936596690386168], [-43.188698677739424, -22.936072886760957], [-43.18909401124072, -22.93619200406033]]"
Galeria Enseada,Flamengo,"[[-43.177345312126995, -22.939354114506806], [-43.176412477355264, -22.939813619122543], [-43.1767179232772, -22.939698201470044], [-43.17743952987451, -22.939537266268058], [-43.17718706123167, -22.939649178769653]]"
Rua Gago Coutinho,Catete,"[[-43.176018111427105, -22.9225369096666], [-43.17587935670474, -22.92229009775028], [-43.17647673248909, -22.922048776790632], [-43.17739781342331, -22.922258501304103], [-43.1773117642554, -22.92230740922913]]"
Rua Leopoldo Miguez,Copacabana,"[[-43.18136714058726, -22.965043272334377], [-43.18062720226797, -22.964976499076847], [-43.18004618267942, -22.9657151943892], [-43.17945776135432, -22.966465552761267], [-43.178703580192284, -22.966914017624763]]"
Rua Tucuman,Flamengo,"[[-43.17351407573103, -22.936923946369607], [-43.172786980686, -22.93695713149766], [-43.17303632087016, -22.936779668453397], [-43.17362987468799, -22.937208101342346], [-43.17385679367435, -22.93668450495959]]"
Rua Pinheiro Machado,Laranjeiras,"[[-43.185606537126255, -22.9356363258246], [-43.185791368709104, -22.934674847137433], [-43.18526231311979, -22.934019809293222], [-43.18435021883257, -22.93387275139031], [-43.18513169041195, -22.934471802359255]]"
Botafogo,Botafogo,"[[-43.18294145876882, -22.949818186874754], [-43.18217452924285, -22.950693271687516], [-43.18215366426484, -22.95079663357678], [-43.18130089905138, -22.950543448554594], [-43.181347212114744, -22.951505216365735]]"
Estacione,Botafogo,"[[-43.18749338922355, -22.950744805410775], [-43.187775958172715, -22.95114601423403], [-43.18821843842789, -22.95053713981867], [-43.18730354238981, -22.951115729890937], [-43.18630790067845, -22.95209800332071]]"
Acesso Rua da Passagem,Botafogo,"[[-43.188214108333995, -22.953132283621922], [-43.18754581913999, -22.952656544584798], [-43.18826011856539, -22.95217559232089], [-43.18772227300117, -22.95166873647638], [-43.18719004113558, -22.951351655445038]]"
Viaduto Pedro Álvares Cabral,Botafogo,"[[-43.18537423314199, -22.954368371716182], [-43.18555914707993, -22.95521307304684], [-43.186427127391646, -22.955398860068588], [-43.18720513119406, -22.955701219000648], [-43.18630975514213, -22.95508474858063]]"
Rua Nascimento Silva,Ipanema,"[[-43.20520260593228, -22.98326454040398], [-43.205201357396135, -22.984110816253427], [-43.2047871844416, -22.983521785164445], [-43.205641380770864, -22.984421333141515], [-43.206050799782766, -22.98461558657625]]"
Rua Bulhões de Carvalho,Ipanema,"[[-43.20142463167821, -22.98157910354022], [-43.200612409673944, -22.981768898151167], [-43.200659535701256, -22.98212590674867], [-43.2003785836169, -22.982673848753038], [-43.20017159742481, -22.98171588652269]]"
Travessa Angrense,Copacabana,"[[-43.18036804551841, -22.96976247592921], [-43.18046934603433, -22.969756308027648], [-43.18021977830875, -22.969584578450743], [-43.1798545438663, -22.97044102683829], [-43.179426638601285, -22.97095716347766]]"
Rua Paulino Fernandes,Botafogo,"[[-43.185178980646135, -22.95158499419555], [-43.18462828834533, -22.952299242272872], [-43.18463489749969, -22.95275642351198], [-43.185367240773694, -22.953187875326122], [-43.18625857670405, -22.952928759932337]]"
Rua 5 de Julho,Copacabana,"[[-43.18263322516457, -22.970499191841974], [-43.18308088604893, -22.971405488024917], [-43.18395550680568, -22.970991535050004], [-43.184947866960364, -22.97031285806529], [-43.18446605884806, -22.970819210326887]]"
Rua Viúva Lacerda,Humaitá,"[[-43.196377640281696, -22.9568385964872], [-43.19675094444653, -22.95615317268288], [-43.19596720015691, -22.955575307739327], [-43.1951473138692, -22.955707672900175], [-43.19421915703622, -22.95595303679225]]"
Orla São Conrado,São Conrado,"[[-43.182874107167265, -22.97113711575726], [-43.182466392984, -22.97087169199976], [-43.1831324868065, -22.97186296546046], [-43.18279971597934, -22.971436873359192], [-43.182277640398844, -22.970504778348936]]"
Rua Batista da Costa,Jardim Botânico,"[[-43.222367810466494, -22.966211686748164], [-43.22207951202354, -22.965648039021474], [-43.22235941109174, -22.966551666996686], [-43.22235860880032, -22.965638067365717], [-43.222443209590004, -22.965772609093676]]"
Rua Barão do Flamengo,Flamengo,"[[-43.179085869878875, -22.937481120464074], [-43.179252861015065, -22.93694598520704], [-43.178552165012825, -22.936301625433405], [-43.178237458048486, -22.936877637324006], [-43.17747714457264, -22.93693307371568]]"
Praça São Salvador,Laranjeiras,"[[-43.189028191134575, -22.935453487266482], [-43.18872491161362, -22.93618028545918], [-43.18909365692609, -22.935703090542916], [-43.18930339511087, -22.935413425334872], [-43.18990496456108, -22.934987011568307]]"
Avenida Rainha Elizabeth,Ipanema,"[[-43.206651448287516, -22.984193284073463], [-43.20661972448209, -22.98497025964882], [-43.2059487640306, -22.985435074295363], [-43.206190575933256, -22.986405687518054], [-43.20715192067142, -22.986730996424516]]"
Avenida Venceslau Braz,Botafogo,"[[-43.18587426151647, -22.951942812493314], [-43.18568399816665, -22.95188093713649], [-43.18575580784775, -22.952861089494235], [-43.18571774328749, -22.95193409101246], [-43.186094015571655, -22.951579006477544]]"
Galeria Condor,Catete,"[[-43.17544391706033, -22.925372223714074], [-43.17641002173055, -22.92612112328455], [-43.17579571065582, -22.925580806861035], [-43.176264544989905, -22.926340392402793], [-43.176677927768345, -22.92730528767606]]"
Rua Marques,Botafogo,"[[-43.18606956423056, -22.952811426440988], [-43.186469963175426, -22.953808719189556], [-43.18552157428779, -22.95351580170628], [-43.1864743843585, -22.952821680052313], [-43.1859079875319, -22.952024558842965]]"
Rua Bartolomeu Portela,Botafogo,"[[-43.186482505627, -22.95251196824227], [-43.18702603490001, -22.95338057852436], [-43.187057880760584, -22.953887371254403], [-43.18711026110379, -22.95339248244121], [-43.18619468150181, -22.954276793542316]]"
Ladeira dos Tabajaras,Copacabana,"[[-43.182433106003195, -22.964552032590614], [-43.183281895921965, -22.963626495890107], [-43.18383113338595, -22.963895134393585], [-43.184549527488166, -22.964503468225317], [-43.18398688377667, -22.964258640942184]]"
Rua Júlio de Castilhos,Ipanema,"[[-43.20318427175702, -22.9815332573804], [-43.20283601116594, -22.981756925968146], [-43.203145626748956, -22.98223711600966], [-43.20356461773761, -22.981402144323397], [-43.20278433546282, -22.981462167787083]]"
Rua Júlio de Castilhos,Copacabana,"[[-43.18565295045536, -22.969616181734327], [-43.18575760360454, -22.96935433815387], [-43.18484173536243, -22.970085788452067], [-43.185357948774204, -22.970026469004175], [-43.184998708108736, -22.970025261861867]]"
Rua Maria Angélica,Jardim Botânico,"[[-43.22024201077758, -22.963158207054697], [-43.22037637877316, -22.96306505277063], [-43.22104487921352, -22.963977252885346], [-43.221626508282704, -22.964086169607864], [-43.2209392089546, -22.964986211550546]]"
Largo Almirante Índio do Brasil,Botafogo,"[[-43.18684813721809, -22.949777290469772], [-43.18745428580919, -22.948856036518745], [-43.18646464722126, -22.94795317689802], [-43.18550235975767, -22.94752973128653], [-43.185983276191315, -22.947390651727396]]"
Rua Gomes Carneiro,Copacabana,"[[-43.18196594041229, -22.97006151062784], [-43.18258572511272, -22.969099154954314], [-43.18176992752517, -22.968513964721737], [-43.180849656316354, -22.967626561536097], [-43.17989504050037, -22.967583642258653]]"
Rua Bulhões de Carvalho,Copacabana,"[[-43.181390012947766, -22.967638599361194], [-43.181108782580665, -22.968143918729556], [-43.18178338309305, -22.967810717771464], [-43.18124012927109, -22.967680547146557], [-43.18221592303754, -22.967682755817485]]"
Rua Leite Leal,Laranjeiras,"[[-43.18942793932238, -22.93354283558941], [-43.18998378758099, -22.933274108211666], [-43.18928770340179, -22.933630768232348], [-43.19009690484716, -22.933173045347807], [-43.19103856531987, -22.933315641305835]]"
Rua Lauro Müller,Botafogo,"[[-43.18656669036654, -22.95418898425841], [-43.18572762831723, -22.954393311007404], [-43.186637805719236, -22.95340680097656], [-43.18689435758643, -22.95288478512957], [-43.18638582763974, -22.95309986875711]]"
Largo Professor Saul Borges Carneiro,Laranjeiras,"[[-43.1886572730442, -22.93563726448377], [-43.18915527027767, -22.93506216631205], [-43.189438113354626, -22.934934018254385], [-43.18995731552884, -22.93462075610697], [-43.18912083735549, -22.9352375702155]]"
Praça Shimon Peres,Copacabana,"[[-43.185466420220045, -22.969174883302223], [-43.186115976675836, -22.97010284566564], [-43.18655101918788, -22.96936930495663], [-43.186387774601904, -22.968468386615477], [-43.18622759693257, -22.96859515823594]]"
Rua Almirante Tamandaré,Catete,"[[-43.1791816976504, -22.926805023604164], [-43.1782887846241, -22.926016834999096], [-43.17844988863619, -22.925231718544122], [-43.178497217169586, -22.924670987538107], [-43.17908785695147, -22.924675907833816]]"
Rua Almirante Tamandaré,Flamengo,"[[-43.17426981879028, -22.937710611805596], [-43.17512750221993, -22.938296460187175], [-43.17424593317892, -22.93915844500195], [-43.17442710903529, -22.939144604126028], [-43.173755457179475, -22.938522846964013]]"
Rua Assunção,Botafogo,"[[-43.1843720958788, -22.950273263104886], [-43.183620329711765, -22.950970072955286], [-43.18405538485902, -22.950891883849813], [-43.18498024267822, -22.951041427478938], [-43.18444914917719, -22.95178569387649]]"
Rua Visconde de Silva,Humaitá,"[[-43.197672193479995, -22.955864938913486], [-43.198219942817495, -22.95491878258754], [-43.198612057792985, -22.95531038514827], [-43.19960911014881, -22.955849551824034], [-43.19867541914922, -22.95539086223586]]"
Rua Sousa Lima,Copacabana,"[[-43.18060944772545, -22.966048622038247], [-43.18100358591417, -22.96620336364422], [-43.18057834324797, -22.966552773376172], [-43.18121511531246, -22.96591921444316], [-43.180411234918964, -22.966177332426845]]"
Rua Dona Mariana,Botafogo,"[[-43.18594082879383, -22.950374510441907], [-43.18561880028534, -22.95019323477392], [-43.185529806367136, -22.951036323141285], [-43.18619516375913, -22.95061768148434], [-43.1860276181981, -22.95005641804949]]"
Rua Lacerda de Almeida,Botafogo,"[[-43.1846906767242, -22.953308043174665], [-43.18426182839606, -22.953714923350255], [-43.185056796467926, -22.95319691278521], [-43.18503901535674, -22.953169203856795], [-43.184173165631606, -22.953430642316363]]"
Rua José Roberto Macedo Soares,Gávea,"[[-43.23022970313712, -22.97431404018559], [-43.229840512282614, -22.973472051143396], [-43.22911713047504, -22.973014089020083], [-43.22850298866731, -22.973465945841397], [-43.22881230476282, -22.974075464635483]]"
Rua General Urquiza,Leblon,"[[-43.22049298083046, -22.983660776657512], [-43.22036883524165, -22.983206663134283], [-43.220376317735884, -22.982312481800065], [-43.22105024706202, -22.982551446380324], [-43.220581359197865, -22.981979035075803]]"
Rua Jardim Botânico,Gávea,"[[-43.232931492099276, -22.973566016033693], [-43.231990977879825, -22.973158616474436], [-43.23252103106983, -22.973283293818138], [-43.2318867747858, -22.972873551798052], [-43.230952704235285, -22.972780691165898]]"
Condomínio Bairro Abrumosa,Botafogo,"[[-43.183124157173104, -22.950589276316062], [-43.182524150209574, -22.951230765092248], [-43.182731042845596, -22.95112535094081], [-43.18200045132778, -22.95186192088365], [-43.18238087560936, -22.95254737446729]]"
Rua Marquês de Olinda,Botafogo,"[[-43.18351991161685, -22.950863782034745], [-43.18327016341763, -22.95136284623716], [-43.182604502664056, -22.951219354270872], [-43.1835801891211, -22.95040718014991], [-43.18447651752286, -22.95005914031179]]"
Rua Francisco Sá,Ipanema,"[[-43.20488224897929, -22.984559340402868], [-43.205214149047954, -22.984316755504768], [-43.205405094276806, -22.983851357403587], [-43.204837574591835, -22.984714651002967], [-43.20497204083264, -22.98514313435378]]"
Morada do Sol,Botafogo,"[[-43.18605647371792, -22.95456048606312], [-43.18577300492332, -22.95367158889773], [-43.18550844061605, -22.953328630600396], [-43.185671772887844, -22.953930646322476], [-43.186469027092734, -22.95342876672575]]"
Rua Macedo Sobrinho,Humaitá,"[[-43.192117787554345, -22.956407886434434], [-43.19208038556558, -22.957272881341066], [-43.191139032474766, -22.95791415197704], [-43.19133183047004, -22.958687544967585], [-43.19092272161399, -22.958211774997917]]"
Rua Governador Irineu Bornhausen,Catete,"[[-43.17971434242105, -22.926114325728683], [-43.179748263025935, -22.92670365985127], [-43.18017333969614, -22.927166592339134], [-43.17923626503274, -22.926853080212183], [-43.18008230609861, -22.926645805811063]]"
Rua Governador Irineu Bornhausen,Flamengo,"[[-43.17884759808351, -22.937916255258155], [-43.178600300526924, -22.937718166083854], [-43.17906549647121, -22.937421156443616], [-43.1781354657323, -22.938390935075187], [-43.1777834131562, -22.938889148983804]]"
Rua Henrique de Novais,Botafogo,"[[-43.18667342247741, -22.953022555634718], [-43.18594123121019, -22.952827219069313], [-43.18672941960138, -22.951933751611467], [-43.185839947083814, -22.95262409438627], [-43.185073959434156, -22.9521510239296]]"
BRS 2 Barão de Ipanema,Copacabana,"[[-43.18161932868732, -22.966293162433498], [-43.182588538903936, -22.966476859051763], [-43.183082335825574, -22.966311006938156], [-43.182167173795406, -22.96641049844587], [-43.18148757058208, -22.966612427810585]]"
"BRS 1,3 - Avenida Nossa Senhora de Copacabana",Copacabana,"[[-43.185088641394756, -22.964637958273368], [-43.18522147580949, -22.965621318388912], [-43.18472470711014, -22.96643606742281], [-43.18485666516472, -22.965606970095113], [-43.18498785852671, -22.966089546810803]]"
Rua Ramon Franco,Urca,"[[-43.16232024989067, -22.95446327606309], [-43.162836205730706, -22.9541878995693], [-43.163653422758046, -22.953759794122544], [-43.16289848266474, -22.95436125344961], [-43.16387099155671, -22.953883807148156]]"
Rua Tubira,Leblon,"[[-43.22321464137832, -22.98717516203178], [-43.22329676034513, -22.988050109440294], [-43.223083296895695, -22.987584642490724], [-43.223920998538624, -22.987238899153528], [-43.223244014870936, -22.986335917733175]]"
Rua Teresa Guimarães,Botafogo,"[[-43.18503447620331, -22.9493037369512], [-43.18480090898761, -22.949903172915466], [-43.184325074200906, -22.94941740992813], [-43.18518815676224, -22.949374511879796], [-43.18434662354531, -22.949632286002934]]"
Rua Esteves Júnior,Laranjeiras,"[[-43.1885893064805, -22.937486878913706], [-43.18825638038545, -22.9366961867354], [-43.18834768953931, -22.936121412681896], [-43.188850922321826, -22.935860918242984], [-43.18899571965442, -22.935449996582417]]"
Rua General Dionísio,Humaitá,"[[-43.19761596192035, -22.953382316271185], [-43.19803119569952, -22.952732829796492], [-43.19898736904197, -22.952844990887478], [-43.19898210655671, -22.95324289873181], [-43.19899991509794, -22.954130546577115]]"
Travessa Visconde de Morais,Botafogo,"[[-43.18584197367974, -22.950313355631547], [-43.18632150048377, -22.950003008202497], [-43.187000575255226, -22.950684023677415], [-43.187629281845425, -22.951543039786127], [-43.18686590062174, -22.95121460101615]]"
Travessa Frederico Pamplona,Copacabana,"[[-43.18396487532222, -22.969837408819533], [-43.18446496142942, -22.970217795068887], [-43.18439385379966, -22.970187783749466], [-43.18468627548219, -22.970474011799123], [-43.184107689785556, -22.96981690060331]]"
Travessa Almirante Protogenes Guimarães,Catete,"[[-43.17933954474782, -22.922783109897985], [-43.17932827644098, -22.923074260000398], [-43.178575637574696, -22.92219201837533], [-43.17879017608815, -22.922986882450164], [-43.17878391114305, -22.922880140070664]]"
Avenida Afrânio de Melo Franco,Leblon,"[[-43.21967254975089, -22.98473835530202], [-43.219175838043554, -22.984020826743322], [-43.21895474453353, -22.984142405540823], [-43.218607453698574, -22.984821674728583], [-43.21821955451755, -22.985463168217105]]"
Rua Álvaro Ramos,Botafogo,"[[-43.188288047188685, -22.95390829305914], [-43.18782324509057, -22.953470813823433], [-43.18850051948846, -22.953440947123607], [-43.18946226155558, -22.954273838448586], [-43.188680550485614, -22.954942342094654]]"
Rua Ferreira Viana,Flamengo,"[[-43.17806583217151, -22.93906792709311], [-43.17785032680532, -22.93902947795155], [-43.17873486248687, -22.939538773323218], [-43.179266455745015, -22.939756707584962], [-43.17834673013959, -22.940317599738503]]"
Rua Ferreira Viana,Catete,"[[-43.17872633399942, -22.92600534937886], [-43.17833347438535, -22.925923539371183], [-43.17899008656994, -22.92551924717882], [-43.17916617037987, -22.925519021674667], [-43.17890333253744, -22.924777967742127]]"
Rua Engenheiro Moacir Reis,Laranjeiras,"[[-43.19009677656592, -22.93546617266406], [-43.190811092636295, -22.93579175951293], [-43.191398588408624, -22.93540761221888], [-43.19060723885339, -22.935623893472506], [-43.19059162872547, -22.93621526070571]]"
Rua Erfurt,Laranjeiras,"[[-43.19038572456211, -22.93434345131856], [-43.19026436797223, -22.934394941276608], [-43.18988710471362, -22.93413808836338], [-43.190867147160304, -22.934631543596335], [-43.19079583396161, -22.934184656271626]]"
Rua Djalma Ulrich,Copacabana,"[[-43.18278943204012, -22.965440042993272], [-43.182206315634936, -22.965772786201597], [-43.18283943124213, -22.96587019797554], [-43.182074311488584, -22.965160249936417], [-43.182922912033966, -22.96522763042414]]"
Rua Edmundo Lins,Copacabana,"[[-43.184479163545014, -22.965089355828724], [-43.18372446263875, -22.965955408604675], [-43.18364094071021, -22.966176598726715], [-43.184507811254385, -22.965240467102614], [-43.185359600409235, -22.96494383108771]]"
Largo do Millôr,Ipanema,"[[-43.201016905876585, -22.983799166603465], [-43.201374581571315, -22.98368104803357], [-43.201673540502746, -22.98424082538176], [-43.202536113147296, -22.984495758834242], [-43.20260763610782, -22.98475661043539]]"
Ciclovia Alfredo Sirkis,Ipanema,"[[-43.206949817908736, -22.982147406068623], [-43.206626449331935, -22.98271207126946], [-43.207615822380596, -22.9827440925331], [-43.20707020323402, -22.982135103248236], [-43.20793727658246, -22.98203826492225]]"
Rua Raul Pompéia,Ipanema,"[[-43.202489518045624, -22.981708240137053], [-43.202453501912814, -22.981102235993138], [-43.20211118696606, -22.98182158695675], [-43.20162668059166, -22.98158063938665], [-43.202236730191856, -22.982240877374547]]"
BRS 2 Santa Clara,Copacabana,"[[-43.18114770807301, -22.9650506290678], [-43.18083944259896, -22.96485631845582], [-43.180681829089934, -22.96407806260794], [-43.181368875657924, -22.963813279959282], [-43.180936081434005, -22.96386543751905]]"
Escadaria do Morro Santo Amaro,Catete,"[[-43.17985099623204, -22.926617039150653], [-43.18000129454631, -22.92718721387658], [-43.17998717525283, -22.926371536848812], [-43.18083323191407, -22.926995696087182], [-43.1810676343852, -22.926603383796905]]"
Ciclovia Alfredo Sirkis,Leblon,"[[-43.223068323763485, -22.984022551296754], [-43.223540199794094, -22.98363783345183], [-43.223267451231024, -22.98275969649293], [-43.22372842750644, -22.98311067289258], [-43.223339145588646, -22.983728819722437]]"
BRS 3: Sorocaba,Botafogo,"[[-43.184328186331236, -22.953312189838446], [-43.18377213584495, -22.952682310381366], [-43.18439669103356, -22.952160607719506], [-43.18399879337659, -22.95298383782554], [-43.184134100923785, -22.95324714339795]]"
Via Verde,Urca,"[[-43.16072488536439, -22.95779794157675], [-43.160610211025244, -22.958311148210313], [-43.16027651624263, -22.95923318956899], [-43.159480677868714, -22.959587134877484], [-43.15983009663199, -22.958810898499618]]"
Rua Álvares Borgerth,Botafogo,"[[-43.183230771913465, -22.949947506015256], [-43.18307736711575, -22.95044948854304], [-43.18388753124211, -22.951314976715103], [-43.18423425274325, -22.950317191491038], [-43.183620922637196, -22.94982082366694]]"
Ponto Final: General Osório :: Rua Teixeira de Melo,Ipanema,"[[-43.20675789503884, -22.98495102108846], [-43.207497733699185, -22.98512863805247], [-43.207776880044904, -22.986083786274143], [-43.207644518662455, -22.98551630977199], [-43.20733583465147, -22.98589075379357]]"
Rua da Matriz,Botafogo,"[[-43.18455754149081, -22.95031387968138], [-43.185479665457436, -22.94978927443238], [-43.18524061305736, -22.949115035176717], [-43.18499138496113, -22.94898824447529], [-43.18481751194801, -22.948259377981554]]"
Rua Adalberto Ferreira,Leblon,"[[-43.22204623716729, -22.98425961899759], [-43.22226777622391, -22.983844824997526], [-43.222074072470136, -22.984387074072558], [-43.221215793430105, -22.98353070987633], [-43.22116043849766, -22.98384689932012]]"
Rua Soares Cabral,Laranjeiras,"[[-43.18690294642176, -22.933213292552793], [-43.18647274609919, -22.93260446443344], [-43.18736605010521, -22.93241814799536], [-43.187016477500876, -22.932508619310255], [-43.187270232264034, -22.932153556082486]]"
Rua Canning,Ipanema,"[[-43.2028546961407, -22.983397843322706], [-43.20255741822716, -22.983003571710924], [-43.203245005089784, -22.98345299528402], [-43.2030464008575, -22.983181114630366], [-43.20263612256636, -22.983822402609785]]"
Cobal do Humaitá,Botafogo,"[[-43.18728162942854, -22.94987579752138], [-43.186723424255746, -22.950837507785387], [-43.1863241451165, -22.950618112935082], [-43.185718523246855, -22.949941802985105], [-43.18564665308915, -22.949019962691246]]"
Rua Barão de Itambi,Flamengo,"[[-43.17596435660271, -22.938777853742934], [-43.17512174157829, -22.93922382869428], [-43.174936061217274, -22.939057447085727], [-43.17583208251332, -22.939347597763973], [-43.17598541222501, -22.94028411023323]]"
Rua Cinco de Julho,Copacabana,"[[-43.18040251110089, -22.965214161966163], [-43.18098004743794, -22.964896071145898], [-43.180207860567315, -22.96417007748318], [-43.17973300839577, -22.96477677031327], [-43.17912772777107, -22.965203731215418]]"
Rua Fernando Mendes,Copacabana,"[[-43.181964216798406, -22.965115804805254], [-43.18203419776335, -22.964169039566926], [-43.182909409626156, -22.963474263705784], [-43.183775376550656, -22.963803705605628], [-43.183141428736114, -22.96285301933867]]"
Praça Vereador Rocha Leão,Copacabana,"[[-43.18338641444492, -22.969989379083284], [-43.18396482824182, -22.970847309305196], [-43.184026613819725, -22.97138857775112], [-43.18482465760609, -22.971851453416214], [-43.185530106478986, -22.972516471238027]]"
Ronald de Carvalho,Copacabana,"[[-43.18306155708095, -22.964693431208385], [-43.18246497068653, -22.96513669424506], [-43.18286620393912, -22.96548418640898], [-43.18360684598267, -22.966019174424563], [-43.18389620648573, -22.96650624830253]]"
Rua Alberto Ribeiro,Jardim Botânico,"[[-43.21814585815825, -22.96673695836201], [-43.21846056786521, -22.967443114514843], [-43.21915071724292, -22.966713796671126], [-43.21918164125276, -22.96754832299989], [-43.219054824523795, -22.967943483977333]]"
Rua Silva Castro,Copacabana,"[[-43.18266694743766, -22.967015805492675], [-43.182418950466605, -22.96772764792065], [-43.182443281829514, -22.96818036708493], [-43.18252411371509, -22.969015822436376], [-43.18187935129272, -22.96940289550029]]"
Rua Barão de Itambi,Botafogo,"[[-43.183949963542204, -22.95214941145521], [-43.18361553886782, -22.95200083630503], [-43.1828911329205, -22.951446737733725], [-43.18281508750977, -22.95181898674028], [-43.181836185247846, -22.951138770583402]]"
Rua Honório de Barros,Flamengo,"[[-43.17646364477556, -22.938529000896686], [-43.176478506634055, -22.938045717993013], [-43.17580204579189, -22.938079356266385], [-43.17508245644227, -22.93835654870825], [-43.17542599023091, -22.938542939106345]]"
Rua Mary Pessoa,Gávea,"[[-43.23182148470477, -22.977843987832816], [-43.23247050145, -22.97694109818149], [-43.23231187251668, -22.976805643545628], [-43.23202238201953, -22.97682639462153], [-43.231917057483976, -22.977366741169934]]"
Rua Marechal Mascarenhas de Morais,Copacabana,"[[-43.18227473549896, -22.96965265873976], [-43.182717449372724, -22.970282118028994], [-43.18335177381299, -22.970844698428348], [-43.183780358677666, -22.970193276525226], [-43.18284050562698, -22.969339028961496]]"
Rua Marechal Niemeyer,Botafogo,"[[-43.18351360641991, -22.95265271053972], [-43.1843395719833, -22.952917929082325], [-43.18364933028031, -22.95280435926047], [-43.18429908400005, -22.95221250648618], [-43.18485807547318, -22.951866977257357]]"
Rua Jornalista Orlando Dantas,Botafogo,"[[-43.18672051592089, -22.953401986283556], [-43.18597917785264, -22.954400679502033], [-43.18572451998246, -22.953815489875616], [-43.18642042284761, -22.95331495834774], [-43.186717984072914, -22.953398311158566]]"
Largo Otto Lara Resende,Jardim Botânico,"[[-43.22275964528569, -22.962475562097943], [-43.22334456341328, -22.962892640270955], [-43.22252769430952, -22.963416346963623], [-43.22259509548364, -22.963480208855156], [-43.22328611107563, -22.962959057570245]]"
Rua João Afonso,Humaitá,"[[-43.1920026537805, -22.95541853585672], [-43.19220692237447, -22.954879638068554], [-43.192865505647845, -22.954224531964005], [-43.19345660890291, -22.955163604591387], [-43.19343544738799, -22.95548278147916]]"
Rua Saturnino de Brito,Jardim Botânico,"[[-43.219992346132244, -22.9649408759427], [-43.22092252302693, -22.965840389923052], [-43.22104616580043, -22.96573806999922], [-43.22172480663101, -22.965059709209257], [-43.22182672909515, -22.966009765885023]]"
Rua Conde de Bernadote,Leblon,"[[-43.224030442000256, -22.984452410278916], [-43.224468342499925, -22.9842357712789], [-43.22470883945409, -22.984888779178192], [-43.22492465230028, -22.984285887625745], [-43.22567367970668, -22.983784348327323]]"
Rua Cupertino Durão,Leblon,"[[-43.22130531067095, -22.984735641220666], [-43.221530665635, -22.983877351786244], [-43.2224923546639, -22.984745021408575], [-43.222442883388574, -22.98409130428663], [-43.22297403218855, -22.98354081618296]]"
Rua Desembargador Sady Gusmão,Flamengo,"[[-43.1753927925598, -22.933931046052553], [-43.175861799744936, -22.933064635877034], [-43.17550479980835, -22.932841708654582], [-43.17480858133832, -22.933206609254068], [-43.17403887110293, -22.932312286328266]]"
Rubro-Negra,Leblon,"[[-43.21891983807732, -22.987110303747368], [-43.21848773813083, -22.988089734755498], [-43.218242359048936, -22.987677242430387], [-43.21861860017741, -22.986697024738213], [-43.21946072137151, -22.987017081010627]]"
Terminal da PUC :: Plataforma A,Gávea,"[[-43.22799256925846, -22.976539679786935], [-43.22862110311445, -22.97566871075988], [-43.22776384199022, -22.975923692896774], [-43.22857912093399, -22.976800075975397], [-43.22838869526574, -22.977474493996986]]"
Rua Conde de Baependi,Flamengo,"[[-43.1763908922379, -22.93701971283645], [-43.17644897173303, -22.937526395604838], [-43.175946617459125, -22.937202568339565], [-43.175790835233734, -22.936694832174144], [-43.17515601953912, -22.935886112624157]]"
Rua Eduardo Guinle,Botafogo,"[[-43.18702531633682, -22.95485873222668], [-43.18720292135906, -22.95453168503885], [-43.1864337475826, -22.954726872520254], [-43.18561539705449, -22.95393574682399], [-43.185233285429014, -22.954307990670962]]"
Rua Faro,Jardim Botânico,"[[-43.22094735427482, -22.966892205255917], [-43.22028545593271, -22.967032290016355], [-43.21981560423792, -22.96779250782941], [-43.22023971355257, -22.967729598001032], [-43.22063982941302, -22.967743958831967]]"
Rua Tenreiro Aranha,Copacabana,"[[-43.185000501552665, -22.969513566825526], [-43.184195675486095, -22.969420175461384], [-43.18372967527165, -22.969732260088268], [-43.18286656544303, -22.96941493737839], [-43.18273335492522, -22.96877297534379]]"
Rua General Góis Monteiro,Botafogo,"[[-43.186339231764855, -22.95250288729248], [-43.18568612961647, -22.95348126512521], [-43.18647722058027, -22.9528793037244], [-43.18654925718394, -22.952725588962135], [-43.18558812072982, -22.953488170771116]]"
Rua General Garzon,Jardim Botânico,"[[-43.2185667999372, -22.96443091572299], [-43.21824936465975, -22.965366028830896], [-43.219042834641996, -22.965301445078993], [-43.218906886047364, -22.9659563973251], [-43.21803025459006, -22.966363682098073]]"
Rua Guimarães Natal,Copacabana,"[[-43.17988165820321, -22.9689419749663], [-43.18018662061258, -22.969079507226716], [-43.18108109009686, -22.969978808172776], [-43.18116523210799, -22.96959478566088], [-43.18093729149534, -22.97014174240881]]"
Rua Gilberto Cardoso,Leblon,"[[-43.219758686640326, -22.986644747518106], [-43.21980398584408, -22.986003355196573], [-43.220078866250965, -22.986301716977902], [-43.22042250728537, -22.985690287926566], [-43.22125313060162, -22.986272169179152]]"
Travessa Cristiano Lacorte,Copacabana,"[[-43.18437256782132, -22.965454547737583], [-43.18375575634353, -22.965692565190245], [-43.183986534191575, -22.965045317968748], [-43.18437996240988, -22.965127069922175], [-43.18514267487839, -22.964261960165338]]"
Travessa Pepe,Botafogo,"[[-43.18810404563529, -22.95171056708388], [-43.18828854942529, -22.951759374700234], [-43.187975730218284, -22.952436937076286], [-43.187851352596155, -22.95149463526155], [-43.18871445169102, -22.951065128708663]]"
Rua Oliveira Fausto,Botafogo,"[[-43.182669107050714, -22.95122322498678], [-43.18351550095409, -22.950899669521835], [-43.18341417419521, -22.951190337111864], [-43.18274688617426, -22.951383921599597], [-43.18252322413405, -22.950754579590175]]"
Galeria Luiz Thomaz,Copacabana,"[[-43.18357061389908, -22.96986475409072], [-43.18321896804887, -22.970038409056308], [-43.18407875176959, -22.969722089407714], [-43.18471519403516, -22.96993157077685], [-43.18406058973568, -22.970617945366218]]"
Rua Mário Ribeiro,Leblon,"[[-43.21942401870593, -22.987790778065403], [-43.21996125743318, -22.987676697038854], [-43.21949828471377, -22.987671842464522], [-43.22005739270528, -22.986755606446682], [-43.21918878447694, -22.985983242902424]]"
Avenida Rodrigo Otávio,Leblon,"[[-43.222280736200894, -22.985021076073394], [-43.22221814816419, -22.984516280308785], [-43.22236123235649, -22.98416140416633], [-43.22171228932128, -22.983698411238244], [-43.22104642989013, -22.98440553872504]]"
Rua Rita Ludolf,Leblon,"[[-43.2224257570877, -22.986212189761954], [-43.222923418552604, -22.985382068296918], [-43.22295537740759, -22.984693643646345], [-43.22333844084461, -22.98466545276124], [-43.22368801845205, -22.984519368360004]]"
Rua Rodrigo de Brito,Botafogo,"[[-43.182429871277655, -22.95486172573956], [-43.18263956068271, -22.95393023131992], [-43.18294794848589, -22.95347348961124], [-43.1823370883998, -22.95313130329707], [-43.1825366638481, -22.952237790807686]]"
"Rua das Laranjeiras, 336",Laranjeiras,"[[-43.19064538240742, -22.933158006177237], [-43.19032637044411, -22.932950948564233], [-43.19108559528653, -22.932574857450085], [-43.19172322872843, -22.93169779788314], [-43.19227787657018, -22.93145229107666]]"
Ponto Final: Copacabana :: Linha 455,Copacabana,"[[-43.18473864639414, -22.967996839488613], [-43.184902356817815, -22.968654966683772], [-43.18410642752412, -22.968140400727222], [-43.184320219709, -22.968972145402702], [-43.18528703474774, -22.969771654275256]]"
Rua Jornalista Orlando Dantas,Flamengo,"[[-43.17799712300144, -22.938721885317108], [-43.17732722859005, -22.93967446980982], [-43.178056309516464, -22.938725088617723], [-43.17731949046857, -22.93926213819019], [-43.17748023570296, -22.93840921059428]]"
Rua Professor Alfredo Gomes,Botafogo,"[[-43.18594262934664, -22.951456300803585], [-43.18577612456202, -22.95239899594843], [-43.18520138064572, -22.95337639087525], [-43.186120864639705, -22.953763525229842], [-43.18632549581084, -22.953586820787876]]"
Avenida Francisco Bhering,Ipanema,"[[-43.2027433668122, -22.984748564913776], [-43.20193488022939, -22.98520558090869], [-43.201835143103835, -22.985456136967677], [-43.20198290062793, -22.986354990760027], [-43.20137160301721, -22.985690263680706]]"
Vila Gauy,Botafogo,"[[-43.182717609478985, -22.94999616812672], [-43.18281749220013, -22.950805446284175], [-43.18207611528921, -22.951130537726247], [-43.1826538634041, -22.951963487896887], [-43.18355127570614, -22.951458551221712]]"
Rua Paulo VI,Flamengo,"[[-43.17703256610809, -22.937693592926067], [-43.17770983139131, -22.937633711752206], [-43.177098966732714, -22.93748971999564], [-43.17779116692333, -22.93696939813606], [-43.17825481818784, -22.93767089919658]]"
BRS 1 - Rita Ludolf,Leblon,"[[-43.224359917407, -22.984721816699], [-43.22457609628111, -22.98565247129055], [-43.2251892255952, -22.985258143906275], [-43.22566956931932, -22.984975134943763], [-43.22487818943079, -22.984202962726137]]"
Rua Professora Estelita Lins,Laranjeiras,"[[-43.189356810488924, -22.936632176167603], [-43.18870468111983, -22.936287408481018], [-43.18805598022533, -22.935941224219196], [-43.188743346283914, -22.93614723989478], [-43.18902239727363, -22.935671337999985]]"
Rua Joaquim Nabuco,Ipanema,"[[-43.201044509227074, -22.985912622191158], [-43.200067667239146, -22.986600219175298], [-43.19948003103133, -22.985645659310165], [-43.19932441693083, -22.985326813386003], [-43.19974553788759, -22.984594610295247]]"
Rua Almirante Guilhem,Leblon,"[[-43.222135081275454, -22.986332857144784], [-43.22200661764209, -22.986672287809782], [-43.22260356088607, -22.98597113875375], [-43.222225385578575, -22.985102272676244], [-43.22211300419332, -22.984455726250882]]"
Rua Visconde de Silva,Botafogo,"[[-43.188059166845484, -22.94998971745132], [-43.187075241351, -22.949209890698594], [-43.18765460423843, -22.949621755774242], [-43.188148551556594, -22.949091029046524], [-43.18894286637228, -22.94835990428018]]"
Rua Ipu,Botafogo,"[[-43.183218676653425, -22.950856966610377], [-43.182865709154385, -22.951208307855673], [-43.18265940891414, -22.951019824201055], [-43.182508690567886, -22.950654759281978], [-43.18295684517913, -22.950796634543373]]"
Tricolor,Laranjeiras,"[[-43.18940000306411, -22.934945874163073], [-43.18890584652985, -22.934695213823165], [-43.18978595992812, -22.93525778604535], [-43.18957396599358, -22.935995838559364], [-43.19048397235111, -22.935296945746913]]"
Rua Engenheiro Fernando Nascimento da Silva,Laranjeiras,"[[-43.18522684270093, -22.936228829780482], [-43.18529616883305, -22.93656488677101], [-43.186132971393036, -22.937537521941486], [-43.187077266911395, -22.938020338759216], [-43.18722447019779, -22.937757588107118]]"
Rua Eugênio Hussek,Laranjeiras,"[[-43.18681705315089, -22.93732440782338], [-43.187716219603686, -22.936393802376116], [-43.18756245720106, -22.935613033734406], [-43.187561900130646, -22.935485194600894], [-43.18838214642717, -22.936346406429085]]"
Travessa Euricles Mattos,Laranjeiras,"[[-43.18836045677585, -22.933596391600535], [-43.187931019108845, -22.93430982868313], [-43.18788007849413, -22.934723121840246], [-43.187079550271726, -22.934327456269237], [-43.18672682813598, -22.933743073879633]]"
Rua Hans Staden,Botafogo,"[[-43.18829332743482, -22.95312505541502], [-43.188857544675564, -22.953581146296223], [-43.18859012147603, -22.953257477125995], [-43.18955763458961, -22.953070554360586], [-43.18991057376464, -22.952612998251684]]"
Rua Conde de Irajá,Humaitá,"[[-43.197192542397374, -22.956943614447432], [-43.19652950573115, -22.957754776652113], [-43.19622992963762, -22.95691798156795], [-43.19642587520384, -22.95771111333823], [-43.19586623343582, -22.95725323493802]]"
Rua São Leobaldo,São Conrado,"[[-43.18306042294409, -22.969827177724717], [-43.18403462800451, -22.970318215061482], [-43.18333232653366, -22.97023761624796], [-43.18320083663243, -22.969322352955416], [-43.184030723861454, -22.969293430299935]]"
Rua Embaixador Gabriel Landa,São Conrado,"[[-43.18286764191274, -22.970457188314697], [-43.183677711362286, -22.970976590067796], [-43.18448442169371, -22.97134675317862], [-43.183509749376555, -22.97199295927697], [-43.18344600584354, -22.97210475216316]]"
Rua São Manuel,Botafogo,"[[-43.183425157073735, -22.95140371330393], [-43.18381366915884, -22.951749831255256], [-43.183468654633494, -22.951944423813266], [-43.183838175764194, -22.951580040434756], [-43.183573383251264, -22.952313620586484]]"
Túnel Velho,Botafogo,"[[-43.18409633102163, -22.95073946723166], [-43.183350612178494, -22.950232523010342], [-43.18289011379944, -22.950232605026414], [-43.18351683391984, -22.949994259555684], [-43.18394775114849, -22.950942880265945]]"
Túnel Velho,Copacabana,"[[-43.18452252569976, -22.965400244016983], [-43.183595565804815, -22.966149144437185], [-43.1836385836646, -22.96693305531843], [-43.18355583482279, -22.966761927860844], [-43.18444178099478, -22.967589863546777]]"
Rua Conde Afonso Celso,Jardim Botânico,"[[-43.221597555247776, -22.964733930674193], [-43.220957420243664, -22.9644583823905], [-43.220961160356566, -22.965375224470808], [-43.22145653650243, -22.964996603646604], [-43.221229260696454, -22.965381061836016]]"
Rua Cesário Alvim,Humaitá,"[[-43.19361866969346, -22.955501218685402], [-43.19333673863726, -22.955771573744986], [-43.19395686636434, -22.955839210562733], [-43.19384393708964, -22.95543573401498], [-43.19302125870948, -22.955718490851073]]"
Rua Professor Manoel Ferreira,Gávea,"[[-43.228400836102665, -22.978258711613336], [-43.22873813166519, -22.97785449670511], [-43.2289462572128, -22.977503170900697], [-43.22903788988732, -22.976990663317853], [-43.22816843005635, -22.97716610386219]]"
Rua Álvaro Chaves,Laranjeiras,"[[-43.1849840691263, -22.93559274132044], [-43.185859995599046, -22.935837062892986], [-43.18584813229041, -22.936158452358367], [-43.1855319278543, -22.9368346063451], [-43.185628448902335, -22.93583910756708]]"
Rua Pereira da Silva,Laranjeiras,"[[-43.185500358391444, -22.938409122929627], [-43.185725809568595, -22.938579471618585], [-43.18584174272673, -22.938260091072724], [-43.18671885014647, -22.937963624135108], [-43.18583784224071, -22.937336177447662]]"
Rua Paul Redfern,Ipanema,"[[-43.20413550286312, -22.98549140611378], [-43.20397202956828, -22.985287792645888], [-43.204295860749546, -22.98548486908771], [-43.204512375848424, -22.98623122104261], [-43.20404364449544, -22.9869058994124]]"
Cardeal Arcoverde,Copacabana,"[[-43.18212862160368, -22.9671858031731], [-43.18197465837885, -22.966441977050536], [-43.181368634615794, -22.96675101534309], [-43.18221007404653, -22.966670457556713], [-43.18139403695569, -22.966538756436087]]"
BRS 2: Joana Angélica,Ipanema,"[[-43.20609132686839, -22.98553918325789], [-43.20589996722006, -22.985673640289207], [-43.20502083004201, -22.986512409478866], [-43.204847582205446, -22.986002142243976], [-43.20568720869182, -22.985345264902097]]"
Estrada do Joá,São Conrado,"[[-43.18049918263971, -22.96912808256329], [-43.17961742230059, -22.969573944063864], [-43.178867155063344, -22.970325252381002], [-43.1795128480169, -22.969383371881793], [-43.180432276979346, -22.968939239753386]]"
Galeria Menescal,Copacabana,"[[-43.18008437651051, -22.967016128644545], [-43.18012182060807, -22.966671627269957], [-43.17922075496616, -22.966052277197424], [-43.178255712421645, -22.96700814490006], [-43.177626938863106, -22.967835880621934]]"
BRS 2 Belford Roxo,Copacabana,"[[-43.18183626052331, -22.96786086616172], [-43.18272712970675, -22.96809896247167], [-43.181922323154524, -22.967900040192355], [-43.18248965759926, -22.96813360946046], [-43.18339293217716, -22.96824845476859]]"
BRS 1 Xavier da Silveira,Copacabana,"[[-43.18358138266637, -22.966971997219424], [-43.18347200861679, -22.966372430490534], [-43.18320909103162, -22.965720565873433], [-43.18301196504518, -22.965151754927007], [-43.18209607332533, -22.965323472790576]]"
BRS 3 Bolivar,Copacabana,"[[-43.181946095263434, -22.96917707416351], [-43.18257641846754, -22.969033858864545], [-43.18236769982811, -22.96991468466984], [-43.18232089708627, -22.96938730013114], [-43.18198785313289, -22.9699337548805]]"
Praça dos Bondes,Urca,"[[-43.16489324569364, -22.957019799449608], [-43.16511983157955, -22.957615211551293], [-43.16532424469769, -22.95851291114005], [-43.16535765612776, -22.95848949624582], [-43.16467936291162, -22.958723928045014]]"
Rua Artur Araripe,Gávea,"[[-43.23257306592673, -22.97822775149826], [-43.23244102907695, -22.978080019798906], [-43.23232528172563, -22.97732395277322], [-43.23322789202883, -22.97640437073241], [-43.23413976030569, -22.977208355362848]]"
Rua Jerônimo Monteiro,Leblon,"[[-43.224426489052306, -22.984926566911437], [-43.223742158299004, -22.984034625131745], [-43.22458778323855, -22.98444140016743], [-43.22533389441104, -22.98510162602099], [-43.225296771033705, -22.985855058462395]]"
Rua Carvalho de Mendonça,Copacabana,"[[-43.181594114506446, -22.964562967999694], [-43.182309001396376, -22.9636650066656], [-43.18219953778981, -22.963900727715934], [-43.18319116290256, -22.964747211592158], [-43.182907523868955, -22.964406342924566]]"
Rua Professor Azevedo Marques,Leblon,"[[-43.22455596973093, -22.986307341996447], [-43.22520180522014, -22.986636598784013], [-43.22428836435236, -22.987439750405812], [-43.22383105178389, -22.98724103095573], [-43.2240447575249, -22.987610303469197]]"
Ponto Regulador: Metrô Siqueira Campos,Copacabana,"[[-43.180914915728216, -22.969425810175352], [-43.180821057976246, -22.969070718564986], [-43.17997618940893, -22.96912053881925], [-43.180414987782456, -22.969975068923695], [-43.17985013615803, -22.970275193216555]]"
Rua do Pinheiro,Flamengo,"[[-43.17441626343741, -22.934454155995176], [-43.17461759827701, -22.93500484119989], [-43.17366115693996, -22.935185495461305], [-43.173062840997744, -22.935823711658546], [-43.17260110030619, -22.9361553262302]]"
Praça Eugênio Jardim,Copacabana,"[[-43.180875006610094, -22.965504329360044], [-43.1817557719594, -22.964771482992965], [-43.18247579720596, -22.964387381886887], [-43.18237862037585, -22.96455574475085], [-43.18233939702424, -22.96475026578136]]"
Passagem Paulo Roberto Lopes Lima,Botafogo,"[[-43.18592399420169, -22.95084726372798], [-43.186606520674935, -22.951581244130164], [-43.185847317681514, -22.950682697917674], [-43.184864252129856, -22.949868613996845], [-43.18515337345513, -22.950451983216826]]"
Rua Anita Garibaldi,Copacabana,"[[-43.18355313250398, -22.96798966279973], [-43.1834019456467, -22.967802101535845], [-43.18345846597166, -22.968479185867718], [-43.1833178920942, -22.968372242315297], [-43.182833349309696, -22.968952027929472]]"
Rua João Lira,Leblon,"[[-43.22131664247367, -22.984118724108786], [-43.22092673623498, -22.984596399243763], [-43.22033424901607, -22.98446161735545], [-43.220114033171996, -22.98399156698307], [-43.22084766892066, -22.98401521163245]]"
Rua Vitório da Costa,Humaitá,"[[-43.19491775286871, -22.95540420427796], [-43.19590482415313, -22.955827835226042], [-43.19633357217601, -22.95583535678224], [-43.19728567964547, -22.95536614018082], [-43.19640273117046, -22.95519648455821]]"
Rua Almirante Pereira Guimarães,Leblon,"[[-43.22094590852643, -22.9882514680491], [-43.22113117747801, -22.988150404687907], [-43.220338028161066, -22.98810765064496], [-43.22129289913766, -22.988715062040338], [-43.221138664972884, -22.98799173227094]]"
Viaduto Engenheiro Noronha,Laranjeiras,"[[-43.18822195981987, -22.93423903346024], [-43.18739587688609, -22.933739313597663], [-43.18803430658497, -22.93359506767022], [-43.18863701743117, -22.93405747244016], [-43.189024186532464, -22.934563758384968]]"
Rua Assis Brasil,Copacabana,"[[-43.18200747532107, -22.96794100151655], [-43.182831898846956, -22.968777851665326], [-43.182795743850875, -22.96943419274461], [-43.18322917504389, -22.970006203387214], [-43.18260544279587, -22.970205577714868]]"
Rua Alberto de Campos,Ipanema,"[[-43.20220806531786, -22.982386740813755], [-43.20316778961996, -22.981521234935634], [-43.20239544703185, -22.982213667524608], [-43.20226626575398, -22.982296630400235], [-43.201908132544986, -22.98197057599279]]"
Rua Barao de Oliveira Castro,Jardim Botânico,"[[-43.22127667274477, -22.963679055234415], [-43.22217823091569, -22.962919550429827], [-43.22138345948076, -22.963457388724077], [-43.22194215736152, -22.963945005695198], [-43.221223933846225, -22.964668755108917]]"
Rua Capistrano de Abreu,Botafogo,"[[-43.18375175747393, -22.953465601695548], [-43.18412656142411, -22.952945590605623], [-43.184707180869246, -22.953124225339604], [-43.184415975715126, -22.952171103292958], [-43.18480920462787, -22.951302015531528]]"
Rua Doutor Xavier Sigaud,Botafogo,"[[-43.1825061661484, -22.950750066088798], [-43.18324473150122, -22.950962955416585], [-43.18278611190026, -22.9506195376981], [-43.183372476113995, -22.950469416551183], [-43.183748096640855, -22.950460504667845]]"
Rua Doutor Sampaio Corrêa,Botafogo,"[[-43.18690665185459, -22.950428711543854], [-43.18736832871261, -22.95061806082256], [-43.18680155427262, -22.951220797594836], [-43.18706108990125, -22.95040229220596], [-43.18626709932252, -22.949899734357214]]"
Aléia Pedro Gordilho,Jardim Botânico,"[[-43.22073994135742, -22.96226224871092], [-43.22161507870287, -22.962583767388573], [-43.22239705147159, -22.962611420080364], [-43.222763166228056, -22.96311434043851], [-43.222012188927266, -22.962496687791525]]"
Rua Coelho Neto,Laranjeiras,"[[-43.186212094297694, -22.93395661437578], [-43.18583144860389, -22.93466322414775], [-43.185466367646356, -22.93377317601859], [-43.1854652090115, -22.934109942320376], [-43.18544406819404, -22.933818492233673]]"
Rua Diniz Cordeiro,Botafogo,"[[-43.18313149172342, -22.950085623816676], [-43.18222671821862, -22.950811023751246], [-43.18190209074116, -22.95115337851555], [-43.18127819827188, -22.950649728223635], [-43.18165235917583, -22.94975822881918]]"
Rua General Olympio Mourão Filho,São Conrado,"[[-43.18074813362292, -22.969869754561877], [-43.18124350415065, -22.969514308079475], [-43.18190578722391, -22.968768221785446], [-43.18147085724269, -22.969660952202403], [-43.18077266120277, -22.969710000771936]]"
Rua General Barbosa Lima,Copacabana,"[[-43.18240654221016, -22.96548134684518], [-43.18196577421298, -22.9661029552604], [-43.1817571482485, -22.96608072798342], [-43.18109973028086, -22.966158931307007], [-43.18068095263722, -22.96549980587564]]"
Rua Doutor Xavier Sigaud,Urca,"[[-43.161817855003974, -22.953973922116802], [-43.16105929589166, -22.954247956435996], [-43.1618341149586, -22.953797213235525], [-43.16106135423468, -22.95398165716671], [-43.160138520995396, -22.954887263763315]]"
Aléia João Gomes,Jardim Botânico,"[[-43.22150724926756, -22.96637664446107], [-43.22191070435909, -22.965492528022093], [-43.22212446076268, -22.964941517428656], [-43.22310303016729, -22.965663009287088], [-43.22215147253019, -22.965574494613058]]"
Vila Maria da Glória,Botafogo,"[[-43.18517673697617, -22.952835450292902], [-43.184416907722714, -22.952954120526055], [-43.18440139204634, -22.952943078942607], [-43.18343591296452, -22.953666335753166], [-43.1842891848296, -22.954166389971427]]"
Travessa Jaú,Copacabana,"[[-43.18316684659671, -22.968009126076044], [-43.18377542131651, -22.967438998233952], [-43.183477927088724, -22.966798491596062], [-43.18356186985556, -22.966960552048505], [-43.18305764119017, -22.967447257634134]]"
Avenida Bartolomeu Mitre,Gávea,"[[-43.22702559328769, -22.975023699305435], [-43.22618421048613, -22.975153174746122], [-43.22707474507228, -22.975463141066275], [-43.22723735478562, -22.976054656853538], [-43.228236900709184, -22.97661538699635]]"
Avenida Borges de Medeiros,Leblon,"[[-43.22369311242612, -22.98434624661108], [-43.224557902927174, -22.98510551945866], [-43.2237002870058, -22.984657461081113], [-43.224462005661806, -22.984796389439285], [-43.224764341846885, -22.98477160379782]]"
Autoestrada Engenheiro Fernando Mac Dowell,São Conrado,"[[-43.18453637840676, -22.969787691320427], [-43.18354771780139, -22.970716510858814], [-43.18444005675157, -22.971251054160984], [-43.185362141058874, -22.97187130350279], [-43.18475733748997, -22.972087681713557]]"
Rua Marechal Ramon Castilla,Botafogo,"[[-43.18524663557958, -22.950846479358592], [-43.18451456422949, -22.95012358798655], [-43.18395847161652, -22.95110376659557], [-43.18298079053391, -22.951182299395086], [-43.18200699864313, -22.951215835243335]]"
Ponto Final: General Osório :: Rua Prudente de Morais,Ipanema,"[[-43.20104718616313, -22.983169630124276], [-43.20185245237555, -22.98245456890877], [-43.20216129320381, -22.98204182491515], [-43.20235433126575, -22.98302786039139], [-43.201716592724715, -22.983558351547938]]"
Ponto Final: Largo do Machado :: Linha 497,Catete,"[[-43.179453085099844, -22.92849641236699], [-43.179985950377706, -22.929014081938373], [-43.18061170183689, -22.929877708698843], [-43.18102897969121, -22.92976660955907], [-43.18127524593052, -22.92993181999441]]"
Rua Leblon,Leblon,"[[-43.222719064298104, -22.985842258170067], [-43.22181225853934, -22.98662865676206], [-43.2222169579842, -22.98750820287226], [-43.22257615541192, -22.98791207046992], [-43.22200983255007, -22.988583496783377]]"
Rua Joseph Bloch,Copacabana,"[[-43.18527678617444, -22.969756923839768], [-43.185896528641806, -22.968938064832397], [-43.185807266899594, -22.968295564523277], [-43.18489637051672, -22.96913985148406], [-43.184177079826014, -22.969645929150076]]"
Rua General Rabelo,Gávea,"[[-43.22992931726058, -22.978520627122567], [-43.22905972622559, -22.977981741963724], [-43.2284204764865, -22.977163337691312], [-43.229022037114824, -22.97638695499199], [-43.22944410006498, -22.97681858640057]]"
Rua Caminhoá,Jardim Botânico,"[[-43.2220407214198, -22.964732668052072], [-43.22270558834119, -22.9643501747245], [-43.22269889807998, -22.964729557760293], [-43.222219959613504, -22.964136676637246], [-43.22290841309234, -22.963845607924423]]"
Rua Joaquim Caetano,Urca,"[[-43.163518900818254, -22.955735820939218], [-43.16397092461931, -22.956656198060326], [-43.163063659403655, -22.955744899125794], [-43.16397745918576, -22.956040245017288], [-43.16419302359889, -22.956682055138632]]"
Rua Sá Ferreira,Copacabana,"[[-43.18504790476375, -22.965918904937993], [-43.18528467176553, -22.96495638978321], [-43.18559948959991, -22.964405920705413], [-43.18621545743043, -22.964150582951095], [-43.18533932915129, -22.964858540912502]]"
Rua Capistrano de Abreu,Humaitá,"[[-43.193150390732704, -22.955247399299], [-43.19348081264892, -22.956109325425178], [-43.19320952200501, -22.956481919175662], [-43.19391250844173, -22.95677000362872], [-43.193283740600386, -22.95657706947789]]"
Rua Barão de Guaratiba,Catete,"[[-43.179875100168985, -22.927319870816124], [-43.179589510027974, -22.927720075630134], [-43.17919735030484, -22.927518184661057], [-43.17854935500108, -22.927793180691996], [-43.17861127350604, -22.928385005369684]]"
Rua Capelão Álvares da Silva,Copacabana,"[[-43.18039789619387, -22.969840821317558], [-43.180030155944046, -22.97015496199204], [-43.17965006216723, -22.971104264783513], [-43.18053858046005, -22.97147206216042], [-43.1810569728279, -22.97125243663732]]"
Rua Camuirano,Botafogo,"[[-43.18651213658702, -22.954017020493428], [-43.185690484057645, -22.954837501492307], [-43.185722763619914, -22.95582540740594], [-43.18610740544096, -22.956578912489675], [-43.18678401633441, -22.95572679337004]]"
Praça Professor José Acioli,Ipanema,"[[-43.203719936410614, -22.981950603349198], [-43.20361194989961, -22.981181645894004], [-43.204221033898875, -22.981112527455693], [-43.20338805559665, -22.981780068731588], [-43.20364389108672, -22.982124392333887]]"
Rua Juquiá,Leblon,"[[-43.22027243338601, -22.983087625320167], [-43.219510643064915, -22.98289276683502], [-43.219996517680535, -22.98379355501832], [-43.220542560601594, -22.98386348234988], [-43.219704144539485, -22.983375671975274]]"
Orla Leme,Copacabana,"[[-43.183030885403035, -22.964730695607177], [-43.183327585658354, -22.964752598806278], [-43.18318967469179, -22.963933501860254], [-43.18256606125509, -22.96340915268589], [-43.182698672592444, -22.963725454602056]]"
Praça Tenente Gil Guilherme,Urca,"[[-43.16035404606455, -22.953236389199287], [-43.159870791489645, -22.95298996845315], [-43.159180712191855, -22.952379773829065], [-43.160078185273505, -22.95258966715335], [-43.159730672813936, -22.952785914610878]]"
Rua Barão de Jaguaripe,Ipanema,"[[-43.20319153515338, -22.984258105423187], [-43.20269279628009, -22.984885265813478], [-43.203284667503, -22.98479387387585], [-43.202787450085836, -22.985210051528856], [-43.20335538720505, -22.985244849057533]]"
Rua Barão de Lucena,Botafogo,"[[-43.18573736972784, -22.94915719100476], [-43.184941459295466, -22.949206990323376], [-43.184526901471656, -22.949156891642886], [-43.18463344853425, -22.949652545887893], [-43.185221488462496, -22.950405646156273]]"
Rua Abreu Fialho,Jardim Botânico,"[[-43.22154587782918, -22.962136297060937], [-43.22086767843158, -22.96180967564193], [-43.221561389431415, -22.961708354723456], [-43.221360886611215, -22.961252121848784], [-43.220821393365505, -22.960789620670088]]"
Rua Assis Bueno,Botafogo,"[[-43.18440921265859, -22.952850153323855], [-43.18361441802195, -22.953713271905368], [-43.183958732346184, -22.95447450988269], [-43.183764107589525, -22.95384301912144], [-43.18381723627078, -22.954055748080883]]"
Rua das Acácias,Gávea,"[[-43.232471193414135, -22.973382101891126], [-43.231776098148025, -22.972828505016707], [-43.23191540508328, -22.973464869711034], [-43.23150219682529, -22.974133870161708], [-43.231231550131874, -22.974063174625584]]"
Rua Ministro Raul Fernandes,Botafogo,"[[-43.18636759478883, -22.954651016046938], [-43.185651724960834, -22.95453152672427], [-43.18578093231403, -22.954197671829352], [-43.18534244191288, -22.953291431600565], [-43.18528726596634, -22.95243110119484]]"
Rua Maria Eugênia,Humaitá,"[[-43.197272182011965, -22.954643490891097], [-43.1972072401962, -22.955037940634554], [-43.19700607380223, -22.954909107458995], [-43.197246598992585, -22.955576596798295], [-43.19630696126332, -22.95534220834406]]"
BRS 2 Bolívar,Copacabana,"[[-43.18214969818664, -22.965926727650118], [-43.18181632688286, -22.966542680911846], [-43.181611388541945, -22.966295921779928], [-43.18155407533397, -22.96631635004395], [-43.181515449948684, -22.966647464989713]]"
Estrada da Gávea,Gávea,"[[-43.23249020226066, -22.97748533827181], [-43.232173587381645, -22.977612846219095], [-43.232620079117744, -22.97773741256923], [-43.23292607444692, -22.977621070201447], [-43.232080784167714, -22.976755334821195]]"
Belfort Roxo,Copacabana,"[[-43.185479722339096, -22.96607720551626], [-43.18580707555056, -22.96612766750417], [-43.18678306949601, -22.965286595733968], [-43.186301742333875, -22.96518096598253], [-43.18713093627355, -22.96521093000748]]"
"BRS 2,3 - Cupertino Durão",Leblon,"[[-43.223280341303756, -22.985114882534088], [-43.22342204231984, -22.985147886363873], [-43.224209721612745, -22.985998094679868], [-43.22473008170833, -22.98532314964063], [-43.22472025880583, -22.985933233097633]]"
BRS 2 República do Peru,Copacabana,"[[-43.18498473734295, -22.967039152482172], [-43.18587924943863, -22.967966230380522], [-43.186643304471374, -22.967297902164105], [-43.18676750469709, -22.96820759943528], [-43.18724268794411, -22.967519612491397]]"
Rua Natal,Botafogo,"[[-43.18483432151618, -22.95220552891519], [-43.18516946813183, -22.952063714807686], [-43.18595622089396, -22.952432648446358], [-43.18675723155621, -22.952699051805066], [-43.185824682960714, -22.95216585991564]]"
Rua Marquês de Sabará,Jardim Botânico,"[[-43.218794805816536, -22.964395247103962], [-43.21853326497619, -22.9648248354986], [-43.21856923029663, -22.96491353639972], [-43.219005393585434, -22.96439798327897], [-43.21815611000318, -22.96476190405558]]"
Mureta da Urca,Urca,"[[-43.16233782195309, -22.95252319519755], [-43.16283833359463, -22.952430381049126], [-43.162134236763016, -22.952743830070997], [-43.162104752375505, -22.95262539380746], [-43.16307269606259, -22.95342623438038]]"
Ladeira dos Tabajaras,Botafogo,"[[-43.18782170956087, -22.951280721627402], [-43.18695657614346, -22.950914493055954], [-43.18770434549871, -22.950763162549958], [-43.1871716510725, -22.95059971949501], [-43.18641197557661, -22.950786886421863]]"
Rua Mário Ribeiro,Gávea,"[[-43.23221227216797, -22.974858968132516], [-43.23280868227147, -22.975239584710305], [-43.232287882136895, -22.974421931714872], [-43.23268594949763, -22.974069134977054], [-43.23217304732165, -22.974701045432955]]"
Rua Osório de Almeida,Urca,"[[-43.165757996887166, -22.954300268131007], [-43.16582088289798, -22.95464792762275], [-43.1648515739428, -22.95535201095453], [-43.16559086768271, -22.95593381622535], [-43.16505274541639, -22.956526746477575]]"
Rua Saint Roman,Copacabana,"[[-43.18549341214856, -22.970373945058082], [-43.18486010166216, -22.97048229395843], [-43.18568668852697, -22.969711816201013], [-43.18486022915441, -22.96963508999681], [-43.18420109749155, -22.969859144488016]]"
Calçada Compartilhada Rua Pinheiro Machado,Laranjeiras,"[[-43.18515199364328, -22.93459146009481], [-43.18542518577928, -22.934238225627706], [-43.18587405222666, -22.933361863282656], [-43.18547243539066, -22.93369751823853], [-43.18461362842296, -22.93316688563948]]"
BRS 1 Sá Ferreira,Copacabana,"[[-43.18531723266248, -22.96606872367962], [-43.18575170174836, -22.9662942773972], [-43.18478580798925, -22.96668529654849], [-43.184350455673666, -22.96639974172153], [-43.18459605210875, -22.965446506446902]]"
Rua Otaviano Hudson,Copacabana,"[[-43.18461605475213, -22.96528279796911], [-43.1851785113353, -22.96438742561498], [-43.184666126867086, -22.96473498460102], [-43.184449704113554, -22.96494747431789], [-43.18396496423937, -22.96505832731575]]"
BRS 2: Rainha Elizabeth,Copacabana,"[[-43.18285414801078, -22.968700423615164], [-43.18314455343147, -22.96936438351078], [-43.18402976974409, -22.969564417474192], [-43.18326108288815, -22.969397802977824], [-43.18306546686135, -22.97009431715192]]"
Rua Otávio Correia,Urca,"[[-43.16353561073905, -22.95379341447581], [-43.16452090464995, -22.953784139899856], [-43.16419821929206, -22.953400699671587], [-43.16446171907727, -22.954323897916932], [-43.164620245952136, -22.95336583423535]]"
Beco das Garrafas,Copacabana,"[[-43.182207579213255, -22.966196428744805], [-43.18147884668034, -22.96560081938212], [-43.18152862995048, -22.965687043238646], [-43.180595217670444, -22.96591494136734], [-43.18142877153803, -22.96552060885876]]"
Avenida Rui Barbosa,Flamengo,"[[-43.17610169646902, -22.939287476561464], [-43.175346197659294, -22.939453148003512], [-43.17469326844031, -22.940045158796295], [-43.17558404783388, -22.939929781413923], [-43.175558817345674, -22.938986090811273]]"
Avenida Repórter Nestor Moreira,Botafogo,"[[-43.18647058125369, -22.949752853298893], [-43.18721243875982, -22.95036750050592], [-43.186652342585745, -22.95077178170914], [-43.18719737937836, -22.95082852897875], [-43.18753192042534, -22.95149615897953]]"
Rua Paulo VI,Botafogo,"[[-43.1853886172654, -22.948971255544272], [-43.18460633708182, -22.94961292770769], [-43.18418699439481, -22.94969221696142], [-43.18508664369417, -22.948724793795], [-43.184645730211244, -22.949531404675426]]"
Avenida Niemeyer,São Conrado,"[[-43.18506891972808, -22.973863828721083], [-43.18580005287334, -22.973314857514843], [-43.185588259242984, -22.973379416282903], [-43.18653404593831, -22.973522712681763], [-43.187513019489224, -22.972955709676587]]"
Avenida Lauro Sodré,Botafogo,"[[-43.18508674516141, -22.952302960473656], [-43.18530832792417, -22.95234899368842], [-43.18452046090283, -22.95157414461768], [-43.184290321394805, -22.9519025118884], [-43.183366204396926, -22.951048696764108]]"
Avenida Infante Dom Henrique,Flamengo,"[[-43.17364676876086, -22.938027834104428], [-43.173487109608764, -22.938742205495483], [-43.17392909302807, -22.939177104960446], [-43.17293150715644, -22.939367167785694], [-43.17277442352003, -22.940257235172012]]"
Avenida Infante Dom Henrique,Botafogo,"[[-43.18523723921192, -22.952262622349362], [-43.18560432495018, -22.952745037532633], [-43.18599788538249, -22.95357110349212], [-43.18510847061915, -22.952637986613357], [-43.18496676274659, -22.952968230033083]]"
Rua Piragibe Frota Aguiar,Copacabana,"[[-43.180009782683264, -22.965635898577975], [-43.1806868873112, -22.966453247109307], [-43.180611807023915, -22.965531754503765], [-43.181096543026385, -22.96650336123482], [-43.180710725204335, -22.966603473886284]]"
Rua Piragibe Frota Aguiar,Ipanema,"[[-43.20377067938879, -22.984674932803696], [-43.2039593888699, -22.984608285707978], [-43.203004475743526, -22.98526996192029], [-43.20300780968694, -22.984563327546958], [-43.203553287579815, -22.98435683670159]]"
Rua Professor Arthur Ramos,Leblon,"[[-43.21875828897649, -22.985708997829683], [-43.2190163415513, -22.985486314517185], [-43.21967541652814, -22.984942010461953], [-43.219981498627384, -22.98517297883454], [-43.219417938975525, -22.985309364644326]]"
Aléia Cândido Baptista,Jardim Botânico,"[[-43.220947583392054, -22.96454106658116], [-43.22147100405095, -22.963921109093793], [-43.22146199820284, -22.964472343134194], [-43.22244382413294, -22.96495064464227], [-43.22242163648999, -22.964654049587672]]"
Aléia Arruda Câmara,Jardim Botânico,"[[-43.21781941053326, -22.96457280489622], [-43.217680997607, -22.96529390442381], [-43.21751478609244, -22.96455794517035], [-43.21777069895681, -22.964121916814094], [-43.21785489836656, -22.96493701778002]]"
Aléia Warming,Jardim Botânico,"[[-43.217199594634785, -22.966536028185885], [-43.21770433134864, -22.965619751946278], [-43.216913219866896, -22.965923648035325], [-43.217026341661224, -22.964990403593532], [-43.21697415363472, -22.96534840950225]]"
Autoestrada Lagoa-Barra,Leblon,"[[-43.22439005585731, -22.984381160952285], [-43.22461748044702, -22.985282571966756], [-43.22498621401629, -22.985575625582634], [-43.22534474685167, -22.985593586057295], [-43.22572580775349, -22.986209070220358]]"
Avenida Beira-Mar,Flamengo,"[[-43.1759407300603, -22.937031723338848], [-43.176457527507424, -22.93606504180202], [-43.17602555812034, -22.935702477580957], [-43.17684840144106, -22.93548782874737], [-43.17772021201899, -22.935134084195713]]"
Avenida Carlos Peixoto,Botafogo,"[[-43.18325026795474, -22.95363418065628], [-43.182562642227424, -22.954573473045215], [-43.183127466347564, -22.95465281494393], [-43.1822208520124, -22.955385258653944], [-43.18282266517253, -22.956239927478784]]"
Travessa do Procópio,Urca,"[[-43.16524613904552, -22.954731193488342], [-43.16576863550335, -22.955151737520865], [-43.16594634683039, -22.955724651811884], [-43.166511440965955, -22.9553165889067], [-43.16672960611227, -22.955583231147294]]"
Túnel Novo,Botafogo,"[[-43.18685004647508, -22.950099174503485], [-43.18721623819964, -22.950963099875302], [-43.18720438659935, -22.951429510776435], [-43.18648774072159, -22.9508740549563], [-43.186768389599145, -22.95018432678548]]"
Túnel Novo,Copacabana,"[[-43.18149060840638, -22.97013456674059], [-43.18167224323146, -22.97111491163545], [-43.18128548815442, -22.971456153096845], [-43.18167729888248, -22.970923662151325], [-43.182089465361464, -22.970300408122434]]"
UNIRIO,Urca,"[[-43.16007578916612, -22.95384247862465], [-43.159751153339045, -22.95439215657622], [-43.158920956430066, -22.954172792759667], [-43.158417360102895, -22.95486006847638], [-43.15886802836332, -22.95472353124384]]"
Viaduto San Tiago Dantas,Botafogo,"[[-43.18296599633511, -22.95142411958327], [-43.18270255149846, -22.951285509614443], [-43.183600220485566, -22.951248013920214], [-43.1836162170267, -22.951782296806464], [-43.18425268983118, -22.952161826238974]]"
Rua Pires de Almeida,Laranjeiras,"[[-43.18801608749536, -22.937551354140957], [-43.187160596029216, -22.938284785624795], [-43.186745354857734, -22.937549381428955], [-43.186193600348794, -22.938336953773778], [-43.185658071113366, -22.93772103911756]]"
Rua Presidente Carlos de Campos,Laranjeiras,"[[-43.18733587959269, -22.934094051225504], [-43.18741915263384, -22.93380123647505], [-43.18835039891713, -22.93374382183528], [-43.18918750449135, -22.933465895791333], [-43.189602194296015, -22.93359586660265]]"
Rua Princesa Diana de Gales,São Conrado,"[[-43.18042993077843, -22.96995013958816], [-43.181221304603724, -22.970623430688676], [-43.18046704947993, -22.9713323997231], [-43.18053252748791, -22.971276021199586], [-43.1802334154744, -22.97206259756138]]"
Rua Principado de Mônaco,Botafogo,"[[-43.18784832770009, -22.951143671746113], [-43.18874970972587, -22.95191887769176], [-43.18947838679155, -22.952403919258774], [-43.189708270680114, -22.95288382317827], [-43.189487518560554, -22.951997857610127]]"
Rua Quintino Cunha,Gávea,"[[-43.22858447756175, -22.97792498121684], [-43.228306261867765, -22.978374783453724], [-43.227310917341235, -22.978692859506438], [-43.22775265639969, -22.979165756547445], [-43.22870336759041, -22.97830441203632]]"
Rua Paulo VI,Laranjeiras,"[[-43.18495336413617, -22.93408172853554], [-43.18582281062104, -22.933130524697226], [-43.185530190753724, -22.93248684605172], [-43.1862734909005, -22.932192161782975], [-43.185308525739295, -22.931891787450084]]"
Rua Rumânia,Laranjeiras,"[[-43.18862623906, -22.938860312160283], [-43.18822324085707, -22.93820753153708], [-43.189113037786754, -22.938288844225895], [-43.18917498790732, -22.93843505477025], [-43.18889281570016, -22.93757794370446]]"
Rua Moura Brasil,Laranjeiras,"[[-43.184964590586105, -22.938703668153067], [-43.185008855876276, -22.938983548349206], [-43.18464383241604, -22.939272980400734], [-43.18421318779499, -22.938948516084075], [-43.18458185083266, -22.93941222962485]]"
Rua Mundo Novo,Botafogo,"[[-43.184713905986854, -22.954661217235984], [-43.18393224169027, -22.95392182546628], [-43.18401363431384, -22.95402374994554], [-43.18367210426295, -22.954869811579524], [-43.18418279415374, -22.95422729273878]]"
Rua Mário de Andrade,Humaitá,"[[-43.196540920118416, -22.953737277194026], [-43.19715593381714, -22.953636135924942], [-43.196333692814356, -22.954432378396664], [-43.19581362301075, -22.9537913633882], [-43.19512616542533, -22.95469383075057]]"
Rua Nina Rodrigues,Jardim Botânico,"[[-43.22245188054366, -22.96472114183385], [-43.222287010389884, -22.964207848735143], [-43.222910545990345, -22.964834668541396], [-43.22379654121524, -22.96546617123825], [-43.22311584486007, -22.96529057433951]]"
Rua Odílio Bacelar,Urca,"[[-43.16108302588768, -22.954563378339877], [-43.16138379709006, -22.95490990055874], [-43.16183537131181, -22.954717207563746], [-43.16136491427561, -22.955663990831592], [-43.1612034022775, -22.95541269100571]]"
Rua Marquesa de Santos,Laranjeiras,"[[-43.18868511371834, -22.93786470807093], [-43.18942539969151, -22.938612487787573], [-43.188708199477546, -22.93826009629486], [-43.18845150524245, -22.93733463112714], [-43.18924020455155, -22.93796642848042]]"
Rua Martins Ribeiro,Flamengo,"[[-43.174711227467476, -22.935990289873917], [-43.17404231096177, -22.93558373541845], [-43.17354726968827, -22.93647130760753], [-43.17397499960335, -22.935769602092886], [-43.174346675475675, -22.9354887075449]]"
Rua Miguel Pereira,Humaitá,"[[-43.1970009787177, -22.955521242937003], [-43.19764919815086, -22.955096802526647], [-43.19766045652877, -22.95562603600285], [-43.19823702778448, -22.95479636610286], [-43.19771907412077, -22.955507886060623]]"
Rua Ministro Raul Machado,Leblon,"[[-43.22082443264186, -22.987920312657042], [-43.221510911784556, -22.98845455436474], [-43.22132354254474, -22.988087695534425], [-43.22170461739184, -22.9875780406177], [-43.22189367403918, -22.987682097304933]]"
Rua Lírio da Paz,Urca,"[[-43.16387271074702, -22.95623109656992], [-43.16436806525849, -22.956101908407337], [-43.16483669412876, -22.955271328526578], [-43.165629744001464, -22.95447969706346], [-43.16481577296459, -22.95416657165866]]"
Rua Major Rubens Vaz,Gávea,"[[-43.22732570934935, -22.975882699837506], [-43.2277225356096, -22.975529059750247], [-43.22811506551715, -22.97615245470041], [-43.22882732958446, -22.976966419881887], [-43.22898144249698, -22.977757099001195]]"
Rua Marechal Francisco de Moura,Botafogo,"[[-43.184439426302895, -22.954118077400963], [-43.18524420622668, -22.954723711437026], [-43.184396743434924, -22.955390014280614], [-43.18468861431021, -22.95474707177506], [-43.18461406296287, -22.954435430240405]]"
Rua José Joaquim Seabra,Jardim Botânico,"[[-43.221403391788776, -22.96422759590964], [-43.2214922582248, -22.965149583068115], [-43.22135326370776, -22.964367635298732], [-43.22037001502184, -22.963702853215327], [-43.21998645974356, -22.96437562080705]]"
Rua Julieta Niemeyer,São Conrado,"[[-43.18107992832966, -22.968186395596284], [-43.180482816653395, -22.96869916601232], [-43.179921418045055, -22.9694851077439], [-43.18015575125552, -22.96866471549561], [-43.180295465791325, -22.968403444905643]]"
Rua São Clemente,Humaitá,"[[-43.192382940615, -22.954427222277296], [-43.19303337804525, -22.95354572055883], [-43.192558515162396, -22.952796233259516], [-43.19342394593655, -22.953290558458136], [-43.19259952946299, -22.953754563924367]]"
Rua Inhangá,Copacabana,"[[-43.18138367106655, -22.968957085893347], [-43.181633028375, -22.96990084288079], [-43.18234083524392, -22.969647336183705], [-43.1828707726463, -22.96900132903481], [-43.18306037836115, -22.968696766809174]]"
Rua Joaquim Campos Porto,Jardim Botânico,"[[-43.21754261343572, -22.96789852320047], [-43.216903259430154, -22.968359263182936], [-43.217480396914155, -22.96736056258199], [-43.21715467733888, -22.967830221099625], [-43.2163230486425, -22.966899323830425]]"
Rua Getúlio das Neves,Jardim Botânico,"[[-43.21713537089477, -22.9671855248814], [-43.21780791297901, -22.966256818413328], [-43.218607602984, -22.96665797216372], [-43.21797569140517, -22.967114536965923], [-43.218798897470876, -22.96735790575159]]"
Rua Herbert Moses,São Conrado,"[[-43.18270303432156, -22.970321898428445], [-43.18173068072699, -22.970988821401452], [-43.18216772612209, -22.970347123382926], [-43.18305447500733, -22.971206985991483], [-43.1828929378401, -22.971966229692473]]"
Rua Engenheiro Álvaro Niemeyer,São Conrado,"[[-43.18252468028084, -22.969042327105264], [-43.182060934806266, -22.96862516001373], [-43.18233850268832, -22.96927723260192], [-43.18319710947195, -22.969002628288845], [-43.183127510539386, -22.96927954791332]]"
Rua Eurico Cruz,Jardim Botânico,"[[-43.2204075962896, -22.963103659457314], [-43.220216766686356, -22.962510878012075], [-43.220394881581655, -22.96173768712907], [-43.22013484422042, -22.961529078289427], [-43.22084622013304, -22.961694312405825]]"
Rua Fadel Fadel,Leblon,"[[-43.22328115052657, -22.98355879441453], [-43.222809079725714, -22.984135780915967], [-43.22279699034089, -22.984495748689792], [-43.22187749889797, -22.985170726559197], [-43.221149919652035, -22.98446756375916]]"
Rua Doutor Girondino Estêves,Jardim Botânico,"[[-43.22294828598445, -22.967136743067663], [-43.22277508250964, -22.968096797202506], [-43.22273905181183, -22.96818600739201], [-43.22289367857251, -22.969171081111174], [-43.223008291168576, -22.96873494478877]]"
Rua Doutor Marques Canário,Leblon,"[[-43.22116941255728, -22.98392114797311], [-43.22169597160557, -22.98449962177425], [-43.22103609241915, -22.984243560845112], [-43.22151949156089, -22.984412305281055], [-43.22118095497739, -22.983678282067235]]"
Rua Elmano Cardim,Urca,"[[-43.16223918421961, -22.95677446119238], [-43.16124789386626, -22.957056976171295], [-43.16127612265388, -22.95709660914077], [-43.16044261064764, -22.956964905565947], [-43.16054035050805, -22.95636326936623]]"
Rua Engenheiro Amandino de Carvalho,São Conrado,"[[-43.184046105363294, -22.97114579770779], [-43.18455446818925, -22.97121792518088], [-43.184883654562256, -22.970388240881178], [-43.184817543982064, -22.96948371285211], [-43.18473166309308, -22.969220624094756]]"
Rua Tavares Bastos,Laranjeiras,"[[-43.1870622757349, -22.938505123326333], [-43.18650630579176, -22.93861137493593], [-43.187177173674904, -22.93917043397393], [-43.186324002908464, -22.939357769512004], [-43.186486155658876, -22.93893692588198]]"
Rua Teodor Herzl,Botafogo,"[[-43.18430155617183, -22.948992544621742], [-43.1841299393834, -22.949421736484815], [-43.183198266045785, -22.95020277175268], [-43.182902205409675, -22.950853201776912], [-43.18246708264438, -22.951362292851833]]"
Rua Tereza Aragão,Ipanema,"[[-43.20164518543629, -22.98271300323847], [-43.20198335590473, -22.98355574981649], [-43.2010073279806, -22.984059174857226], [-43.20054210258212, -22.98428039529789], [-43.20111794010717, -22.983910944970127]]"
Rua Urbano Santos,Urca,"[[-43.164594049606094, -22.955533236330442], [-43.16383526349248, -22.95649393336495], [-43.16415212271842, -22.95556271370219], [-43.16513793909287, -22.955885699943337], [-43.16448705930137, -22.955525198566676]]"
Rua Vicente de Sousa,Botafogo,"[[-43.18460225550987, -22.95015950050017], [-43.18435716152895, -22.951069779384916], [-43.18461971121801, -22.95145194393923], [-43.18399784083267, -22.950912481102637], [-43.18310353496066, -22.951111767848957]]"
Rua Conselheiro Lafaiete,Ipanema,"[[-43.201614806040865, -22.983496736412615], [-43.202439972425125, -22.982681213925314], [-43.20178890274209, -22.981808227262693], [-43.202387080062714, -22.98122560583407], [-43.201686814593344, -22.98061536741656]]"
Rua Coronel Ribeiro Gomes,São Conrado,"[[-43.18430054448052, -22.973800839121605], [-43.18414895953828, -22.9737256768455], [-43.18511502127964, -22.9734353766789], [-43.18602584509417, -22.972514643129657], [-43.18699781605912, -22.97322851922421]]"
Rua Cruzeiro do Sul,Catete,"[[-43.17636405518912, -22.924504317003517], [-43.17628002459216, -22.9254777545966], [-43.176282088703715, -22.92555862864159], [-43.175913217981574, -22.92641420227092], [-43.17538292028185, -22.9264077614412]]"
Rua Desembargador Alfredo Russel,Leblon,"[[-43.22366568182737, -22.984910458275536], [-43.22343944934923, -22.984165669148826], [-43.222514773234266, -22.984851261381714], [-43.223368976330526, -22.984814530455044], [-43.2238625785165, -22.984560864646213]]"
Rua Clotilde Guimarães,Botafogo,"[[-43.18528878281385, -22.94902631586487], [-43.184781831602955, -22.949116402105414], [-43.18468800057537, -22.94985146079273], [-43.18550905432975, -22.949758965592466], [-43.184802484732614, -22.949922997421453]]"
Rua Bonfim,Copacabana,"[[-43.18412382713799, -22.969955674703513], [-43.18486602196784, -22.969206142578404], [-43.18566369072862, -22.96876614897315], [-43.18595155613038, -22.968519873265652], [-43.18648417523273, -22.967942045339722]]"
Rua Capitão César de Andrade,Leblon,"[[-43.21945793179263, -22.984518038301328], [-43.21872474041544, -22.985264434703076], [-43.219470519433706, -22.985077284194247], [-43.220148798846736, -22.985222200483527], [-43.2196310625779, -22.984821504705796]]"
Rua Cardoso Júnior,Botafogo,"[[-43.18268302175069, -22.950012249663843], [-43.18178246330347, -22.949985213930358], [-43.18199408231427, -22.949913835989445], [-43.18200811689335, -22.94921742973234], [-43.18202749191453, -22.94927362471121]]"
Rua Barão de Macaúbas,Botafogo,"[[-43.186300200840776, -22.95247888004536], [-43.186154655821305, -22.95249502399728], [-43.185566745651876, -22.953018349576023], [-43.18589865455504, -22.953045384044557], [-43.18642096423423, -22.95383174205863]]"
Rua Belisário Távora,Laranjeiras,"[[-43.18803596325007, -22.938086844263797], [-43.18896564474953, -22.938472668777077], [-43.18887742750165, -22.93882637834252], [-43.1891643096593, -22.93872295359848], [-43.188233273822824, -22.938828348085973]]"
Rua Aparício Borges,Laranjeiras,"[[-43.188053412323775, -22.9376391977356], [-43.1886414359554, -22.937120157438166], [-43.1895991363087, -22.936701565183885], [-43.1890474061783, -22.936863699227917], [-43.188919931975406, -22.937186233316368]]"
Rua Alegrete,Laranjeiras,"[[-43.18568474413075, -22.938786325380388], [-43.18493594806733, -22.939389932607543], [-43.18449058091838, -22.939684874124943], [-43.18367875757591, -22.94004642352937], [-43.18432171799736, -22.940793149278335]]"
Rua Almirante Salgado,Laranjeiras,"[[-43.18513740170673, -22.93792411889179], [-43.18538488304807, -22.936971139569494], [-43.18529523369673, -22.936124567527465], [-43.18489043625457, -22.936585082595716], [-43.18391218561635, -22.936267278982566]]"
Praça Felix Laranjeiras,Urca,"[[-43.16531812376782, -22.95768785746982], [-43.1643192024057, -22.958680020719918], [-43.16374575637623, -22.95807547332562], [-43.16414562221042, -22.958056021175047], [-43.164576272732724, -22.95875349260612]]"
Praça Nicarágua,Botafogo,"[[-43.18783509824066, -22.95166202926658], [-43.18863043388159, -22.95262597124866], [-43.18776404804749, -22.952804973821266], [-43.18716039624774, -22.952530168858846], [-43.18743706408135, -22.952597419669836]]"
Praça Nosa Senhora Auxiliadora,Leblon,"[[-43.22369129141441, -22.984101039825834], [-43.22371654179857, -22.98407651869808], [-43.22282416801058, -22.98382633559271], [-43.222743733477024, -22.983666792709183], [-43.22361791852499, -22.984566146843314]]"
Praça Praia Nova,Botafogo,"[[-43.18396001817604, -22.95043988262658], [-43.18328786037445, -22.951167770157717], [-43.18368550920045, -22.951858198088026], [-43.1839408950033, -22.952360244289704], [-43.18396299315042, -22.952850916757924]]"
Praça Tomás Santa Rosa,Urca,"[[-43.16514691174167, -22.95766444189923], [-43.16489522935171, -22.95855879011141], [-43.16422234987696, -22.959449771556585], [-43.164168334627796, -22.959425894295222], [-43.164826707215184, -22.959302705279796]]"
Ponte Arquiteto Paulo Casé,Ipanema,"[[-43.20573929334436, -22.982839021505068], [-43.20479905957152, -22.983606358050803], [-43.20419366476085, -22.984562394421182], [-43.20459923653316, -22.983986324122032], [-43.205307979239755, -22.98471507089002]]"
Ponto Final: General Osório :: Rua Visconde de Pirajá,Ipanema,"[[-43.20137511296561, -22.98170352595449], [-43.2020634098925, -22.981319671227958], [-43.20137902243076, -22.981832785994428], [-43.20223397779685, -22.98241417384276], [-43.20242892508587, -22.982007613734673]]"
Praia da Urca,Urca,"[[-43.16031286059648, -22.957457486133247], [-43.16063843561567, -22.957940371605968], [-43.16153598702286, -22.9581358507786], [-43.16228935004071, -22.95814281993414], [-43.162587930464724, -22.95834087928076]]"
Largo Ibam,Botafogo,"[[-43.18610069287572, -22.953979522705662], [-43.18679787198785, -22.9542328163836], [-43.18638341533118, -22.953635909373496], [-43.186649971513994, -22.9542551458009], [-43.18639355831981, -22.955043535751187]]"
Largo Ibam,Humaitá,"[[-43.1956585687025, -22.954315907551873], [-43.19483588507006, -22.954158779687315], [-43.195486888097264, -22.954050581126523], [-43.1948005983672, -22.954293174415362], [-43.194499149598535, -22.954004748383383]]"
Largo Ibrahim Sued,Copacabana,"[[-43.18513090484048, -22.964981244569323], [-43.18464988579804, -22.964892992565396], [-43.1844364533941, -22.96437913887514], [-43.183841612286216, -22.965045564204775], [-43.18466934074312, -22.964605341537744]]"
Marechal Cantuária,Urca,"[[-43.16589151344676, -22.95597513772572], [-43.165791759604446, -22.9561744779889], [-43.165464778914185, -22.955935312803245], [-43.166033853099634, -22.95526273017704], [-43.16533077875584, -22.956021766532164]]"
Rua da Caixa d'água (NR),Copacabana,"[[-43.18269474036466, -22.96544477062361], [-43.18349998690644, -22.964481927773765], [-43.18322353807636, -22.964875796251416], [-43.1823667929724, -22.96517578251447], [-43.18226796930828, -22.966044530338117]]"
Rua das Flores,Botafogo,"[[-43.18611260143488, -22.953366002660008], [-43.18672271589694, -22.952678641600677], [-43.18659740505114, -22.95202490590633], [-43.18617019031861, -22.951500530883944], [-43.186032564845746, -22.952085507893173]]"
Rua das Flores,Urca,"[[-43.16328670939939, -22.95220045537866], [-43.16350784003923, -22.952914884105322], [-43.16386839834055, -22.95201147929254], [-43.163105896977186, -22.951275282972805], [-43.16393938166109, -22.95157490992414]]"
Rua Álvaro Americano,Gávea,"[[-43.230344070910434, -22.973902458314456], [-43.22978825209694, -22.97393192482977], [-43.229901997406294, -22.974167198167645], [-43.23016731637574, -22.974414817230105], [-43.22954971748674, -22.974362924076303]]"
Jardim Juíza Cristiane Tomaz Buosi,Botafogo,"[[-43.186683363322175, -22.950875636047343], [-43.18581653706813, -22.95132059043754], [-43.18566216371568, -22.950873521290877], [-43.186603564829475, -22.950578081182037], [-43.18658454708303, -22.950341875250913]]"
Jardim Juíza Cristiane Tomaz Buosi,Humaitá,"[[-43.196839964598325, -22.95851115661372], [-43.19702256547378, -22.957609667187295], [-43.197917145894074, -22.957676300875633], [-43.197482782999984, -22.958601168416546], [-43.19746537103155, -22.958524979088303]]"
Jardim de Alah,Ipanema,"[[-43.20586039153803, -22.985390580525348], [-43.20628783181381, -22.985469156182653], [-43.205997356524705, -22.985974230220187], [-43.205348322385106, -22.98567228672975], [-43.206202152203055, -22.985836869595804]]"
Ladeira do Leme,Botafogo,"[[-43.18404157749119, -22.951322448548602], [-43.18400516602683, -22.952307732889352], [-43.18386670560265, -22.953232675574288], [-43.18292986734165, -22.952391133875015], [-43.18301345773114, -22.952310028524238]]"
Ladeira do Leme,Copacabana,"[[-43.18290564653399, -22.97011060432277], [-43.18296603789109, -22.97063011428584], [-43.18280174828546, -22.970719183141828], [-43.18347320738655, -22.971005642161128], [-43.18281280161786, -22.97099820329195]]"
Ciclovia Tim Maia,São Conrado,"[[-43.179726754572506, -22.968486861863447], [-43.18064791940227, -22.96906816506468], [-43.17999269887957, -22.96858554764798], [-43.179213026091396, -22.967649818516076], [-43.17915292141297, -22.967448748979663]]"
Condomínio Bairro Abrunhosa,Botafogo,"[[-43.184528976599495, -22.952142311489602], [-43.18404370462013, -22.952027807822965], [-43.18391379940483, -22.95246827396119], [-43.18408646835766, -22.95329198947441], [-43.1836996666508, -22.952791667808498]]"
Espaço Mario de Andrade,Urca,"[[-43.164022817517356, -22.955010864204954], [-43.163308917257616, -22.955129657976837], [-43.16254403487492, -22.95476123982646], [-43.16179731263924, -22.9553542176098], [-43.16102011407836, -22.956234693061443]]"
Espaço Pela Paz,Laranjeiras,"[[-43.185155858873664, -22.93602746853981], [-43.185451396923526, -22.936931905810447], [-43.185659287968654, -22.93621876183308], [-43.18580969960599, -22.936820448037885], [-43.18497886720306, -22.9370493430349]]"
Estrada do Cantagalo,Copacabana,"[[-43.18290833481234, -22.96456977659967], [-43.18338378616871, -22.96545330093803], [-43.18406998092042, -22.965581159977592], [-43.18353628312478, -22.964686029724945], [-43.183354674057746, -22.965149455324088]]"
Estrada do Cantagalo,Ipanema,"[[-43.20390884664317, -22.981110187904946], [-43.20378455713552, -22.98056088266536], [-43.20455507321884, -22.980455474885268], [-43.204496005988794, -22.981203199569237], [-43.20545393218387, -22.98166547647928]]"
Ciclofaixa Rua Pinheiro Machado,Laranjeiras,"[[-43.187564837235236, -22.935528338953375], [-43.18759641095654, -22.93459070957222], [-43.18749303502092, -22.935463506699463], [-43.18649933645236, -22.93478131435823], [-43.186858738967366, -22.93492062801085]]"
Ciclovia Mané Garrincha,Flamengo,"[[-43.17696571345491, -22.9360074265098], [-43.1772711365063, -22.936925261779887], [-43.176898954198414, -22.937394804734883], [-43.17736285982366, -22.936497223739497], [-43.178252140189784, -22.935874291861193]]"
BRS 3 Siqueira Campos,Copacabana,"[[-43.181101892316654, -22.964895802053217], [-43.18045409955341, -22.964579902230806], [-43.17951621075906, -22.964284862639666], [-43.1786668935399, -22.963856946743935], [-43.17943276471394, -22.963822682959915]]"
Avenida Rui Barbosa,Botafogo,"[[-43.185405041636834, -22.95134503912494], [-43.186384947674725, -22.951099888329274], [-43.1864022868109, -22.951710207345965], [-43.18663506873019, -22.950809200222785], [-43.18620567655218, -22.950960456170677]]"
Avenida São Sebastião,Urca,"[[-43.16469380120685, -22.955535101626594], [-43.16543253244374, -22.954603058708333], [-43.166380854499295, -22.9548593851392], [-43.16581991222253, -22.955415826155335], [-43.16665978541747, -22.956013475690757]]"
BRS 1 Figueiredo Magalhães,Copacabana,"[[-43.180854244782616, -22.969991403073443], [-43.18002396714181, -22.969448456383724], [-43.17965761601533, -22.968739425511902], [-43.179091918779356, -22.9696347597973], [-43.17849375448781, -22.96894373817562]]"
BRS 1 Miguel Lemos,Copacabana,"[[-43.18133702314156, -22.96542802014587], [-43.18202563794605, -22.96446649779709], [-43.182602041646284, -22.965015168630988], [-43.183228227053384, -22.964430089095746], [-43.18223110544021, -22.9652967694361]]"
Avenida Nossa Senhora de Copacabana,Ipanema,"[[-43.201950307241454, -22.984207798950695], [-43.20114704478248, -22.984098557968274], [-43.20212884841992, -22.983246171995443], [-43.202628130960775, -22.984095347643457], [-43.201851586567756, -22.98375671681073]]"
Travessa Pinto da Rocha,Laranjeiras,"[[-43.18597019899671, -22.937969000883225], [-43.18643300113089, -22.937034344660518], [-43.18726076890987, -22.937044692757315], [-43.18725520202618, -22.93692641944439], [-43.18737106959994, -22.93763754647608]]"
Aleia,Jardim Botânico,"[[-43.222949026528354, -22.964486073987427], [-43.22252299794463, -22.963964062021528], [-43.22341712607349, -22.964231489249116], [-43.222506775752535, -22.963721624169544], [-43.22285972652506, -22.9642413209775]]"
Vila do Pinheiro,Flamengo,"[[-43.17726283633923, -22.938770951632115], [-43.177142604373216, -22.938376925604246], [-43.1773021051696, -22.93860400047559], [-43.17829037571383, -22.93847977871034], [-43.177527859578305, -22.939322758973436]]"